48203.45,48282.35,48134.9,48152.95,01-01-2024 09:15
48157.45,48192.4,48141.7,48185.8,01-01-2024 09:20
48185.7,48200.6,48176.8,48184.25,01-01-2024 09:25
48183.45,48230.8,48166.8,48226.2,01-01-2024 09:30
48227.45,48262.9,48204.85,48204.85,01-01-2024 09:35
48201.9,48224.55,48189.2,48207.55,01-01-2024 09:40
48208.6,48234.05,48184.85,48229.4,01-01-2024 09:45
48227.55,48306.3,48221.3,48294.45,01-01-2024 09:50
48296.25,48318.95,48262.4,48292.25,01-01-2024 09:55
48293.35,48309.2,48273.95,48276.9,01-01-2024 10:00
48280.75,48291.35,48235.55,48268.2,01-01-2024 10:05
48268.65,48272.2,48243.35,48250.5,01-01-2024 10:10
48249,48264.25,48235.95,48249.5,01-01-2024 10:15
48249.4,48260.2,48220.05,48231.1,01-01-2024 10:20
48231.95,48264.25,48227.55,48264.25,01-01-2024 10:25
48263.6,48283.75,48247.65,48274.6,01-01-2024 10:30
48275.15,48298.85,48253.3,48295.55,01-01-2024 10:35
48294.65,48340.05,48287.7,48319.85,01-01-2024 10:40
48330.05,48343.95,48311.35,48327.8,01-01-2024 10:45
48328.45,48343.1,48315.6,48330.3,01-01-2024 10:50
48332,48335.35,48307.2,48319,01-01-2024 10:55
48322.25,48341.9,48302.45,48306.05,01-01-2024 11:00
48305.7,48360.6,48303.6,48346.7,01-01-2024 11:05
48348.15,48368.65,48328,48332.5,01-01-2024 11:10
48329.2,48337.25,48300.2,48314.7,01-01-2024 11:15
48313.05,48325.2,48310.5,48316.3,01-01-2024 11:20
48316.7,48335.3,48307,48333.7,01-01-2024 11:25
48335.4,48339.65,48309.55,48312.85,01-01-2024 11:30
48313.3,48323.35,48288,48311.85,01-01-2024 11:35
48307.75,48326.15,48302.8,48308.2,01-01-2024 11:40
48307.2,48323.45,48303.85,48316.2,01-01-2024 11:45
48316.8,48338.5,48312.05,48325.65,01-01-2024 11:50
48327.55,48333.25,48314.45,48324.4,01-01-2024 11:55
48325.9,48327.8,48295.1,48303.5,01-01-2024 12:00
48302.35,48329.15,48287.55,48325.5,01-01-2024 12:05
48320.95,48361.15,48320.85,48354.8,01-01-2024 12:10
48350.95,48362.2,48305.75,48311.25,01-01-2024 12:15
48311.6,48315.6,48295,48301.8,01-01-2024 12:20
48302.4,48312.4,48286.8,48295.8,01-01-2024 12:25
48300.45,48321.8,48275.3,48317.65,01-01-2024 12:30
48318.65,48319.8,48296.9,48307.45,01-01-2024 12:35
48310.55,48316.15,48293.15,48311.45,01-01-2024 12:40
48315.85,48327.95,48299.45,48312.1,01-01-2024 12:45
48311.5,48322.05,48297.5,48320.15,01-01-2024 12:50
48319.6,48323.75,48297.5,48312.75,01-01-2024 12:55
48311.85,48327.9,48294.4,48319.85,01-01-2024 13:00
48318.6,48334.25,48305.45,48313.65,01-01-2024 13:05
48316.55,48321.75,48301.55,48307.7,01-01-2024 13:10
48311.2,48314.9,48283.5,48293.75,01-01-2024 13:15
48298.05,48310.55,48291.35,48302.3,01-01-2024 13:20
48301.75,48316.25,48294.05,48308.55,01-01-2024 13:25
48307.55,48319.7,48300.8,48308.2,01-01-2024 13:30
48310.35,48334.9,48298.8,48300.5,01-01-2024 13:35
48298.2,48325.2,48296.85,48296.85,01-01-2024 13:40
48306.9,48324.6,48296.25,48319.55,01-01-2024 13:45
48319.4,48332.8,48292.6,48312.6,01-01-2024 13:50
48311.75,48336.75,48299.9,48333.7,01-01-2024 13:55
48330.05,48351,48320.55,48342,01-01-2024 14:00
48340.25,48369.9,48321.1,48327.2,01-01-2024 14:05
48329.6,48364.15,48313.3,48357,01-01-2024 14:10
48352.6,48404.2,48344.55,48382.45,01-01-2024 14:15
48387.5,48435.8,48383,48427.9,01-01-2024 14:20
48425.35,48439.9,48394.1,48416.5,01-01-2024 14:25
48410.2,48423.1,48379.9,48405.8,01-01-2024 14:30
48407.25,48422.55,48372.9,48384.95,01-01-2024 14:35
48385.4,48450,48380.05,48437.25,01-01-2024 14:40
48436.15,48437.8,48399.3,48429.05,01-01-2024 14:45
48429.55,48431.85,48398.05,48400.8,01-01-2024 14:50
48402.1,48414.35,48395.15,48406.2,01-01-2024 14:55
48404.85,48435,48318.2,48376.05,01-01-2024 15:00
48376.05,48376.05,48192.85,48194.4,01-01-2024 15:05
48191.65,48234.15,48164.15,48213.65,01-01-2024 15:10
48217.25,48240.1,48170.25,48184.3,01-01-2024 15:15
48187.75,48193.8,48057.65,48064.4,01-01-2024 15:20
48065.75,48079.45,48044.15,48064.3,01-01-2024 15:25
48194.8,48211.9,48068.05,48085.6,02-01-2024 09:15
48084.75,48132.35,48074,48086.05,02-01-2024 09:20
48088.65,48193.2,48085.35,48180.15,02-01-2024 09:25
48177.35,48186.95,48134.3,48145.05,02-01-2024 09:30
48145.65,48207.4,48128.6,48206.9,02-01-2024 09:35
48204.6,48223.55,48169.4,48178.35,02-01-2024 09:40
48178.6,48193.85,48160.8,48182.3,02-01-2024 09:45
48187.8,48191.3,48127.95,48131.7,02-01-2024 09:50
48131.9,48137.3,47892.85,47927.35,02-01-2024 09:55
47924.55,47990.8,47900.6,47972.1,02-01-2024 10:00
47974.35,48029.8,47971,48002.35,02-01-2024 10:05
48002.6,48013.7,47922.35,47968.65,02-01-2024 10:10
47967.6,47984.55,47928.6,47949.25,02-01-2024 10:15
47945.5,47968.2,47912.45,47913.2,02-01-2024 10:20
47917.85,47932,47861.7,47879.95,02-01-2024 10:25
47879.95,47940.45,47877.8,47908.7,02-01-2024 10:30
47904.05,47917.45,47814.75,47831.65,02-01-2024 10:35
47826.65,47899.5,47818.45,47894.45,02-01-2024 10:40
47893.55,47931.2,47880.85,47929.2,02-01-2024 10:45
47929.35,47944.75,47894.35,47904,02-01-2024 10:50
47905.3,47920.5,47867.75,47894.75,02-01-2024 10:55
47891.8,47903.1,47854.3,47876.45,02-01-2024 11:00
47879.5,47888.6,47855.6,47870.9,02-01-2024 11:05
47870.15,47878.4,47850.65,47861.65,02-01-2024 11:10
47859.95,47892.7,47835.45,47882.3,02-01-2024 11:15
47882.6,47928.05,47875,47919.85,02-01-2024 11:20
47922.85,47923.9,47873.45,47886.65,02-01-2024 11:25
47889.3,47896,47863.25,47873.75,02-01-2024 11:30
47874.85,47965.1,47857.1,47945.1,02-01-2024 11:35
47949.15,47960.75,47830.55,47891.3,02-01-2024 11:40
47889.65,47893.05,47873.95,47875.95,02-01-2024 11:45
47878.25,47894.05,47868.2,47885.4,02-01-2024 11:50
47889.45,47890.4,47866,47881.65,02-01-2024 11:55
47879.65,47898.85,47861.75,47867.8,02-01-2024 12:00
47869.4,47892.95,47853.5,47891.25,02-01-2024 12:05
47892.7,47908.1,47857.05,47859.6,02-01-2024 12:10
47865.5,47928.2,47855.7,47914,02-01-2024 12:15
47912.25,47913.85,47873.9,47895.9,02-01-2024 12:20
47890.9,47903.75,47876.1,47876.1,02-01-2024 12:25
47875.9,47902.35,47874.45,47896.8,02-01-2024 12:30
47899.8,47906.05,47884.5,47894.15,02-01-2024 12:35
47894.25,47905.1,47869,47879.35,02-01-2024 12:40
47879.7,47892.95,47865.3,47866.7,02-01-2024 12:45
47865.35,47904.2,47856.45,47893.75,02-01-2024 12:50
47892.2,47908.85,47865.55,47879.1,02-01-2024 12:55
47876.45,47883,47765.05,47796.9,02-01-2024 13:00
47795.9,47870.65,47792.15,47853.55,02-01-2024 13:05
47849.6,47874.8,47830.3,47831.75,02-01-2024 13:10
47834.05,47852.55,47826,47831.25,02-01-2024 13:15
47830.5,47839,47810.85,47837.25,02-01-2024 13:20
47837.9,47845,47815.75,47841.75,02-01-2024 13:25
47843.4,47873.3,47823.25,47869.8,02-01-2024 13:30
47869.35,47869.35,47810.65,47816.95,02-01-2024 13:35
47815.45,47857.55,47808.15,47825.95,02-01-2024 13:40
47826.75,47841.65,47812.4,47832.45,02-01-2024 13:45
47829.85,47846.35,47798.2,47837.85,02-01-2024 13:50
47837.4,47838.1,47815.6,47823.75,02-01-2024 13:55
47819.25,47856.45,47800.55,47825.1,02-01-2024 14:00
47822.3,47845.2,47818.8,47843.5,02-01-2024 14:05
47842.9,47874.8,47841.15,47867.8,02-01-2024 14:10
47868.15,47870.25,47807.45,47817.05,02-01-2024 14:15
47815.2,47831.35,47808.65,47819.85,02-01-2024 14:20
47817.6,47847.9,47815.3,47847.75,02-01-2024 14:25
47848.2,47858.6,47832.6,47853.75,02-01-2024 14:30
47853.5,47875.3,47836.1,47873.2,02-01-2024 14:35
47872.05,47889.3,47833.75,47843.35,02-01-2024 14:40
47841.7,47869.45,47837.35,47858.6,02-01-2024 14:45
47857.05,47875.25,47831.1,47832.5,02-01-2024 14:50
47836.55,47856.55,47823.95,47840.35,02-01-2024 14:55
47834.75,47881.95,47834.75,47876.35,02-01-2024 15:00
47879.2,47881.05,47702.75,47719.2,02-01-2024 15:05
47719.85,47761.35,47689.8,47754.45,02-01-2024 15:10
47757.25,47777.55,47723.2,47736.05,02-01-2024 15:15
47736.75,47761.25,47716.15,47731.1,02-01-2024 15:20
47737.25,47740.15,47697.6,47710.55,02-01-2024 15:25
47796.3,47798.75,47522.95,47561.75,03-01-2024 09:15
47562.9,47587.3,47511.1,47542.9,03-01-2024 09:20
47543.75,47591.25,47527.7,47584.1,03-01-2024 09:25
47590.25,47604.35,47547.8,47552.3,03-01-2024 09:30
47548.35,47564.9,47502.8,47524,03-01-2024 09:35
47524.95,47538.45,47488.95,47497.1,03-01-2024 09:40
47489.4,47540.55,47481.35,47540.55,03-01-2024 09:45
47535.8,47567.45,47520.45,47537.25,03-01-2024 09:50
47539.5,47578.05,47532.15,47572.55,03-01-2024 09:55
47574,47631.55,47529.15,47598,03-01-2024 10:00
47601.2,47601.2,47515.8,47562.45,03-01-2024 10:05
47566.25,47591.55,47559.95,47577.45,03-01-2024 10:10
47576.15,47593.85,47546.65,47555.15,03-01-2024 10:15
47548.8,47558.95,47532.85,47552.4,03-01-2024 10:20
47553.95,47628.8,47553.3,47592.3,03-01-2024 10:25
47590.1,47654.25,47586.2,47646.75,03-01-2024 10:30
47654.05,47675.55,47628.35,47645.3,03-01-2024 10:35
47643.6,47648.7,47607.55,47639,03-01-2024 10:40
47637.75,47652.6,47629.05,47630.2,03-01-2024 10:45
47629.25,47645,47607.85,47637.8,03-01-2024 10:50
47635.95,47690.05,47634.3,47641.75,03-01-2024 10:55
47640.2,47664.45,47632.4,47656.15,03-01-2024 11:00
47655.05,47672.65,47649.2,47660.95,03-01-2024 11:05
47659.7,47686.3,47643.35,47669.85,03-01-2024 11:10
47670.9,47692.95,47641.7,47674.65,03-01-2024 11:15
47671,47694.1,47656,47675.6,03-01-2024 11:20
47679,47698.85,47657.45,47665.5,03-01-2024 11:25
47665.45,47676.7,47644.9,47667.15,03-01-2024 11:30
47667.7,47681.75,47660.05,47668.7,03-01-2024 11:35
47673.3,47760.95,47665.75,47746.75,03-01-2024 11:40
47747.1,47780.15,47737.35,47763.65,03-01-2024 11:45
47764.25,47784.85,47746.3,47762.6,03-01-2024 11:50
47764.15,47764.25,47722.7,47735.9,03-01-2024 11:55
47736.8,47765.1,47723.35,47735,03-01-2024 12:00
47736.05,47742.75,47672.25,47680.85,03-01-2024 12:05
47681.55,47695.5,47654.25,47684.85,03-01-2024 12:10
47689.85,47693.5,47660.75,47686.7,03-01-2024 12:15
47684.95,47688.85,47591.5,47597.55,03-01-2024 12:20
47598.95,47616.95,47555.45,47602.65,03-01-2024 12:25
47603,47630.25,47593.35,47606.65,03-01-2024 12:30
47609.9,47629.95,47600.7,47623.1,03-01-2024 12:35
47625.1,47647.35,47618,47631.8,03-01-2024 12:40
47632.85,47648.35,47623.35,47638.15,03-01-2024 12:45
47641.7,47677.6,47632.45,47671.8,03-01-2024 12:50
47672,47698.85,47663.35,47694.6,03-01-2024 12:55
47696.05,47725.25,47674.5,47725.15,03-01-2024 13:00
47722.75,47729.4,47697.35,47716.8,03-01-2024 13:05
47719.55,47744.35,47702.35,47734.65,03-01-2024 13:10
47735.55,47754.35,47714.85,47719.55,03-01-2024 13:15
47720.65,47734.8,47706.35,47732.75,03-01-2024 13:20
47734.5,47743.6,47724.55,47739.55,03-01-2024 13:25
47738.5,47753,47701.75,47728.75,03-01-2024 13:30
47733,47760.9,47724.6,47749.6,03-01-2024 13:35
47752.9,47760.2,47720.8,47723.3,03-01-2024 13:40
47726.7,47736.85,47694.7,47722.8,03-01-2024 13:45
47724.5,47728.2,47691,47703.05,03-01-2024 13:50
47703.05,47723.95,47683.85,47701.65,03-01-2024 13:55
47699.8,47731.2,47699.8,47728.6,03-01-2024 14:00
47732.75,47776.15,47723.05,47766.1,03-01-2024 14:05
47768.7,47785.35,47740.65,47749.75,03-01-2024 14:10
47748.35,47748.35,47711.05,47722.25,03-01-2024 14:15
47721.05,47751.6,47714.25,47738.35,03-01-2024 14:20
47734.55,47740.65,47705,47721.8,03-01-2024 14:25
47725.25,47743.75,47709.25,47718.3,03-01-2024 14:30
47720.45,47720.45,47690.5,47705.65,03-01-2024 14:35
47709.5,47732.45,47681.35,47694.25,03-01-2024 14:40
47689.4,47719.4,47681.45,47695.85,03-01-2024 14:45
47698.4,47745.7,47683.1,47735.05,03-01-2024 14:50
47733.35,47753.4,47715.95,47724.9,03-01-2024 14:55
47732.05,47740.65,47692.5,47710.25,03-01-2024 15:00
47710,47713.45,47657.1,47679.6,03-01-2024 15:05
47682.35,47735.55,47667.05,47718.9,03-01-2024 15:10
47717.35,47747.65,47676.75,47715.8,03-01-2024 15:15
47710.7,47760.2,47709.25,47726.75,03-01-2024 15:20
47725.2,47777.9,47720.05,47738.55,03-01-2024 15:25
47805.4,47852.5,47738.15,47847.05,04-01-2024 09:15
47849.95,47860,47807.1,47816.15,04-01-2024 09:20
47813.05,47851.7,47795.5,47846.15,04-01-2024 09:25
47845.15,47883.35,47838.65,47838.65,04-01-2024 09:30
47840.7,47906.45,47806.4,47878.15,04-01-2024 09:35
47883,47899.8,47866.7,47892.85,04-01-2024 09:40
47891.8,47914.55,47870.45,47883,04-01-2024 09:45
47883.05,47892.2,47840.85,47861.5,04-01-2024 09:50
47861.95,47916.45,47856.45,47899.9,04-01-2024 09:55
47897.65,47963.15,47897.65,47952.55,04-01-2024 10:00
47957.8,47969.85,47926.75,47954.9,04-01-2024 10:05
47955.85,47993.65,47949.75,47973,04-01-2024 10:10
47972.55,47991.45,47972.25,47981.65,04-01-2024 10:15
47983.3,48026.25,47972.1,47981.35,04-01-2024 10:20
47981.95,47982.2,47941.4,47970.55,04-01-2024 10:25
47969.85,47983.8,47950.85,47960.05,04-01-2024 10:30
47960.9,47975.8,47946.05,47968.85,04-01-2024 10:35
47967.2,47997.4,47964,47987.4,04-01-2024 10:40
47987.4,47993.95,47952.6,47956.4,04-01-2024 10:45
47956.25,47966.15,47942.2,47965.05,04-01-2024 10:50
47963.4,47974.55,47963.2,47967.7,04-01-2024 10:55
47967.8,48061.5,47962.35,48043.25,04-01-2024 11:00
48043.35,48113.1,48043.35,48088.9,04-01-2024 11:05
48095.25,48113.8,48077.4,48102.15,04-01-2024 11:10
48099.3,48181.25,48085.7,48162.05,04-01-2024 11:15
48158.95,48161.05,48129.2,48142.45,04-01-2024 11:20
48139.9,48140.65,48090.55,48119.5,04-01-2024 11:25
48114.05,48123.75,48081.9,48091.75,04-01-2024 11:30
48093.15,48116.5,48079.2,48095.8,04-01-2024 11:35
48098.6,48113.1,48094.5,48099.65,04-01-2024 11:40
48098.85,48134.1,48092.4,48128.1,04-01-2024 11:45
48129.5,48132.9,48095.6,48104.7,04-01-2024 11:50
48101.9,48121.65,48087.5,48113.25,04-01-2024 11:55
48110.75,48149,48105.2,48143.75,04-01-2024 12:00
48146.65,48146.65,48075.55,48099.05,04-01-2024 12:05
48098.5,48127.6,48094.85,48115.45,04-01-2024 12:10
48117.55,48130.55,48111.45,48122.55,04-01-2024 12:15
48121.4,48150.45,48117.7,48150.05,04-01-2024 12:20
48147.3,48153.65,48138,48151.45,04-01-2024 12:25
48150.7,48152.85,48113.85,48121.35,04-01-2024 12:30
48117.65,48134.2,48108.45,48131.15,04-01-2024 12:35
48132.6,48157.65,48123.35,48154.05,04-01-2024 12:40
48150,48164.15,48142.95,48151.35,04-01-2024 12:45
48152.55,48173.25,48119.35,48170.95,04-01-2024 12:50
48171.2,48175.9,48131.15,48139.45,04-01-2024 12:55
48137.5,48205.25,48128.65,48197.6,04-01-2024 13:00
48195.35,48202.65,48169.4,48180.4,04-01-2024 13:05
48177.85,48220.25,48163.3,48215,04-01-2024 13:10
48213.4,48221.3,48172.35,48174,04-01-2024 13:15
48173.65,48175,48134.6,48148.65,04-01-2024 13:20
48148.3,48169.3,48126.05,48132.6,04-01-2024 13:25
48132.7,48134.6,48090.65,48094.5,04-01-2024 13:30
48097.7,48143,48081.15,48141.4,04-01-2024 13:35
48141.05,48156,48116.55,48116.55,04-01-2024 13:40
48117.2,48149.25,48100.1,48149.1,04-01-2024 13:45
48150.55,48176.6,48126.15,48130.6,04-01-2024 13:50
48129.45,48144.75,48102.5,48125.1,04-01-2024 13:55
48119.75,48120.15,48063.7,48078.7,04-01-2024 14:00
48076.25,48102.3,48072.9,48095,04-01-2024 14:05
48097.3,48122.3,48086.15,48091.75,04-01-2024 14:10
48093.45,48107.75,48078.5,48101.5,04-01-2024 14:15
48100.25,48123,48096.9,48110.5,04-01-2024 14:20
48111.35,48116.55,48073.75,48111.2,04-01-2024 14:25
48111.45,48141.35,48103.65,48104.95,04-01-2024 14:30
48106.4,48143,48102.9,48135.05,04-01-2024 14:35
48135.3,48156.95,48130.45,48140.8,04-01-2024 14:40
48140.6,48150.45,48136,48148.4,04-01-2024 14:45
48148.2,48148.2,48123.25,48137.7,04-01-2024 14:50
48135.9,48151.15,48116.65,48128.7,04-01-2024 14:55
48133.55,48174.85,48133.55,48174.85,04-01-2024 15:00
48173.8,48198.3,48154.05,48156.25,04-01-2024 15:05
48154.15,48193.5,48139.8,48180.4,04-01-2024 15:10
48176.8,48228.85,48175.95,48224.3,04-01-2024 15:15
48224.75,48248.25,48212.3,48238.65,04-01-2024 15:20
48238.25,48281.2,48221.9,48245.8,04-01-2024 15:25
48245.55,48381.95,48238.2,48331.75,05-01-2024 09:15
48328.7,48346.3,48279.85,48283.75,05-01-2024 09:20
48281.4,48305.4,48273.75,48287.2,05-01-2024 09:25
48289,48320.65,48251.7,48262.75,05-01-2024 09:30
48259.05,48299.55,48252.85,48252.85,05-01-2024 09:35
48258.8,48284.3,48240.35,48275.65,05-01-2024 09:40
48279.35,48284.4,48233.3,48257.65,05-01-2024 09:45
48253.8,48318.15,48253.8,48306.8,05-01-2024 09:50
48305.2,48330.4,48292.5,48312.85,05-01-2024 09:55
48312.4,48333.75,48299.75,48329.25,05-01-2024 10:00
48328.9,48344.7,48313.65,48323.55,05-01-2024 10:05
48321.85,48325.3,48291.45,48295.6,05-01-2024 10:10
48300.05,48309.9,48229.35,48288.45,05-01-2024 10:15
48285.6,48303.7,48266.35,48269.4,05-01-2024 10:20
48267.1,48284.95,48256.1,48275.9,05-01-2024 10:25
48277.85,48281.55,48250.55,48266.15,05-01-2024 10:30
48266,48285.8,48234.9,48244.3,05-01-2024 10:35
48242.85,48247.4,48136.6,48166.65,05-01-2024 10:40
48169.25,48171.65,48108.05,48112.65,05-01-2024 10:45
48110.2,48143.8,48092.15,48109.35,05-01-2024 10:50
48111.95,48145.35,48086.4,48141.55,05-01-2024 10:55
48143.15,48149.4,48109.85,48123.55,05-01-2024 11:00
48123.05,48151.35,48104.25,48140.4,05-01-2024 11:05
48139.85,48159.7,48129.05,48131.45,05-01-2024 11:10
48132.35,48142.15,48030.2,48055.7,05-01-2024 11:15
48051.5,48100.7,48048.75,48100.7,05-01-2024 11:20
48101.3,48109.35,48088.5,48099.85,05-01-2024 11:25
48097.65,48120.7,48089.1,48097.45,05-01-2024 11:30
48097.65,48125.5,48095.05,48109.6,05-01-2024 11:35
48109,48109,48063.25,48084.65,05-01-2024 11:40
48084,48084,48034,48053.65,05-01-2024 11:45
48051.4,48073.3,48046.05,48071.7,05-01-2024 11:50
48066.7,48107.55,48058.05,48100.45,05-01-2024 11:55
48098.75,48120.8,48086.35,48117.05,05-01-2024 12:00
48116.3,48133.6,48107.7,48114.05,05-01-2024 12:05
48111.1,48117.1,48088.6,48092.75,05-01-2024 12:10
48094.55,48129.95,48085,48123.8,05-01-2024 12:15
48124.2,48151.45,48118.85,48141.75,05-01-2024 12:20
48138.75,48151.3,48128.55,48136.45,05-01-2024 12:25
48136.65,48139.55,48112.25,48114.9,05-01-2024 12:30
48114.2,48128.4,48110.05,48120.55,05-01-2024 12:35
48120.25,48125.05,48074.05,48086.6,05-01-2024 12:40
48090.9,48113.8,48077.5,48105,05-01-2024 12:45
48104.75,48107.15,48080.95,48086.55,05-01-2024 12:50
48087.9,48100.55,48058.15,48058.15,05-01-2024 12:55
48057.8,48084.4,48057.8,48074.2,05-01-2024 13:00
48074.2,48088.35,48047.95,48085.8,05-01-2024 13:05
48085.8,48094.8,48076.35,48085.75,05-01-2024 13:10
48086.75,48093.3,48061.1,48087.65,05-01-2024 13:15
48087,48103.45,48078.7,48094.95,05-01-2024 13:20
48093.2,48093.2,48074,48078.25,05-01-2024 13:25
48076,48081.75,48038.35,48053.6,05-01-2024 13:30
48053.2,48057.2,48033.75,48051.7,05-01-2024 13:35
48053.4,48053.4,47969.95,48022.7,05-01-2024 13:40
48023,48044.65,48011.3,48031.85,05-01-2024 13:45
48032.1,48043.2,48023.45,48032.8,05-01-2024 13:50
48033.4,48053.25,48011.15,48046.15,05-01-2024 13:55
48047.95,48051.55,47990.55,47998.2,05-01-2024 14:00
47997.3,48008.75,47925.45,47930.15,05-01-2024 14:05
47932.65,47953.45,47890.05,47905,05-01-2024 14:10
47902.3,47915.1,47833.65,47855.25,05-01-2024 14:15
47854,47891,47822.85,47878.65,05-01-2024 14:20
47879.7,47892.75,47855.5,47891.5,05-01-2024 14:25
47890.2,47940.05,47874.8,47929.15,05-01-2024 14:30
47927.55,47954.7,47900.15,47951.1,05-01-2024 14:35
47950.2,47984.5,47936.3,47978.35,05-01-2024 14:40
47976,48011.2,47967.2,48011.2,05-01-2024 14:45
48011.65,48141.8,48011.65,48129.45,05-01-2024 14:50
48131.45,48196.85,48129.35,48164.6,05-01-2024 14:55
48161.65,48264.1,48161.65,48247.55,05-01-2024 15:00
48247.25,48254.05,48165,48173.4,05-01-2024 15:05
48180.2,48194.55,48127.1,48167.6,05-01-2024 15:10
48167.55,48168.7,48043.05,48101.45,05-01-2024 15:15
48100.2,48124.55,48069.5,48099.75,05-01-2024 15:20
48098.9,48115.5,48082.4,48089.15,05-01-2024 15:25
48096.65,48152.25,48016.75,48086.75,08-01-2024 09:15
48084.05,48152.5,48046.05,48152.5,08-01-2024 09:20
48150,48154.5,48034.35,48042.95,08-01-2024 09:25
48036.95,48061,48002.35,48002.85,08-01-2024 09:30
48002.25,48032.9,47978.45,48000.15,08-01-2024 09:35
48001.8,48003.2,47956.5,47994.75,08-01-2024 09:40
47993.2,47995.55,47941.7,47953.65,08-01-2024 09:45
47952.9,47988.25,47932.8,47974.05,08-01-2024 09:50
47969.45,47984.15,47954.55,47960.05,08-01-2024 09:55
47960.9,48010.7,47948.8,47980.75,08-01-2024 10:00
47981.75,47986.6,47947.3,47947.3,08-01-2024 10:05
47948.6,47992.1,47948.6,47985.95,08-01-2024 10:10
47985.85,48000.5,47934.35,47937.05,08-01-2024 10:15
47933.6,47983.4,47924.6,47968.2,08-01-2024 10:20
47963.7,47991.9,47958.35,47987.35,08-01-2024 10:25
47989.2,48078.05,47985.2,48062.95,08-01-2024 10:30
48055.95,48082.1,48023.85,48062.3,08-01-2024 10:35
48063.45,48072.35,48018.15,48019.15,08-01-2024 10:40
48017.95,48037.3,48014.7,48026,08-01-2024 10:45
48025.65,48031.8,47957.1,47959.5,08-01-2024 10:50
47957.15,47969.55,47898.15,47919.5,08-01-2024 10:55
47920.6,47936.9,47888.8,47934.05,08-01-2024 11:00
47935.5,47935.5,47827.1,47860.9,08-01-2024 11:05
47858.5,47876.4,47836.7,47874.5,08-01-2024 11:10
47875.4,47905.75,47853.35,47902.1,08-01-2024 11:15
47901.35,47911.8,47876.4,47910,08-01-2024 11:20
47899.85,47909.55,47875.1,47891.1,08-01-2024 11:25
47892.35,47898.25,47855.75,47882.45,08-01-2024 11:30
47884.6,47892.3,47872.35,47880.75,08-01-2024 11:35
47882.3,47891,47866.75,47880.75,08-01-2024 11:40
47878.6,47886.65,47835.6,47852.1,08-01-2024 11:45
47853.05,47863.75,47761.35,47775.8,08-01-2024 11:50
47770.35,47791.45,47732.9,47743.65,08-01-2024 11:55
47745.35,47769.1,47743.7,47746.65,08-01-2024 12:00
47742.7,47776.8,47722.75,47761.75,08-01-2024 12:05
47759.85,47773.45,47741.2,47751.75,08-01-2024 12:10
47754.35,47782,47746.55,47770.8,08-01-2024 12:15
47776,47805.15,47763.55,47800.3,08-01-2024 12:20
47797.3,47802.8,47765.35,47771.75,08-01-2024 12:25
47774.9,47842.45,47762.3,47822.35,08-01-2024 12:30
47826.15,47829.35,47783.5,47821.95,08-01-2024 12:35
47821.8,47830.75,47791.35,47823.35,08-01-2024 12:40
47825.45,47829,47784.85,47787.75,08-01-2024 12:45
47786.9,47804.6,47772.75,47794.75,08-01-2024 12:50
47794.7,47794.95,47734.25,47747.2,08-01-2024 12:55
47744.65,47786.5,47732.75,47771.55,08-01-2024 13:00
47773.4,47786.95,47765.55,47773.5,08-01-2024 13:05
47771.05,47780.3,47753.45,47758,08-01-2024 13:10
47757.3,47771.05,47753.35,47763.65,08-01-2024 13:15
47766.7,47796.1,47718.9,47752.05,08-01-2024 13:20
47753.65,47792.55,47752.95,47777.7,08-01-2024 13:25
47775.9,47831.1,47769.1,47799.95,08-01-2024 13:30
47800,47811.85,47768.6,47784.75,08-01-2024 13:35
47783.1,47791.4,47737.85,47750.05,08-01-2024 13:40
47750.5,47798.45,47731.7,47794.8,08-01-2024 13:45
47792.5,47802.05,47762.9,47785.45,08-01-2024 13:50
47783.95,47801.25,47772.5,47800.3,08-01-2024 13:55
47797.15,47829,47792.45,47812.45,08-01-2024 14:00
47813.05,47816.9,47731.8,47740.3,08-01-2024 14:05
47739.1,47780.7,47731.9,47768.7,08-01-2024 14:10
47768.65,47779.3,47731.85,47778.95,08-01-2024 14:15
47780.45,47784.15,47567.55,47601.95,08-01-2024 14:20
47602.85,47622.95,47540.25,47554.25,08-01-2024 14:25
47557.3,47576.2,47430.85,47438.35,08-01-2024 14:30
47437.05,47482.45,47405.6,47465.95,08-01-2024 14:35
47461.4,47471.75,47390.55,47452,08-01-2024 14:40
47445.6,47506.5,47444.25,47504.85,08-01-2024 14:45
47506.05,47520.9,47466.6,47476.2,08-01-2024 14:50
47475.15,47479.75,47420.05,47429.7,08-01-2024 14:55
47428.75,47473.15,47387.35,47429.5,08-01-2024 15:00
47435.3,47498.65,47412.05,47471.15,08-01-2024 15:05
47471.3,47498.75,47424.4,47454.45,08-01-2024 15:10
47456,47479.15,47403.2,47431.95,08-01-2024 15:15
47430.65,47494,47412.4,47467.2,08-01-2024 15:20
47469.8,47489.2,47454.6,47464,08-01-2024 15:25
47705.4,47766.8,47635,47741,09-01-2024 09:15
47736.35,47768.2,47716.7,47737.8,09-01-2024 09:20
47735.6,47798.05,47735.4,47772.8,09-01-2024 09:25
47772.1,47779.05,47719.1,47740.45,09-01-2024 09:30
47740,47752.15,47633.85,47680.2,09-01-2024 09:35
47679.35,47684.1,47607.55,47609.5,09-01-2024 09:40
47605.05,47669.5,47599.65,47659.65,09-01-2024 09:45
47661.9,47684.6,47590.6,47628.7,09-01-2024 09:50
47626.35,47657.5,47619.25,47628.95,09-01-2024 09:55
47630.4,47667.3,47622.5,47646.4,09-01-2024 10:00
47645.45,47675.25,47639.2,47641.15,09-01-2024 10:05
47640.75,47710.25,47640.75,47706.35,09-01-2024 10:10
47710.25,47786.15,47703.8,47786.15,09-01-2024 10:15
47783.15,47872.65,47782.25,47848.85,09-01-2024 10:20
47848.8,47863.7,47839.65,47843.85,09-01-2024 10:25
47840,47861.3,47826.8,47844.15,09-01-2024 10:30
47846.9,47865.3,47815.1,47839.8,09-01-2024 10:35
47838.95,47895.8,47829.7,47882.75,09-01-2024 10:40
47882.85,47896.3,47867.15,47872.5,09-01-2024 10:45
47872.85,47875.75,47848.55,47864.55,09-01-2024 10:50
47866.9,47878.45,47857.1,47865.15,09-01-2024 10:55
47864.05,47871.2,47839.35,47853.35,09-01-2024 11:00
47853.1,47919.6,47845.2,47918.5,09-01-2024 11:05
47920.5,47939.3,47891.25,47899.2,09-01-2024 11:10
47897.4,47909.65,47820.4,47830.7,09-01-2024 11:15
47832.25,47856.75,47809.55,47833.85,09-01-2024 11:20
47838.6,47862.95,47829.85,47849.8,09-01-2024 11:25
47853.25,47869.95,47849.05,47859.45,09-01-2024 11:30
47859.7,47867.25,47843.55,47843.55,09-01-2024 11:35
47844.6,47855.5,47830.55,47843.75,09-01-2024 11:40
47845.85,47875.55,47837.75,47865.45,09-01-2024 11:45
47865.95,47873.2,47823.85,47837.35,09-01-2024 11:50
47840.55,47853.45,47814.2,47832.65,09-01-2024 11:55
47834.85,47851.1,47787.15,47825.95,09-01-2024 12:00
47825.6,47839.45,47767.15,47768.3,09-01-2024 12:05
47772.6,47803.4,47760.75,47780.8,09-01-2024 12:10
47783,47828.25,47780.5,47818.15,09-01-2024 12:15
47815.5,47821.4,47801.35,47807.5,09-01-2024 12:20
47807.6,47844.9,47807.3,47831.25,09-01-2024 12:25
47831.45,47840.6,47796.8,47812.35,09-01-2024 12:30
47811.6,47877.05,47798.9,47826.85,09-01-2024 12:35
47826.7,47839.3,47811.6,47819.75,09-01-2024 12:40
47822.2,47846.75,47813.4,47836.75,09-01-2024 12:45
47835.45,47842.2,47815.05,47828,09-01-2024 12:50
47829.85,47851.15,47813.75,47827.95,09-01-2024 12:55
47826.7,47838.25,47809.6,47824.8,09-01-2024 13:00
47827.2,47849.4,47817.2,47844,09-01-2024 13:05
47844.45,47846,47819.45,47837.25,09-01-2024 13:10
47838.75,47874.25,47833.45,47838.1,09-01-2024 13:15
47842.8,47849.65,47817.1,47829.35,09-01-2024 13:20
47829.1,47854.85,47829.1,47851.65,09-01-2024 13:25
47852.5,47854.8,47826.5,47831.6,09-01-2024 13:30
47832.6,47836.95,47807.95,47824.7,09-01-2024 13:35
47823.4,47830.9,47806.8,47820.65,09-01-2024 13:40
47822.5,47831.6,47807.2,47810.1,09-01-2024 13:45
47810.8,47829.25,47773.85,47819.5,09-01-2024 13:50
47819.05,47824.65,47777,47790.8,09-01-2024 13:55
47790.65,47821.05,47777.9,47811.3,09-01-2024 14:00
47815.05,47819.8,47723.15,47723.15,09-01-2024 14:05
47726.4,47751.7,47655.8,47674.8,09-01-2024 14:10
47677,47689.8,47463.45,47463.45,09-01-2024 14:15
47469.25,47504.9,47334.7,47403.85,09-01-2024 14:20
47406.6,47423.25,47273.8,47311.25,09-01-2024 14:25
47319.6,47455,47281.5,47395.4,09-01-2024 14:30
47399.65,47417.75,47311.3,47355,09-01-2024 14:35
47359.1,47363.05,47223.25,47246.6,09-01-2024 14:40
47249.35,47333.25,47240.8,47260.55,09-01-2024 14:45
47267.85,47309.05,47206.25,47282.45,09-01-2024 14:50
47282.55,47315.35,47260.1,47294.2,09-01-2024 14:55
47290.2,47306.8,47223.25,47273.1,09-01-2024 15:00
47273,47313.05,47232.95,47279.35,09-01-2024 15:05
47278.8,47282.05,47218.2,47269.95,09-01-2024 15:10
47272.75,47280.9,47204.45,47207.1,09-01-2024 15:15
47213.05,47255.55,47156.05,47234.65,09-01-2024 15:20
47235.9,47249.6,47218.5,47230.95,09-01-2024 15:25
47073.85,47157.6,47067.1,47128.25,10-01-2024 09:15
47125.95,47142,47089.2,47097.55,10-01-2024 09:20
47096.8,47117.3,47024.95,47030.15,10-01-2024 09:25
47023,47240.4,47010.8,47240.4,10-01-2024 09:30
47235.15,47269.85,47153.55,47218.7,10-01-2024 09:35
47216.05,47293.25,47195.8,47290.45,10-01-2024 09:40
47290.8,47302.2,47171,47215.2,10-01-2024 09:45
47212.95,47285.75,47211.5,47271.55,10-01-2024 09:50
47273,47293.7,47213.2,47285.55,10-01-2024 09:55
47284.2,47284.2,47243,47254.35,10-01-2024 10:00
47247.6,47285.4,47230.55,47270.25,10-01-2024 10:05
47265,47325.65,47264.3,47317.95,10-01-2024 10:10
47320.15,47386.45,47315.8,47363.1,10-01-2024 10:15
47358.95,47376.05,47281.15,47283.1,10-01-2024 10:20
47281.2,47308.6,47248.95,47294.2,10-01-2024 10:25
47298.3,47343.4,47295.65,47330.9,10-01-2024 10:30
47330.9,47333.55,47311.8,47329.3,10-01-2024 10:35
47327.25,47327.8,47264.3,47264.3,10-01-2024 10:40
47266.3,47287.75,47226.95,47244.9,10-01-2024 10:45
47244.45,47267.65,47235.65,47254.4,10-01-2024 10:50
47256.4,47270.85,47215.95,47231.75,10-01-2024 10:55
47233.05,47272.15,47219.7,47254.9,10-01-2024 11:00
47252.75,47262.95,47218.65,47238,10-01-2024 11:05
47238.2,47283.6,47227.75,47275.4,10-01-2024 11:10
47275.4,47305.45,47262.45,47270.95,10-01-2024 11:15
47272.9,47297.8,47262.55,47291.35,10-01-2024 11:20
47289.3,47320.2,47277.2,47285.15,10-01-2024 11:25
47288.55,47301.2,47256.6,47256.6,10-01-2024 11:30
47258.15,47324.1,47257.45,47317.25,10-01-2024 11:35
47321.75,47355.6,47307.8,47308.8,10-01-2024 11:40
47313.3,47324.55,47289.75,47300.3,10-01-2024 11:45
47298.2,47320.7,47289.95,47306.25,10-01-2024 11:50
47306.45,47314.9,47285.25,47313.65,10-01-2024 11:55
47313.8,47320,47281.9,47281.9,10-01-2024 12:00
47283.2,47285.15,47223.45,47261.2,10-01-2024 12:05
47261,47281,47244.8,47263.6,10-01-2024 12:10
47262.75,47270.15,47237.55,47244.6,10-01-2024 12:15
47244.95,47266.45,47228.6,47244.6,10-01-2024 12:20
47245.9,47278.55,47233.45,47273.9,10-01-2024 12:25
47271.15,47305.15,47249.85,47295.5,10-01-2024 12:30
47292.55,47306.85,47271.35,47299.7,10-01-2024 12:35
47306.1,47307.3,47241,47241,10-01-2024 12:40
47242.85,47297.2,47126.9,47225.6,10-01-2024 12:45
47227.15,47236.35,47193.1,47228.7,10-01-2024 12:50
47225.3,47225.3,47192.65,47209.7,10-01-2024 12:55
47214.55,47229.05,47193.1,47206.25,10-01-2024 13:00
47209.25,47250.25,47202.2,47234.1,10-01-2024 13:05
47232,47265.7,47223.45,47259.35,10-01-2024 13:10
47258.65,47275.15,47234.15,47259.5,10-01-2024 13:15
47257.45,47269.35,47231.7,47248.25,10-01-2024 13:20
47248.15,47265.95,47233.9,47252.1,10-01-2024 13:25
47253.15,47289.65,47236.2,47238.85,10-01-2024 13:30
47238.1,47252.8,47207.95,47233.3,10-01-2024 13:35
47234.4,47267.5,47211.9,47267.1,10-01-2024 13:40
47266.1,47273.65,47213.75,47245.6,10-01-2024 13:45
47246.9,47263.75,47231.25,47263.3,10-01-2024 13:50
47265.25,47349.15,47263.55,47325.4,10-01-2024 13:55
47326.45,47396.65,47290.55,47300.9,10-01-2024 14:00
47305.2,47325.1,47290.25,47315.8,10-01-2024 14:05
47316.2,47341.55,47304,47332.3,10-01-2024 14:10
47336.7,47374.05,47313.5,47354.95,10-01-2024 14:15
47352.7,47364.95,47290.25,47294.95,10-01-2024 14:20
47296.6,47316.15,47279.95,47304.25,10-01-2024 14:25
47304.4,47342.8,47300.45,47338.25,10-01-2024 14:30
47338.2,47397.45,47327.9,47382.75,10-01-2024 14:35
47384.55,47417.5,47342.15,47357.5,10-01-2024 14:40
47354.6,47363.55,47326.55,47344.8,10-01-2024 14:45
47354.65,47387.8,47339.65,47378.25,10-01-2024 14:50
47381.75,47387.15,47350.45,47356.95,10-01-2024 14:55
47358.4,47423.45,47353,47423.45,10-01-2024 15:00
47411.8,47417.4,47293.15,47354.75,10-01-2024 15:05
47353.5,47354.9,47314.05,47336.15,10-01-2024 15:10
47333.1,47374.9,47328.05,47364.75,10-01-2024 15:15
47364.4,47377.7,47351.75,47367.65,10-01-2024 15:20
47366.6,47404.95,47359.35,47359.35,10-01-2024 15:25
47538.6,47642.9,47515.45,47624.5,11-01-2024 09:15
47625.8,47643.3,47583.2,47605.4,11-01-2024 09:20
47604.7,47662.1,47581.7,47621.15,11-01-2024 09:25
47619.95,47622.95,47536.7,47577.8,11-01-2024 09:30
47580.4,47591.65,47512.45,47543.45,11-01-2024 09:35
47544.7,47548.9,47459.25,47503.5,11-01-2024 09:40
47503.1,47539,47495.8,47530.65,11-01-2024 09:45
47531.7,47569.05,47519.25,47521.2,11-01-2024 09:50
47520.15,47532.4,47488.6,47524,11-01-2024 09:55
47523.8,47530.3,47465.4,47490.95,11-01-2024 10:00
47492.95,47511.5,47468,47477.05,11-01-2024 10:05
47476,47505.7,47461.6,47501.55,11-01-2024 10:10
47503.35,47528.7,47476.3,47485.2,11-01-2024 10:15
47484.3,47507.05,47477.75,47498.9,11-01-2024 10:20
47503.05,47537.95,47499.95,47537.55,11-01-2024 10:25
47534.95,47558.1,47470.15,47518.2,11-01-2024 10:30
47516.05,47516.05,47494.85,47494.85,11-01-2024 10:35
47496.15,47507.35,47479.7,47501.1,11-01-2024 10:40
47496.8,47528.1,47488.95,47499.8,11-01-2024 10:45
47499.55,47508.55,47440.9,47444.85,11-01-2024 10:50
47438.45,47501.2,47408.7,47500.1,11-01-2024 10:55
47499.55,47512.6,47486.25,47488.45,11-01-2024 11:00
47488.8,47500.2,47481.5,47494.5,11-01-2024 11:05
47491.75,47494.8,47462.25,47483.5,11-01-2024 11:10
47489.4,47505.15,47481.9,47496.15,11-01-2024 11:15
47496.35,47501.45,47470.1,47476.7,11-01-2024 11:20
47477.5,47483.3,47468.4,47473.1,11-01-2024 11:25
47474.4,47503.7,47457.85,47499.05,11-01-2024 11:30
47493.35,47503.2,47471.65,47493.9,11-01-2024 11:35
47493.55,47521.35,47490.2,47517.25,11-01-2024 11:40
47516.85,47540.05,47500.35,47503.65,11-01-2024 11:45
47502.3,47536.05,47489,47519.75,11-01-2024 11:50
47522,47529.65,47505.1,47509.65,11-01-2024 11:55
47510.35,47519.15,47485.2,47496.55,11-01-2024 12:00
47496.05,47513.6,47484.45,47501.95,11-01-2024 12:05
47504.8,47510.8,47468.9,47468.9,11-01-2024 12:10
47469.5,47499.5,47444.4,47493.95,11-01-2024 12:15
47492,47517.75,47486.1,47507.45,11-01-2024 12:20
47508.05,47530.6,47502.95,47507.6,11-01-2024 12:25
47507.85,47527.6,47493.15,47512.05,11-01-2024 12:30
47508.7,47553.2,47508.7,47547.55,11-01-2024 12:35
47546.45,47571.65,47526.6,47569.65,11-01-2024 12:40
47569.05,47569.05,47531.2,47548.6,11-01-2024 12:45
47547.05,47565,47540.7,47556.65,11-01-2024 12:50
47559.1,47595.15,47547.25,47554.15,11-01-2024 12:55
47554.35,47563.85,47504.7,47530.65,11-01-2024 13:00
47533.6,47548.5,47511.05,47512.05,11-01-2024 13:05
47511.95,47543.9,47510.05,47527.7,11-01-2024 13:10
47528.35,47537.1,47521.5,47535.1,11-01-2024 13:15
47531.35,47551.4,47511.2,47529,11-01-2024 13:20
47530.1,47540.85,47508.45,47512.55,11-01-2024 13:25
47508.95,47530.55,47501.3,47510.45,11-01-2024 13:30
47509.1,47514.9,47480.45,47495.6,11-01-2024 13:35
47494.3,47509.25,47492.05,47504.7,11-01-2024 13:40
47502.95,47506.7,47473.6,47485.5,11-01-2024 13:45
47485.9,47493.5,47458.65,47487.75,11-01-2024 13:50
47488.1,47507.25,47479.6,47495.15,11-01-2024 13:55
47492.45,47515.1,47482.45,47496.4,11-01-2024 14:00
47493.5,47501.15,47424.3,47424.3,11-01-2024 14:05
47430.95,47430.95,47260.85,47300.25,11-01-2024 14:10
47297.65,47336,47237,47303.55,11-01-2024 14:15
47299.95,47378.9,47288.4,47359.55,11-01-2024 14:20
47368.3,47466.9,47332.45,47442.05,11-01-2024 14:25
47439.15,47472.25,47395.7,47402.3,11-01-2024 14:30
47405.5,47422.8,47379.1,47400.15,11-01-2024 14:35
47398.1,47432.75,47388.5,47426.8,11-01-2024 14:40
47427.15,47471.05,47422.25,47455.4,11-01-2024 14:45
47452.05,47470,47431.2,47431.7,11-01-2024 14:50
47429.15,47506.25,47426.4,47465.5,11-01-2024 14:55
47463.35,47474.35,47410.6,47442.25,11-01-2024 15:00
47444.2,47449.3,47405.85,47440.1,11-01-2024 15:05
47441.6,47448.9,47416.35,47432.55,11-01-2024 15:10
47432.65,47444.4,47422.75,47432.2,11-01-2024 15:15
47431.8,47453.6,47423,47447.95,11-01-2024 15:20
47447.3,47464.4,47421.65,47445.95,11-01-2024 15:25
47572.7,47586.25,47467.35,47508.7,12-01-2024 09:15
47509.8,47510.7,47457.4,47475.7,12-01-2024 09:20
47491,47505.7,47445.35,47468.95,12-01-2024 09:25
47465.8,47495.8,47441.4,47448.05,12-01-2024 09:30
47452.55,47469.3,47408.5,47440.35,12-01-2024 09:35
47438.5,47469.9,47430.75,47462.1,12-01-2024 09:40
47466.55,47479.2,47449.2,47469.4,12-01-2024 09:45
47473.85,47499,47449.75,47476.8,12-01-2024 09:50
47478,47506.05,47458.4,47505.35,12-01-2024 09:55
47501.6,47600.5,47488.7,47593.4,12-01-2024 10:00
47600.65,47639.65,47567.5,47635.15,12-01-2024 10:05
47636.25,47636.8,47608.45,47629.6,12-01-2024 10:10
47628.25,47659.3,47614.55,47618.9,12-01-2024 10:15
47619.65,47648.05,47606.25,47627.05,12-01-2024 10:20
47625.15,47682.55,47622.5,47647.4,12-01-2024 10:25
47644.35,47654.45,47616.45,47630.3,12-01-2024 10:30
47629.65,47666.25,47621.85,47665.8,12-01-2024 10:35
47663.15,47719.55,47660.2,47716.25,12-01-2024 10:40
47715.65,47756.8,47698.6,47729.2,12-01-2024 10:45
47727.35,47749.2,47708.05,47719.6,12-01-2024 10:50
47720.7,47755.05,47713.05,47753.25,12-01-2024 10:55
47750.9,47784.65,47719.35,47722.75,12-01-2024 11:00
47722.55,47734.6,47691.2,47721.55,12-01-2024 11:05
47720.1,47733.35,47701.55,47706.8,12-01-2024 11:10
47707.5,47736.35,47699.95,47727.2,12-01-2024 11:15
47727.45,47743.7,47703.1,47706.5,12-01-2024 11:20
47708.3,47731.35,47700.95,47727.05,12-01-2024 11:25
47725.8,47734.7,47697.7,47705.05,12-01-2024 11:30
47703.35,47730.2,47699.55,47730.2,12-01-2024 11:35
47730.8,47737.95,47706.2,47712.3,12-01-2024 11:40
47711.35,47729.4,47705.8,47725.65,12-01-2024 11:45
47720.9,47741.25,47715.1,47718.05,12-01-2024 11:50
47719.9,47722.8,47700.45,47700.45,12-01-2024 11:55
47698.6,47705.95,47639,47647.4,12-01-2024 12:00
47649.15,47657.85,47615.7,47642.5,12-01-2024 12:05
47642.25,47670.5,47636.7,47664.6,12-01-2024 12:10
47662.5,47686.65,47629.25,47659.85,12-01-2024 12:15
47659.05,47664.4,47644.35,47659.7,12-01-2024 12:20
47660.2,47679.2,47646.85,47664.65,12-01-2024 12:25
47666.35,47675.4,47644,47649.2,12-01-2024 12:30
47650.45,47656.65,47630.95,47643.1,12-01-2024 12:35
47640.85,47656.25,47626.5,47646.1,12-01-2024 12:40
47643.2,47687.1,47643.2,47687.1,12-01-2024 12:45
47687.4,47751.05,47684.65,47741.05,12-01-2024 12:50
47744.1,47773.95,47735.45,47749.4,12-01-2024 12:55
47748.85,47772.5,47737.75,47743.6,12-01-2024 13:00
47744.05,47755.6,47712.9,47716.4,12-01-2024 13:05
47719.4,47744.55,47712.45,47733.5,12-01-2024 13:10
47732.45,47756,47712.3,47717.15,12-01-2024 13:15
47715.1,47748.3,47713.15,47724.15,12-01-2024 13:20
47725.5,47744.8,47720.85,47736.75,12-01-2024 13:25
47736,47765.9,47727.85,47765.9,12-01-2024 13:30
47761.7,47823.6,47750.6,47811.55,12-01-2024 13:35
47813.35,47858.1,47809.25,47823.75,12-01-2024 13:40
47822.4,47836.45,47810.55,47834.2,12-01-2024 13:45
47834.3,47840.35,47820.4,47838.65,12-01-2024 13:50
47834.55,47846.55,47825,47842.15,12-01-2024 13:55
47843.3,47847.8,47793.3,47812.25,12-01-2024 14:00
47806.95,47817.6,47758.3,47794.95,12-01-2024 14:05
47798.3,47825.15,47782.65,47811.35,12-01-2024 14:10
47811.25,47823.35,47771.6,47775.95,12-01-2024 14:15
47777.1,47801.8,47763,47793.35,12-01-2024 14:20
47799.05,47809.5,47773.45,47781.35,12-01-2024 14:25
47787.75,47823.45,47787.75,47804.65,12-01-2024 14:30
47804.7,47868.15,47803.75,47867.5,12-01-2024 14:35
47869.55,47873.7,47830.6,47845.1,12-01-2024 14:40
47841.15,47861.65,47790.35,47792.65,12-01-2024 14:45
47794.75,47836,47771.85,47800.4,12-01-2024 14:50
47798.9,47808.9,47772.25,47793.3,12-01-2024 14:55
47786.05,47839.2,47743.95,47743.95,12-01-2024 15:00
47729.35,47763.15,47615.6,47624.5,12-01-2024 15:05
47628.05,47682.1,47602.8,47659.95,12-01-2024 15:10
47661.4,47707.9,47657.5,47695.05,12-01-2024 15:15
47694.25,47749.55,47692.25,47741.35,12-01-2024 15:20
47737.05,47755.6,47724.65,47724.65,12-01-2024 15:25
47891.05,47946.5,47830.05,47939.4,15-01-2024 09:15
47939.35,48056.3,47928.75,48049.05,15-01-2024 09:20
48051.8,48097.9,48032.9,48069.5,15-01-2024 09:25
48071.3,48124.25,48048.6,48095.7,15-01-2024 09:30
48092.95,48129.35,48086.75,48114.15,15-01-2024 09:35
48111.45,48117.25,48067.6,48073.55,15-01-2024 09:40
48073.95,48086.35,48003.3,48013.25,15-01-2024 09:45
48008.1,48030.95,47926.7,47944.8,15-01-2024 09:50
47936.45,47964.9,47868.3,47873.75,15-01-2024 09:55
47869.5,47926.8,47825.4,47912.45,15-01-2024 10:00
47909.75,47988.75,47893.25,47985,15-01-2024 10:05
47986.7,47997.95,47943.75,47949.15,15-01-2024 10:10
47950.3,47982.05,47935.7,47980.45,15-01-2024 10:15
47974.1,47993.65,47971.85,47988.05,15-01-2024 10:20
47987.6,48020.2,47975.4,48019.05,15-01-2024 10:25
48015.4,48060.35,47998.3,48039.9,15-01-2024 10:30
48039.35,48060.4,48029.85,48055.3,15-01-2024 10:35
48056.55,48065.45,48026.2,48037.6,15-01-2024 10:40
48040,48044.6,47999.15,48027.85,15-01-2024 10:45
48026.65,48029.55,48003.7,48028.1,15-01-2024 10:50
48030.45,48053.2,47998.25,48053.2,15-01-2024 10:55
48052.5,48058,48014.8,48027.6,15-01-2024 11:00
48027.8,48056.7,48023.55,48051.4,15-01-2024 11:05
48051.85,48057.35,48037,48048.5,15-01-2024 11:10
48049.3,48062.8,48021.35,48051.05,15-01-2024 11:15
48052.1,48052.1,48026.75,48038.85,15-01-2024 11:20
48040.65,48042.7,48012,48029.65,15-01-2024 11:25
48033.2,48034.95,48011.05,48017.45,15-01-2024 11:30
48017.75,48020.75,47973.7,47997.1,15-01-2024 11:35
47995.95,48045.6,47980.6,48044.15,15-01-2024 11:40
48042.1,48065.2,48037.6,48065.2,15-01-2024 11:45
48062.9,48076.4,48048.5,48064.55,15-01-2024 11:50
48064.4,48064.4,48016.5,48064.1,15-01-2024 11:55
48064.2,48091.15,48049,48057.15,15-01-2024 12:00
48056.2,48079.55,48054,48077.25,15-01-2024 12:05
48076.55,48088.4,48067.25,48084.85,15-01-2024 12:10
48084.85,48140.25,48072.45,48125.35,15-01-2024 12:15
48127.25,48199.95,48115.85,48191.85,15-01-2024 12:20
48192.9,48192.9,48139.85,48163.2,15-01-2024 12:25
48157.7,48169.95,48131.4,48141.05,15-01-2024 12:30
48142,48153.6,48103.55,48137.4,15-01-2024 12:35
48137.25,48147.65,48120.9,48132.25,15-01-2024 12:40
48130.9,48151,48120.55,48137.3,15-01-2024 12:45
48134.45,48138.55,48103.1,48120.05,15-01-2024 12:50
48117,48145.15,48112.8,48135.15,15-01-2024 12:55
48136.75,48159.75,48128.05,48138.95,15-01-2024 13:00
48137.5,48141.1,48086.2,48119.15,15-01-2024 13:05
48122.7,48150.7,48106.9,48148.45,15-01-2024 13:10
48149.7,48158.3,48129.55,48137.8,15-01-2024 13:15
48140.55,48153.05,48128.85,48145.75,15-01-2024 13:20
48145.95,48146.7,48105.95,48115.55,15-01-2024 13:25
48117.15,48119.55,48071.6,48076.3,15-01-2024 13:30
48071.05,48111.55,48071.05,48096.5,15-01-2024 13:35
48092.55,48109.05,48075.3,48083.05,15-01-2024 13:40
48084.65,48084.65,48032.3,48044.75,15-01-2024 13:45
48040.55,48112.5,48039.15,48071.4,15-01-2024 13:50
48068.7,48118.8,48055.85,48118.8,15-01-2024 13:55
48118.2,48126.2,48085.55,48118.35,15-01-2024 14:00
48118.3,48136.15,48106.75,48129.05,15-01-2024 14:05
48129.2,48129.2,48071.85,48083.55,15-01-2024 14:10
48085.25,48102.8,48057.05,48077.9,15-01-2024 14:15
48072.75,48095.55,48067.15,48090.4,15-01-2024 14:20
48091.85,48099.1,48041.15,48058.4,15-01-2024 14:25
48058.45,48066.1,48022.55,48029.65,15-01-2024 14:30
48027,48076.7,48025.45,48054.3,15-01-2024 14:35
48055,48075.9,48043.5,48064.2,15-01-2024 14:40
48062.4,48119.15,48045.15,48089,15-01-2024 14:45
48082.55,48100.4,48068.15,48100.4,15-01-2024 14:50
48097.4,48097.4,48054.15,48092.35,15-01-2024 14:55
48090.4,48112.45,48073,48089,15-01-2024 15:00
48086.85,48124.1,48081.7,48109.35,15-01-2024 15:05
48114.25,48147,48103.1,48140.85,15-01-2024 15:10
48147.25,48180.2,48140.6,48175.1,15-01-2024 15:15
48170.25,48201.8,48170.25,48184.45,15-01-2024 15:20
48182.6,48248.05,48178.8,48223.6,15-01-2024 15:25
48109.95,48204.15,48031.2,48149,16-01-2024 09:15
48146.35,48158.85,48107.8,48132.75,16-01-2024 09:20
48136.5,48187.2,48130.05,48132.4,16-01-2024 09:25
48133.05,48149.35,48087.65,48103.4,16-01-2024 09:30
48106.1,48126.05,48091.5,48109.95,16-01-2024 09:35
48110.35,48164.45,48072.5,48160.4,16-01-2024 09:40
48156.5,48249.4,48156.5,48202.9,16-01-2024 09:45
48203.45,48223.25,48178.5,48206.1,16-01-2024 09:50
48202.2,48218.95,48164.15,48175.45,16-01-2024 09:55
48176.65,48238.25,48148.7,48207.4,16-01-2024 10:00
48207.55,48232.4,48196.4,48222.45,16-01-2024 10:05
48216.8,48254.7,48202.8,48241.25,16-01-2024 10:10
48242.95,48246.6,48197.35,48215.5,16-01-2024 10:15
48217.15,48233.15,48191.75,48199.95,16-01-2024 10:20
48200.6,48236.7,48196.7,48232.25,16-01-2024 10:25
48237.9,48272.9,48217.8,48269.75,16-01-2024 10:30
48271.7,48284.55,48246.75,48275.65,16-01-2024 10:35
48274.8,48285.5,48252.9,48259.5,16-01-2024 10:40
48248.25,48290.35,48243.3,48282.6,16-01-2024 10:45
48277.45,48285.05,48244.75,48266.45,16-01-2024 10:50
48264.1,48286.9,48258.35,48267.75,16-01-2024 10:55
48272.2,48284.65,48253.35,48280.55,16-01-2024 11:00
48279.45,48292.7,48258.8,48267.2,16-01-2024 11:05
48265.65,48282.7,48245,48267.85,16-01-2024 11:10
48264.65,48284.6,48236.4,48258.1,16-01-2024 11:15
48254.85,48266.95,48229.35,48247.35,16-01-2024 11:20
48249.45,48256.8,48226.35,48249.35,16-01-2024 11:25
48252.8,48276.4,48240.5,48275.75,16-01-2024 11:30
48274.45,48284.1,48245.55,48255.8,16-01-2024 11:35
48255.1,48259.25,48177.3,48201,16-01-2024 11:40
48198.95,48224.85,48188.35,48224.55,16-01-2024 11:45
48223.65,48238.55,48209.4,48230.35,16-01-2024 11:50
48229.3,48302.2,48227,48301.15,16-01-2024 11:55
48298.55,48305.4,48278.85,48294.05,16-01-2024 12:00
48291.05,48292.75,48202.9,48207.25,16-01-2024 12:05
48205.4,48223.95,48188.85,48214.3,16-01-2024 12:10
48212.9,48222.05,48178.1,48191.75,16-01-2024 12:15
48192.05,48219.9,48190.6,48219.9,16-01-2024 12:20
48215.1,48247.2,48210.4,48238.5,16-01-2024 12:25
48237.8,48265.75,48234.1,48247.45,16-01-2024 12:30
48241.9,48256.1,48191.55,48228.95,16-01-2024 12:35
48223,48237.25,48197.85,48210.55,16-01-2024 12:40
48206.75,48216.65,48141.35,48158.25,16-01-2024 12:45
48153.65,48211.85,48153.45,48193.9,16-01-2024 12:50
48184.65,48194.9,48145.5,48149.55,16-01-2024 12:55
48148.85,48162.85,48126,48139.05,16-01-2024 13:00
48132.95,48160.7,48113.7,48115.55,16-01-2024 13:05
48114.2,48133.55,48091.5,48122.85,16-01-2024 13:10
48119.75,48145.6,48097.25,48102.5,16-01-2024 13:15
48100.4,48134.35,48088.4,48107,16-01-2024 13:20
48107.3,48134.4,48091.5,48129.5,16-01-2024 13:25
48128.6,48128.6,48020.7,48042.5,16-01-2024 13:30
48034.35,48051.3,48002.85,48051.3,16-01-2024 13:35
48050.9,48091.45,48046.05,48078.75,16-01-2024 13:40
48076.65,48111.85,48069.45,48101.65,16-01-2024 13:45
48101.5,48127.8,48053.05,48119.3,16-01-2024 13:50
48118.6,48139.15,48108.4,48123.35,16-01-2024 13:55
48124.95,48141.7,48094.5,48104.45,16-01-2024 14:00
48100.7,48121.45,48082.9,48120.25,16-01-2024 14:05
48118.8,48182.1,48113.5,48151.3,16-01-2024 14:10
48151.65,48168.35,48137.9,48150.1,16-01-2024 14:15
48148.1,48164.3,48096.4,48115.85,16-01-2024 14:20
48109.65,48117.9,48070.8,48086.3,16-01-2024 14:25
48094.9,48124.05,48084.95,48092.4,16-01-2024 14:30
48090.65,48102.6,48049.45,48102.6,16-01-2024 14:35
48100.85,48115.9,48080.1,48105.3,16-01-2024 14:40
48102.8,48114.85,48079,48106.05,16-01-2024 14:45
48102.5,48143.45,48090.1,48100,16-01-2024 14:50
48095.45,48146.65,48095.45,48132.65,16-01-2024 14:55
48124.05,48147.1,48108.05,48140.75,16-01-2024 15:00
48139.1,48143.55,48111.25,48127.2,16-01-2024 15:05
48123.75,48146.75,48110.5,48125.35,16-01-2024 15:10
48125.8,48136.5,48104.15,48117.2,16-01-2024 15:15
48113.1,48138.85,48096.3,48133.95,16-01-2024 15:20
48134.2,48137.45,48098.95,48111.7,16-01-2024 15:25
46573.95,47127.9,46534.3,47114.15,17-01-2024 09:15
47113.6,47212.75,47066,47069.15,17-01-2024 09:20
47060.8,47060.8,46887.35,46918.95,17-01-2024 09:25
46916.85,46963.35,46901.45,46935.2,17-01-2024 09:30
46936,46981,46909.05,46979.65,17-01-2024 09:35
46979.9,47069.55,46979.9,47030.35,17-01-2024 09:40
47026.8,47095.1,47024.6,47087.15,17-01-2024 09:45
47085.4,47115.5,47045.7,47090.8,17-01-2024 09:50
47083.8,47090.25,46898.75,46991.3,17-01-2024 09:55
46990.5,47002.5,46949.3,46986,17-01-2024 10:00
46982.05,46987.25,46951.55,46976.75,17-01-2024 10:05
46978.05,46987.7,46946.35,46953.35,17-01-2024 10:10
46950.95,46982.05,46911.2,46972.1,17-01-2024 10:15
46972.55,46980.95,46929,46934.45,17-01-2024 10:20
46926.75,46947.25,46872.35,46946.65,17-01-2024 10:25
46945.45,46951.25,46881.2,46886.95,17-01-2024 10:30
46885.2,46886.75,46648.4,46664.2,17-01-2024 10:35
46662.35,46728,46648.85,46692.7,17-01-2024 10:40
46687.55,46732.65,46655.8,46712.4,17-01-2024 10:45
46697.95,46715.95,46650.8,46668.95,17-01-2024 10:50
46664.1,46674.95,46586.55,46626.2,17-01-2024 10:55
46633.05,46649.75,46604.55,46630.6,17-01-2024 11:00
46625.1,46645.65,46588.55,46638.6,17-01-2024 11:05
46637.4,46660.5,46613.35,46613.35,17-01-2024 11:10
46609.45,46634.15,46555.95,46629.6,17-01-2024 11:15
46623.95,46641.7,46587.5,46597.15,17-01-2024 11:20
46595.7,46611.2,46574.2,46594.55,17-01-2024 11:25
46592.5,46606.85,46532.75,46576.95,17-01-2024 11:30
46577.5,46592.15,46524.3,46525.1,17-01-2024 11:35
46531.25,46539.85,46276.75,46380.85,17-01-2024 11:40
46364.75,46412.9,46353,46369.05,17-01-2024 11:45
46367.75,46389.95,46319.8,46386.4,17-01-2024 11:50
46384.55,46387.05,46311,46350.9,17-01-2024 11:55
46353.25,46356.15,46286.4,46311.6,17-01-2024 12:00
46311.9,46330.7,46271.35,46316.35,17-01-2024 12:05
46317.65,46398.3,46307.3,46381.05,17-01-2024 12:10
46385.95,46466.95,46362.7,46427.9,17-01-2024 12:15
46432.3,46446.35,46410.65,46416.55,17-01-2024 12:20
46418.15,46425.75,46323.55,46339.9,17-01-2024 12:25
46333,46344.55,46298.6,46318.15,17-01-2024 12:30
46318.4,46323.55,46259.15,46322.45,17-01-2024 12:35
46326.1,46329.8,46256.9,46280.8,17-01-2024 12:40
46279.6,46311.25,46267.6,46279,17-01-2024 12:45
46272.95,46286.35,46240.7,46247.5,17-01-2024 12:50
46246.25,46287.65,46237.4,46272,17-01-2024 12:55
46265.2,46370.3,46265.2,46354.2,17-01-2024 13:00
46351.7,46356.95,46304.05,46324.4,17-01-2024 13:05
46323.25,46337.95,46252.6,46264.25,17-01-2024 13:10
46264.7,46306.7,46241,46280.95,17-01-2024 13:15
46281.15,46296.3,46263.2,46275.55,17-01-2024 13:20
46276.45,46332.8,46264.75,46308.65,17-01-2024 13:25
46313.25,46322.5,46279.3,46299.8,17-01-2024 13:30
46299.6,46323.7,46212.95,46323.7,17-01-2024 13:35
46321.8,46360.65,46308.4,46322.8,17-01-2024 13:40
46324.85,46363.45,46316.3,46343,17-01-2024 13:45
46342.25,46387.15,46326.65,46331.5,17-01-2024 13:50
46333.9,46335.3,46290.4,46310.05,17-01-2024 13:55
46307.1,46323.5,46234.75,46264.05,17-01-2024 14:00
46264.8,46315.8,46262.9,46300.4,17-01-2024 14:05
46298.55,46330.7,46269.1,46320.15,17-01-2024 14:10
46331.2,46343.1,46246.5,46264,17-01-2024 14:15
46269.75,46278.75,46239.8,46262.05,17-01-2024 14:20
46255.7,46277.65,46211.05,46244.15,17-01-2024 14:25
46241.2,46251.65,46198.35,46240.9,17-01-2024 14:30
46235.45,46259.65,46216.75,46223.45,17-01-2024 14:35
46220.45,46238.85,46155.9,46163.85,17-01-2024 14:40
46168.65,46183,46067.75,46067.75,17-01-2024 14:45
46070.9,46129.25,46046.7,46089.15,17-01-2024 14:50
46092.45,46103.25,46010.05,46058.25,17-01-2024 14:55
46066.4,46113.4,46038.5,46038.5,17-01-2024 15:00
46039.6,46074.15,45979.6,46039.8,17-01-2024 15:05
46040.2,46156.25,46035.2,46122.15,17-01-2024 15:10
46119,46125.85,46028.8,46050.9,17-01-2024 15:15
46053.7,46075.6,46033.7,46067.25,17-01-2024 15:20
46064.65,46095.7,46051.1,46083.5,17-01-2024 15:25
45492.75,45640,45430.7,45603.55,18-01-2024 09:15
45616.55,45778.35,45611.45,45771.9,18-01-2024 09:20
45779.65,45824.1,45703.15,45772,18-01-2024 09:25
45764.35,45767.95,45675.6,45724.85,18-01-2024 09:30
45729,45732.35,45622.4,45705.7,18-01-2024 09:35
45702.25,45767.1,45657,45734.85,18-01-2024 09:40
45729.55,45745,45623.35,45623.85,18-01-2024 09:45
45627.1,45672.4,45554.2,45657.1,18-01-2024 09:50
45653,45654.85,45592.6,45604.65,18-01-2024 09:55
45600.15,45709.05,45600.15,45660.9,18-01-2024 10:00
45660.15,45908.85,45656.8,45905.3,18-01-2024 10:05
45908.25,45925.6,45747.3,45780.9,18-01-2024 10:10
45776.7,45801.3,45710,45795.3,18-01-2024 10:15
45808,45865.35,45783.45,45797.35,18-01-2024 10:20
45799.45,45854.3,45798.05,45807.75,18-01-2024 10:25
45805.05,45852.8,45722.65,45736.55,18-01-2024 10:30
45736.4,45802.35,45698.6,45802.05,18-01-2024 10:35
45799.05,45903.2,45766.45,45903.2,18-01-2024 10:40
45898.95,45971.8,45867.75,45913.2,18-01-2024 10:45
45913.05,45957,45887.5,45908.85,18-01-2024 10:50
45903.15,45943.5,45874.45,45943.5,18-01-2024 10:55
45942.3,45976.45,45898.3,45923.25,18-01-2024 11:00
45931.7,46033.75,45910.95,46025.35,18-01-2024 11:05
46023.4,46031,45989.1,45995.1,18-01-2024 11:10
45986.5,45992.5,45927.75,45959,18-01-2024 11:15
45958.85,46034.1,45936.35,46002.7,18-01-2024 11:20
46003.85,46013.45,45957.95,45980.1,18-01-2024 11:25
45978.55,46008,45952.6,45964.35,18-01-2024 11:30
45960.3,45960.45,45907.85,45949.45,18-01-2024 11:35
45953.85,45964.05,45889.65,45950.95,18-01-2024 11:40
45950.7,45970.75,45933.5,45938.65,18-01-2024 11:45
45941.4,45959.75,45907.35,45959.2,18-01-2024 11:50
45957.3,46013.3,45929.7,46009.95,18-01-2024 11:55
46012.6,46021.65,45978,46020.25,18-01-2024 12:00
46022.8,46089.4,46016.55,46082.5,18-01-2024 12:05
46084.8,46180.6,46073.9,46170.75,18-01-2024 12:10
46174.05,46184.05,46090.15,46139.8,18-01-2024 12:15
46135.55,46173.45,46100.95,46145.3,18-01-2024 12:20
46146.95,46174.85,46110.2,46136.85,18-01-2024 12:25
46134.3,46136.7,45963.3,45963.3,18-01-2024 12:30
45956.6,46024.35,45956.6,46018.4,18-01-2024 12:35
46019.65,46023.55,45841.35,45862.65,18-01-2024 12:40
45852.3,45903.35,45727.75,45766.55,18-01-2024 12:45
45762.35,45840.5,45746.9,45770.05,18-01-2024 12:50
45773.15,45823.55,45677.5,45688.15,18-01-2024 12:55
45685.95,45742.75,45650.9,45720.2,18-01-2024 13:00
45719.05,45781.9,45718.85,45737.55,18-01-2024 13:05
45737.1,45770.3,45698.7,45739.5,18-01-2024 13:10
45741.9,45769.55,45702.15,45748.9,18-01-2024 13:15
45749,45803.55,45744.5,45773.55,18-01-2024 13:20
45770.1,45770.1,45661.75,45678.85,18-01-2024 13:25
45677.8,45724.8,45661.6,45702.7,18-01-2024 13:30
45703.05,45730.05,45610.35,45656.7,18-01-2024 13:35
45655,45673.95,45616.85,45623.4,18-01-2024 13:40
45622.75,45658.4,45597.05,45624.5,18-01-2024 13:45
45622.7,45703,45592.4,45679.5,18-01-2024 13:50
45683.15,45713.2,45650.05,45657.85,18-01-2024 13:55
45658.55,45660.65,45609.05,45625.75,18-01-2024 14:00
45628.6,45639,45572.1,45594.25,18-01-2024 14:05
45595.7,45683.9,45571.25,45655.45,18-01-2024 14:10
45658.95,45673.15,45614.5,45624.75,18-01-2024 14:15
45625.75,45641.1,45595.25,45612,18-01-2024 14:20
45612.4,45616.9,45522.9,45547.9,18-01-2024 14:25
45550.8,45571.4,45507.05,45560.4,18-01-2024 14:30
45560.55,45657.75,45544.85,45630.3,18-01-2024 14:35
45626.95,45749.8,45600.5,45690.95,18-01-2024 14:40
45691.7,45693.25,45642.4,45679.6,18-01-2024 14:45
45681.1,45734.1,45672.9,45689.05,18-01-2024 14:50
45688.1,45696.95,45630.8,45649.45,18-01-2024 14:55
45654.5,45700.45,45628.7,45669.65,18-01-2024 15:00
45668.75,45786.7,45659.75,45724.45,18-01-2024 15:05
45726.05,45735.6,45686.45,45699.95,18-01-2024 15:10
45701.35,45739.85,45676.4,45729.6,18-01-2024 15:15
45731.15,45753.95,45696.45,45740.5,18-01-2024 15:20
45743.6,45778,45725.1,45762,18-01-2024 15:25
46103.5,46160.9,46026.15,46063.75,19-01-2024 09:15
46065.2,46098.05,46045.8,46067.75,19-01-2024 09:20
46064.9,46152.8,46045.1,46137.45,19-01-2024 09:25
46143.15,46169.8,46086.85,46088.95,19-01-2024 09:30
46080.85,46155.7,46080.85,46144.9,19-01-2024 09:35
46144.75,46183.85,46052.2,46084.8,19-01-2024 09:40
46088.1,46093.55,46017.25,46073.7,19-01-2024 09:45
46073.35,46098.55,46030.35,46087.1,19-01-2024 09:50
46092.3,46126.5,46082.15,46099.6,19-01-2024 09:55
46099.85,46139.4,46069.35,46137.2,19-01-2024 10:00
46139.85,46162.45,46117.7,46124.45,19-01-2024 10:05
46124.25,46128,46086.45,46109.45,19-01-2024 10:10
46111.85,46117.55,46081.55,46099.65,19-01-2024 10:15
46097.55,46127.2,46058.8,46127.2,19-01-2024 10:20
46122.35,46200.45,46120.65,46193.7,19-01-2024 10:25
46193.95,46249.85,46182.3,46231.25,19-01-2024 10:30
46229.7,46248.55,46215.5,46237,19-01-2024 10:35
46238.7,46241.95,46208.1,46214.55,19-01-2024 10:40
46213,46220.4,46172.7,46186.05,19-01-2024 10:45
46184.4,46205.6,46171.75,46172.8,19-01-2024 10:50
46178.05,46195.9,46139.75,46151.25,19-01-2024 10:55
46154.75,46162.75,46125.7,46133.55,19-01-2024 11:00
46136.75,46136.75,45937,45973.7,19-01-2024 11:05
45959.65,45975.45,45895.65,45930.15,19-01-2024 11:10
45925.95,45996.7,45906.1,45965.1,19-01-2024 11:15
45967.35,46004.65,45964.25,45996.35,19-01-2024 11:20
45997.1,46016.05,45964.5,45985.75,19-01-2024 11:25
45982.95,46004.55,45966.65,46000.8,19-01-2024 11:30
45999.5,46048.05,45955.95,46029.75,19-01-2024 11:35
46024.35,46030.45,45977.85,45981.3,19-01-2024 11:40
45980.7,46001.7,45943.55,45983.2,19-01-2024 11:45
45981.95,45996.75,45969.1,45980.05,19-01-2024 11:50
45976.05,45999.25,45955.4,45960.55,19-01-2024 11:55
45956.9,45970.25,45905.95,45912.9,19-01-2024 12:00
45908.75,45949.35,45906.7,45920.1,19-01-2024 12:05
45919.1,45922.9,45848.5,45912.25,19-01-2024 12:10
45906.55,45920.05,45874.15,45918.3,19-01-2024 12:15
45914.85,45914.85,45862.3,45886.45,19-01-2024 12:20
45881.45,45885.05,45840.95,45876,19-01-2024 12:25
45872.85,45894.05,45850.5,45891.1,19-01-2024 12:30
45887.8,45909.55,45876.5,45876.5,19-01-2024 12:35
45878.75,45891.35,45826.35,45877.1,19-01-2024 12:40
45873.55,45899.35,45861.45,45897.95,19-01-2024 12:45
45895.85,45906.45,45853.45,45896.75,19-01-2024 12:50
45894.9,45916.7,45881.3,45897.25,19-01-2024 12:55
45894.35,45916.95,45873.75,45878.05,19-01-2024 13:00
45879.95,45908.85,45868.1,45891.05,19-01-2024 13:05
45890.15,45915.05,45859.7,45912.15,19-01-2024 13:10
45909,45944.05,45906.3,45944.05,19-01-2024 13:15
45939.65,45942.9,45876.75,45882.95,19-01-2024 13:20
45882,45883.8,45697.05,45704.75,19-01-2024 13:25
45700.2,45736.2,45661.2,45711.45,19-01-2024 13:30
45707.4,45797.35,45695.95,45791.35,19-01-2024 13:35
45787.65,45805.6,45743.7,45748.6,19-01-2024 13:40
45752.95,45771.5,45725.5,45745.05,19-01-2024 13:45
45743.95,45753.05,45700.45,45733.75,19-01-2024 13:50
45730.55,45754.2,45706.1,45718.45,19-01-2024 13:55
45715.8,45730.15,45671.05,45712.7,19-01-2024 14:00
45711.5,45717.7,45668.95,45717.7,19-01-2024 14:05
45717.2,45726,45592.7,45595.8,19-01-2024 14:10
45593,45643.2,45558.05,45631.9,19-01-2024 14:15
45635.1,45662.6,45622.95,45627.75,19-01-2024 14:20
45627.35,45760.8,45626.6,45760.8,19-01-2024 14:25
45754.25,45756.65,45697.55,45722.95,19-01-2024 14:30
45724.85,45732.55,45656.65,45732.55,19-01-2024 14:35
45731.55,45767.7,45689.5,45738.6,19-01-2024 14:40
45738.8,45758.5,45712.2,45717.25,19-01-2024 14:45
45717.55,45742,45707.1,45739.6,19-01-2024 14:50
45738.5,45758.6,45684.65,45699.3,19-01-2024 14:55
45699.2,45725.55,45634.65,45662.3,19-01-2024 15:00
45668.2,45708.5,45658.75,45664.3,19-01-2024 15:05
45665.6,45705.8,45652.55,45692.5,19-01-2024 15:10
45692.45,45747.7,45689.65,45734.95,19-01-2024 15:15
45735.9,45735.9,45703.95,45722.3,19-01-2024 15:20
45722.75,45748.35,45719.15,45735.8,19-01-2024 15:25
45989.25,46016.75,45895.1,45976.15,20-01-2024 09:15
45978.2,46017.75,45976.55,45999.25,20-01-2024 09:20
45996.25,46069,45988.85,46012.25,20-01-2024 09:25
46013.85,46028.2,45936.95,45975.4,20-01-2024 09:30
45970.2,45987.4,45918.8,45924.3,20-01-2024 09:35
45926.95,45931.25,45792.6,45873.5,20-01-2024 09:40
45868.5,45876.45,45801.1,45824.7,20-01-2024 09:45
45822.9,45851.55,45804.05,45816.85,20-01-2024 09:50
45814.25,45871.2,45755.75,45794.3,20-01-2024 09:55
45786.4,45834.45,45768.9,45785.35,20-01-2024 10:00
45784.95,45810.3,45761.3,45761.3,20-01-2024 10:05
45759.5,45863.8,45749.05,45840.05,20-01-2024 10:10
45840.4,45879.4,45828.6,45848.55,20-01-2024 10:15
45852.1,45951.55,45846.75,45941.6,20-01-2024 10:20
45937.35,45940.65,45891.9,45933.55,20-01-2024 10:25
45929.5,45953.65,45911.2,45942.55,20-01-2024 10:30
45939.8,45943.3,45879.8,45893.4,20-01-2024 10:35
45893.9,45930.85,45883.8,45928.1,20-01-2024 10:40
45927.65,45995.8,45924.75,45978.9,20-01-2024 10:45
45980.65,46006.05,45965.6,45975.4,20-01-2024 10:50
45966.65,45994.6,45961.95,45994.6,20-01-2024 10:55
45984.95,46003,45944.3,45968.3,20-01-2024 11:00
45971.35,45988.05,45952.1,45976.1,20-01-2024 11:05
45976.45,45986.55,45940.25,45951.9,20-01-2024 11:10
45951.1,45961.95,45881.8,45902.7,20-01-2024 11:15
45904.8,45923.85,45881.9,45898.05,20-01-2024 11:20
45895.9,45956.75,45877.2,45916.5,20-01-2024 11:25
45919.6,45940.05,45890,45893.9,20-01-2024 11:30
45892.55,45928.8,45883,45911.35,20-01-2024 11:35
45911.15,45922.4,45872.15,45917.55,20-01-2024 11:40
45914.55,45923.8,45887.4,45896.7,20-01-2024 11:45
45896.65,45903.8,45859,45883.75,20-01-2024 11:50
45881.25,45922.6,45865.65,45920.75,20-01-2024 11:55
45915.45,45923,45889.8,45905.35,20-01-2024 12:00
45909.6,45916.85,45895.5,45907,20-01-2024 12:05
45905.75,45923.95,45902.3,45911.2,20-01-2024 12:10
45912.3,45927.05,45874.25,45920.55,20-01-2024 12:15
45916.45,45943.6,45903.4,45906.2,20-01-2024 12:20
45914.1,45916.7,45871,45893.25,20-01-2024 12:25
45890.35,45930.5,45844.5,45849,20-01-2024 12:30
45829.2,45846.55,45674.6,45774.15,20-01-2024 12:35
45785.25,45789.15,45640.9,45733.05,20-01-2024 12:40
45742.4,45907.65,45734.1,45867.7,20-01-2024 12:45
45864.9,45895.8,45854,45870.3,20-01-2024 12:50
45869.05,46063.3,45864.4,46057.25,20-01-2024 12:55
46058.55,46095.9,46006.25,46017.75,20-01-2024 13:00
46022.25,46109.1,45981.4,46062.7,20-01-2024 13:05
46064.7,46094,46045.2,46078.15,20-01-2024 13:10
46075.65,46113.1,46057.65,46076.5,20-01-2024 13:15
46079.9,46107.05,46037.65,46099.45,20-01-2024 13:20
46106.85,46183.7,46090.2,46120.65,20-01-2024 13:25
46121.2,46135.1,46068.1,46087.7,20-01-2024 13:30
46088.05,46098.7,46055.85,46061.85,20-01-2024 13:35
46061.8,46092.45,46040.8,46092.45,20-01-2024 13:40
46091.5,46097.6,46022.85,46036.15,20-01-2024 13:45
46035.75,46059.65,46022.7,46056.85,20-01-2024 13:50
46057.9,46114.2,46050.3,46093.25,20-01-2024 13:55
46093.85,46110.9,46048.75,46055.9,20-01-2024 14:00
46060.45,46074.45,46048.9,46053.2,20-01-2024 14:05
46057.8,46129.1,46049.25,46108.8,20-01-2024 14:10
46108.25,46142.45,46058.75,46082.7,20-01-2024 14:15
46082.9,46128.45,46063.4,46122.3,20-01-2024 14:20
46118.35,46147.4,46098.1,46130,20-01-2024 14:25
46130.8,46139.5,46086.25,46133.7,20-01-2024 14:30
46140.95,46150.85,46100.45,46116.7,20-01-2024 14:35
46122.35,46138.3,46065.95,46079.6,20-01-2024 14:40
46081.75,46148.1,46053.55,46140.75,20-01-2024 14:45
46143.25,46144.6,46088,46109.7,20-01-2024 14:50
46107.8,46118.65,46089.9,46105.75,20-01-2024 14:55
46108.55,46119.9,46033.65,46080.05,20-01-2024 15:00
46083.3,46090.2,45940.5,45977.85,20-01-2024 15:05
45989.4,46084.25,45959.25,46075.05,20-01-2024 15:10
46076,46129.45,46049.85,46086.2,20-01-2024 15:15
46083.75,46114.4,46056,46110.35,20-01-2024 15:20
46113.65,46117.1,46095.9,46108.8,20-01-2024 15:25
46495.45,46580.3,46391.6,46444.55,23-01-2024 09:15
46442.2,46447.45,46371.95,46380.2,23-01-2024 09:20
46383.35,46400.8,46346.9,46392.4,23-01-2024 09:25
46394.9,46403.3,46316.4,46363.4,23-01-2024 09:30
46367.05,46368.95,46224.05,46252.35,23-01-2024 09:35
46257.7,46293.35,46209.05,46271.5,23-01-2024 09:40
46275.7,46301.2,46191.05,46195.4,23-01-2024 09:45
46196.7,46253.35,46155.6,46196.95,23-01-2024 09:50
46198.4,46198.4,45981.55,46011.75,23-01-2024 09:55
46012.85,46045.05,45959.1,46009.35,23-01-2024 10:00
46011.9,46027.5,45898.6,45973.05,23-01-2024 10:05
45972.65,46013.1,45953.55,45993.7,23-01-2024 10:10
45992.45,46053.05,45985.4,46010.5,23-01-2024 10:15
46008.7,46009.45,45856.45,45856.45,23-01-2024 10:20
45855.2,45884.8,45804.75,45828.95,23-01-2024 10:25
45829.95,45895.5,45820.8,45860.3,23-01-2024 10:30
45859.5,45887.5,45714.65,45721.5,23-01-2024 10:35
45720.7,45722.75,45645.3,45675.35,23-01-2024 10:40
45677.55,45738.3,45660.25,45665.85,23-01-2024 10:45
45662.3,45762.45,45662.3,45755.55,23-01-2024 10:50
45754.05,45769.3,45683.1,45746.3,23-01-2024 10:55
45738.8,45750.6,45646.6,45713.1,23-01-2024 11:00
45713.75,45759.75,45700,45743.5,23-01-2024 11:05
45745.7,45780.4,45718.2,45723.85,23-01-2024 11:10
45724.5,45734.25,45625.8,45637.55,23-01-2024 11:15
45628.65,45670.55,45573.25,45645.15,23-01-2024 11:20
45651.25,45686.75,45638.95,45667.95,23-01-2024 11:25
45667.85,45676.1,45613.8,45674.85,23-01-2024 11:30
45676.85,45688.2,45565.6,45576,23-01-2024 11:35
45567.5,45577.25,45309.75,45351.2,23-01-2024 11:40
45342.05,45380.75,45323.05,45338.4,23-01-2024 11:45
45340.75,45390.2,45282,45311.75,23-01-2024 11:50
45312.65,45365.35,45291.8,45317.65,23-01-2024 11:55
45316.9,45323.2,45217.9,45236.75,23-01-2024 12:00
45237.2,45249.35,45089.6,45150.15,23-01-2024 12:05
45146.95,45185.6,45139.3,45143.85,23-01-2024 12:10
45143.85,45274.65,45141.4,45217.85,23-01-2024 12:15
45215.95,45262,45204.9,45208.2,23-01-2024 12:20
45207.35,45319.4,45205.1,45306.1,23-01-2024 12:25
45315.75,45362.85,45280.35,45320.55,23-01-2024 12:30
45322.6,45335.75,45253.35,45262.75,23-01-2024 12:35
45256.95,45328.55,45256.5,45304.25,23-01-2024 12:40
45294.2,45326.35,45244.3,45302.1,23-01-2024 12:45
45304.6,45331.1,45262.8,45299.45,23-01-2024 12:50
45295.95,45295.95,45214.75,45243.3,23-01-2024 12:55
45243.9,45279.05,45236.7,45249.25,23-01-2024 13:00
45251.4,45263.9,45199.7,45206.4,23-01-2024 13:05
45206.25,45241.35,45193.1,45222.2,23-01-2024 13:10
45225.05,45268.95,45195,45218.25,23-01-2024 13:15
45219.45,45224.35,45141.45,45160.3,23-01-2024 13:20
45155,45203.65,45119.4,45184,23-01-2024 13:25
45187.3,45219.25,45159.65,45161.25,23-01-2024 13:30
45166.3,45198.75,45151.3,45151.3,23-01-2024 13:35
45150.9,45173.9,45115.95,45173.8,23-01-2024 13:40
45174.9,45183.75,45151.3,45177,23-01-2024 13:45
45177.25,45180.7,45063,45125.7,23-01-2024 13:50
45124.1,45135.25,45079.85,45114.75,23-01-2024 13:55
45117.8,45142.2,45080.7,45133.2,23-01-2024 14:00
45131.05,45135.9,45066,45090.8,23-01-2024 14:05
45088.55,45109.05,45071.1,45073.9,23-01-2024 14:10
45074.35,45097.75,45051.2,45084.9,23-01-2024 14:15
45081.7,45089.9,44974.1,45001.55,23-01-2024 14:20
44992.5,44999.8,44901.4,44936.6,23-01-2024 14:25
44941.6,44986.15,44927.3,44941,23-01-2024 14:30
44934.75,44949.45,44895.7,44924.45,23-01-2024 14:35
44918.7,44959.1,44886.1,44903.7,23-01-2024 14:40
44904.7,45040.7,44904.7,45022.15,23-01-2024 14:45
45025.35,45105.9,44978.15,45005.1,23-01-2024 14:50
45003.65,45021.7,44939.2,44959,23-01-2024 14:55
44959.05,44999.55,44929.2,44967.25,23-01-2024 15:00
44957.1,45095.55,44953.05,45071.2,23-01-2024 15:05
45070.75,45086.6,44997.55,45029.8,23-01-2024 15:10
45029.45,45060.6,44990.1,44992.95,23-01-2024 15:15
44997.15,45066.6,44976.4,45025.85,23-01-2024 15:20
45024,45061.15,45004.7,45006.35,23-01-2024 15:25
44489.4,44918.85,44489.4,44603.35,24-01-2024 09:15
44610.55,44908.55,44610.55,44908.55,24-01-2024 09:20
44917.35,44928.95,44825.05,44923.5,24-01-2024 09:25
44945.35,45058.05,44893.55,44975.75,24-01-2024 09:30
44975.15,45099.4,44956.7,45092.8,24-01-2024 09:35
45094.35,45151.35,45064.95,45096,24-01-2024 09:40
45108.4,45319.2,45108.4,45262.1,24-01-2024 09:45
45263.25,45301.1,45200.85,45249.6,24-01-2024 09:50
45246.3,45337.2,45225.3,45320.85,24-01-2024 09:55
45320.1,45397.7,45162.75,45168.75,24-01-2024 10:00
45176.45,45337.75,45176.45,45259.95,24-01-2024 10:05
45255.3,45289.3,45234.55,45261.95,24-01-2024 10:10
45263.35,45391.95,45262.95,45363,24-01-2024 10:15
45370.05,45483.45,45359,45434.7,24-01-2024 10:20
45433.55,45485.5,45389.5,45412.35,24-01-2024 10:25
45412.9,45457.75,45380.3,45434.2,24-01-2024 10:30
45433.6,45445.1,45368,45421.35,24-01-2024 10:35
45415.5,45428.05,45291.3,45292.1,24-01-2024 10:40
45291.95,45302.05,45192.8,45218.95,24-01-2024 10:45
45219.55,45312.35,45198.9,45304.5,24-01-2024 10:50
45301.9,45368.5,45255.7,45261.25,24-01-2024 10:55
45260.4,45329.6,45260.4,45289.3,24-01-2024 11:00
45289.05,45339.75,45238.55,45245.4,24-01-2024 11:05
45240.5,45278.55,45230,45255,24-01-2024 11:10
45255.1,45302,45240.35,45278.65,24-01-2024 11:15
45290.75,45323.75,45128.1,45128.1,24-01-2024 11:20
45127.2,45162.5,44974,44974,24-01-2024 11:25
44976.85,44993.15,44835.2,44927.9,24-01-2024 11:30
44927.4,45113.7,44927.4,45032.35,24-01-2024 11:35
45039.75,45079.55,44992.85,45057.2,24-01-2024 11:40
45048.6,45053.5,44926.85,44956.05,24-01-2024 11:45
44958.35,45000.75,44926.25,44986.4,24-01-2024 11:50
44981.95,44988.65,44894.2,44937.25,24-01-2024 11:55
44931.7,44942.1,44748.6,44764.65,24-01-2024 12:00
44756.3,44784.05,44684.3,44750.3,24-01-2024 12:05
44750.85,44783.1,44664.8,44709.1,24-01-2024 12:10
44709.55,44799.75,44697.9,44799.75,24-01-2024 12:15
44810.3,44832,44688.05,44688.05,24-01-2024 12:20
44688.25,44745,44637.75,44733.45,24-01-2024 12:25
44733.6,44744.3,44641.35,44661.75,24-01-2024 12:30
44675.9,44703.2,44622.35,44625.9,24-01-2024 12:35
44627.15,44681.5,44604.5,44616.75,24-01-2024 12:40
44614.35,44697.85,44614.35,44677.85,24-01-2024 12:45
44673.05,44776.4,44666.1,44680.05,24-01-2024 12:50
44682.55,44791.4,44682.55,44791.4,24-01-2024 12:55
44787.85,44880,44775.9,44852.65,24-01-2024 13:00
44855.25,44891.35,44785,44809.25,24-01-2024 13:05
44808.2,44849.45,44764.1,44804.05,24-01-2024 13:10
44802.45,44846.2,44682.6,44834.9,24-01-2024 13:15
44833.45,44916.45,44782.95,44788.05,24-01-2024 13:20
44790.4,44852.9,44773.9,44810.65,24-01-2024 13:25
44808.15,44836.75,44749.95,44773.45,24-01-2024 13:30
44770.15,44810.85,44750.25,44774.4,24-01-2024 13:35
44771.5,44814.65,44745.9,44758.55,24-01-2024 13:40
44762.4,44798.35,44741.65,44741.65,24-01-2024 13:45
44736.55,44756.75,44666.2,44692.1,24-01-2024 13:50
44696,44740.35,44674.4,44680.25,24-01-2024 13:55
44682.95,44805.05,44682.95,44805.05,24-01-2024 14:00
44800.55,44846.15,44758.95,44770.2,24-01-2024 14:05
44768.75,44788.85,44716.1,44774.1,24-01-2024 14:10
44776.25,44806.85,44737.7,44789.85,24-01-2024 14:15
44789.55,44839.4,44788.05,44804,24-01-2024 14:20
44807.95,44865.8,44774.45,44847.8,24-01-2024 14:25
44850.35,44921.5,44831.55,44919.95,24-01-2024 14:30
44921.9,45011.45,44916.9,45002.05,24-01-2024 14:35
45006.65,45102.85,44994.55,45098.75,24-01-2024 14:40
45099.35,45101.15,44945.2,45023.15,24-01-2024 14:45
45021.2,45038,45000.05,45032.25,24-01-2024 14:50
45036.7,45101.55,45034.3,45091.75,24-01-2024 14:55
45093.5,45148.2,45007.15,45063.35,24-01-2024 15:00
45056.35,45098.95,45036.3,45064.3,24-01-2024 15:05
45062.9,45111.65,45055.25,45108.45,24-01-2024 15:10
45108.35,45146,45101.85,45107.55,24-01-2024 15:15
45107.65,45107.65,45056.2,45059.95,24-01-2024 15:20
45059.9,45081.95,45055.45,45071.3,24-01-2024 15:25
45057.95,45136.1,44897.4,45028.2,25-01-2024 09:15
45022.35,45127.5,44905,44916.3,25-01-2024 09:20
44908,45103.45,44891.65,45046.55,25-01-2024 09:25
45046.1,45069.8,44878.7,44887.2,25-01-2024 09:30
44890.05,44977.1,44865,44938.95,25-01-2024 09:35
44937.75,44986.55,44897.05,44900.55,25-01-2024 09:40
44903.35,44986.65,44847.3,44937.15,25-01-2024 09:45
44933.95,44944.95,44847.25,44859.1,25-01-2024 09:50
44856,44888.6,44813.3,44853.3,25-01-2024 09:55
44854.7,44882.55,44826.3,44836.6,25-01-2024 10:00
44841.4,44882.05,44828.3,44830.3,25-01-2024 10:05
44831.45,44856.2,44804,44824.35,25-01-2024 10:10
44825.95,44836.55,44604.55,44637.8,25-01-2024 10:15
44631.85,44652.2,44567.3,44609.45,25-01-2024 10:20
44609.3,44699.55,44605,44691.4,25-01-2024 10:25
44697.25,44747.75,44645.25,44653.45,25-01-2024 10:30
44653.7,44703.5,44628.9,44684.4,25-01-2024 10:35
44682.2,44696.4,44547.05,44625.65,25-01-2024 10:40
44629.1,44643.05,44592.35,44618,25-01-2024 10:45
44623.45,44653.5,44586.95,44589.9,25-01-2024 10:50
44591.05,44615.05,44571.8,44609,25-01-2024 10:55
44609.45,44682,44570.9,44610.4,25-01-2024 11:00
44609.85,44652.55,44605.15,44620.65,25-01-2024 11:05
44619.45,44663.05,44575.15,44601,25-01-2024 11:10
44602.45,44662.55,44586.95,44654.9,25-01-2024 11:15
44658.3,44710.75,44623.6,44627.7,25-01-2024 11:20
44629.35,44667.3,44585.8,44600.45,25-01-2024 11:25
44597.35,44629.1,44574.7,44587.5,25-01-2024 11:30
44588.1,44699.85,44570.95,44692.25,25-01-2024 11:35
44690.5,44769.1,44654.35,44667.25,25-01-2024 11:40
44667.6,44668.5,44599.2,44599.2,25-01-2024 11:45
44598.8,44599.1,44513.65,44556.65,25-01-2024 11:50
44558.2,44590.55,44516.35,44569.7,25-01-2024 11:55
44571.4,44621.75,44548.85,44579.95,25-01-2024 12:00
44578.85,44599.1,44556.85,44568.2,25-01-2024 12:05
44570.95,44597.95,44545.35,44558.6,25-01-2024 12:10
44561.55,44566.55,44520.8,44548.6,25-01-2024 12:15
44550.6,44552.3,44505.3,44530.4,25-01-2024 12:20
44531.25,44582,44524.6,44550.2,25-01-2024 12:25
44553.45,44557.85,44488.35,44519.15,25-01-2024 12:30
44518.55,44583.1,44508.55,44580.75,25-01-2024 12:35
44583.3,44614.3,44538.05,44554.4,25-01-2024 12:40
44556.7,44631.95,44536.25,44595.3,25-01-2024 12:45
44601.25,44601.25,44546.55,44546.55,25-01-2024 12:50
44552.8,44571.25,44430.95,44448.5,25-01-2024 12:55
44453.5,44502.7,44429,44499.1,25-01-2024 13:00
44501.35,44524.4,44470.4,44479.1,25-01-2024 13:05
44483.05,44547.25,44473.85,44542.25,25-01-2024 13:10
44543.55,44550.9,44484.15,44502.95,25-01-2024 13:15
44507.7,44515,44482.75,44485.8,25-01-2024 13:20
44486.8,44490.7,44449.6,44450.65,25-01-2024 13:25
44454.8,44510.15,44444.35,44486.6,25-01-2024 13:30
44486.75,44526.95,44474,44502.6,25-01-2024 13:35
44503.75,44535.25,44486.8,44502.65,25-01-2024 13:40
44503.15,44573.85,44501.3,44557.35,25-01-2024 13:45
44557.5,44604.65,44555.1,44578.05,25-01-2024 13:50
44578.15,44648.65,44559.1,44602.2,25-01-2024 13:55
44599.05,44628.95,44576.6,44577.05,25-01-2024 14:00
44577.05,44595.35,44527.7,44542.85,25-01-2024 14:05
44543,44567.65,44521.75,44537.55,25-01-2024 14:10
44534.2,44553.15,44494.45,44523.05,25-01-2024 14:15
44524.5,44570.6,44519.8,44561.55,25-01-2024 14:20
44563.8,44616.2,44551.1,44605.1,25-01-2024 14:25
44607,44635.85,44593.6,44597.2,25-01-2024 14:30
44594.95,44599.6,44553.05,44557.6,25-01-2024 14:35
44560.25,44585.95,44526.95,44545.05,25-01-2024 14:40
44545.55,44574.9,44537.2,44555.55,25-01-2024 14:45
44555.85,44575.6,44533.2,44567.9,25-01-2024 14:50
44570,44595.4,44568.15,44581.45,25-01-2024 14:55
44581.95,44709.85,44581.95,44696.6,25-01-2024 15:00
44696.6,44814.1,44696.6,44809.95,25-01-2024 15:05
44811.6,44909.3,44811.6,44872.45,25-01-2024 15:10
44874.85,44973.95,44869.35,44939.15,25-01-2024 15:15
44943.3,45026.9,44937.65,45026.9,25-01-2024 15:20
45028,45139.05,44953.2,44988.5,25-01-2024 15:25
45171.5,45291.9,45110.9,45244.95,29-01-2024 09:15
45249.05,45315.3,45230.9,45277,29-01-2024 09:20
45278.2,45347.95,45278.2,45334.35,29-01-2024 09:25
45329.4,45421.15,45256.4,45410.15,29-01-2024 09:30
45413.7,45434.85,45342.45,45350.4,29-01-2024 09:35
45355.75,45397.95,45325.1,45344.3,29-01-2024 09:40
45350.3,45400.55,45325.45,45329.95,29-01-2024 09:45
45331.9,45378.7,45330.45,45347.85,29-01-2024 09:50
45346.7,45470.9,45341.75,45460.1,29-01-2024 09:55
45459.6,45481.85,45425.95,45458.85,29-01-2024 10:00
45461.7,45472.5,45433.7,45450.7,29-01-2024 10:05
45449.15,45499.45,45412.5,45463.9,29-01-2024 10:10
45464.8,45573.85,45454.25,45556.5,29-01-2024 10:15
45557.5,45654.15,45544.25,45647.35,29-01-2024 10:20
45650.1,45660.35,45590.85,45618.15,29-01-2024 10:25
45608.05,45635.7,45571.55,45599.6,29-01-2024 10:30
45595.4,45606.1,45552.55,45595.65,29-01-2024 10:35
45593.1,45638.9,45574.25,45577.25,29-01-2024 10:40
45575.1,45601.6,45553.3,45573.6,29-01-2024 10:45
45573.6,45592.6,45508.35,45531.95,29-01-2024 10:50
45532.6,45614,45523.35,45580.7,29-01-2024 10:55
45584.35,45593.3,45559.65,45587.1,29-01-2024 11:00
45586.75,45590.4,45557.35,45570.9,29-01-2024 11:05
45568.85,45568.85,45524.75,45546.55,29-01-2024 11:10
45544.05,45556.15,45433.15,45457.9,29-01-2024 11:15
45465.35,45474.7,45323.35,45353.95,29-01-2024 11:20
45351.25,45484.3,45329,45473.25,29-01-2024 11:25
45479.65,45549.9,45430.2,45442.05,29-01-2024 11:30
45442.6,45495.85,45441.4,45479.65,29-01-2024 11:35
45481.05,45502.95,45443.25,45471.45,29-01-2024 11:40
45471.75,45486.95,45440.4,45471.5,29-01-2024 11:45
45471.85,45494.15,45447.05,45490.1,29-01-2024 11:50
45494.75,45494.75,45447.95,45469,29-01-2024 11:55
45466.4,45476.1,45449.65,45463.6,29-01-2024 12:00
45461.85,45495.65,45455.05,45481.9,29-01-2024 12:05
45481.55,45519.5,45473.7,45497.55,29-01-2024 12:10
45500.35,45527.3,45487.75,45527.3,29-01-2024 12:15
45527.15,45540.05,45514.15,45516.4,29-01-2024 12:20
45513.55,45516.2,45424.05,45461.35,29-01-2024 12:25
45463.1,45495.6,45461.4,45481.15,29-01-2024 12:30
45484.05,45519.1,45484,45496.35,29-01-2024 12:35
45498.3,45510.2,45487.9,45495.8,29-01-2024 12:40
45493.3,45510.5,45484.3,45485,29-01-2024 12:45
45485.6,45496.75,45468,45485.7,29-01-2024 12:50
45485.05,45523.15,45470.55,45516.55,29-01-2024 12:55
45520.8,45554.85,45472.1,45485.45,29-01-2024 13:00
45489.45,45498.5,45383.65,45432.55,29-01-2024 13:05
45428.6,45467.6,45408.7,45449.8,29-01-2024 13:10
45449.05,45464.65,45401.45,45406.7,29-01-2024 13:15
45409.05,45440.1,45396.25,45426.35,29-01-2024 13:20
45425.9,45448.95,45404.35,45410.95,29-01-2024 13:25
45411,45413.25,45341.65,45385.3,29-01-2024 13:30
45388.25,45435.25,45388.25,45421.3,29-01-2024 13:35
45421.9,45446.7,45411.6,45418.05,29-01-2024 13:40
45421.15,45459.7,45402,45451.6,29-01-2024 13:45
45450.6,45511.9,45442.2,45477.75,29-01-2024 13:50
45477.3,45501.25,45450.75,45462.05,29-01-2024 13:55
45464.4,45504.25,45463.35,45493.55,29-01-2024 14:00
45491.85,45501.1,45470.75,45474.4,29-01-2024 14:05
45476.1,45489.95,45414.45,45439.35,29-01-2024 14:10
45438.95,45455.35,45410.05,45447.9,29-01-2024 14:15
45449.25,45466.1,45438.35,45451.6,29-01-2024 14:20
45452.7,45481.5,45424.9,45426.9,29-01-2024 14:25
45428.8,45437.7,45379.35,45395,29-01-2024 14:30
45395.4,45453.5,45373.7,45434.95,29-01-2024 14:35
45434.05,45467.8,45433.7,45439.4,29-01-2024 14:40
45437.3,45467.3,45416.25,45416.25,29-01-2024 14:45
45420.05,45437.35,45387.35,45399.5,29-01-2024 14:50
45402.4,45408.95,45239.15,45270.45,29-01-2024 14:55
45274.75,45381.2,45203.8,45346,29-01-2024 15:00
45340.2,45492.1,45323.75,45479.55,29-01-2024 15:05
45472.75,45507.75,45460.65,45493.15,29-01-2024 15:10
45489.2,45538.55,45489.2,45530.1,29-01-2024 15:15
45526.6,45538,45507.4,45530.4,29-01-2024 15:20
45526.35,45530.45,45470.6,45499.05,29-01-2024 15:25
45481.5,45678.7,45462.8,45664.1,30-01-2024 09:15
45659.85,45661.55,45440.6,45503.95,30-01-2024 09:20
45500.8,45517.4,45398,45409,30-01-2024 09:25
45415.6,45547.1,45397.2,45427.85,30-01-2024 09:30
45444.05,45465.2,45341.45,45351.15,30-01-2024 09:35
45353.6,45458.7,45321.45,45424.75,30-01-2024 09:40
45420.2,45426.9,45341.75,45341.75,30-01-2024 09:45
45334.5,45359.05,45293,45317.25,30-01-2024 09:50
45314.45,45391.2,45264.15,45357.05,30-01-2024 09:55
45348.8,45386.15,45323.4,45386.15,30-01-2024 10:00
45382.25,45387.55,45283.5,45312.4,30-01-2024 10:05
45313.4,45400.3,45296.75,45351.35,30-01-2024 10:10
45361.65,45370.3,45315,45337.45,30-01-2024 10:15
45339.05,45412.55,45330.9,45409.5,30-01-2024 10:20
45411.55,45411.55,45308.1,45339.2,30-01-2024 10:25
45340.6,45386.9,45317.15,45381.6,30-01-2024 10:30
45380.5,45435,45380.5,45407.55,30-01-2024 10:35
45405.5,45433.5,45358.2,45367,30-01-2024 10:40
45367.85,45388.2,45349.5,45374.3,30-01-2024 10:45
45373.45,45373.45,45336.6,45370.5,30-01-2024 10:50
45368.55,45425.2,45368.55,45415.3,30-01-2024 10:55
45415.55,45445.35,45399,45404.5,30-01-2024 11:00
45403.15,45404.25,45278.95,45297.55,30-01-2024 11:05
45297.85,45348.2,45290.3,45342.45,30-01-2024 11:10
45342.6,45356.1,45322.35,45356.1,30-01-2024 11:15
45352.8,45353.4,45316.8,45323.3,30-01-2024 11:20
45322.65,45374.7,45314.85,45367.25,30-01-2024 11:25
45367.05,45378.75,45351.9,45378.75,30-01-2024 11:30
45378.4,45384.65,45337.9,45346.3,30-01-2024 11:35
45345.5,45367.25,45334.05,45364.85,30-01-2024 11:40
45364.5,45381.45,45352.05,45375.55,30-01-2024 11:45
45375.85,45393.2,45365.2,45389.65,30-01-2024 11:50
45391.15,45524.2,45388.25,45513.65,30-01-2024 11:55
45516.6,45518.4,45461.25,45486.5,30-01-2024 12:00
45484.1,45484.1,45429.5,45432.2,30-01-2024 12:05
45431,45469.65,45428.9,45454.3,30-01-2024 12:10
45452.25,45481.3,45440.45,45476.3,30-01-2024 12:15
45473.5,45475.85,45426.95,45427.3,30-01-2024 12:20
45426.1,45477.25,45418.1,45473.4,30-01-2024 12:25
45470.75,45475.8,45419.2,45438.7,30-01-2024 12:30
45434.05,45459.25,45420.4,45454.5,30-01-2024 12:35
45454.2,45465.9,45409.9,45416.5,30-01-2024 12:40
45413.65,45430.25,45396.9,45420.15,30-01-2024 12:45
45420.25,45452.65,45416.65,45441.05,30-01-2024 12:50
45439.45,45472.4,45439.45,45463.95,30-01-2024 12:55
45463.45,45471.35,45444.35,45446.5,30-01-2024 13:00
45446.65,45452.15,45411.9,45424.4,30-01-2024 13:05
45423.85,45452.2,45407,45440.2,30-01-2024 13:10
45439.7,45446.65,45412.9,45442.65,30-01-2024 13:15
45442.15,45442.35,45336.5,45418.4,30-01-2024 13:20
45411.4,45439.95,45397.65,45432.45,30-01-2024 13:25
45430.95,45440.75,45414.25,45430.3,30-01-2024 13:30
45431.45,45458.2,45423.75,45456.85,30-01-2024 13:35
45454.85,45467.85,45438.25,45445.4,30-01-2024 13:40
45444.9,45445.85,45389.6,45416.85,30-01-2024 13:45
45419.4,45459.7,45408.15,45435.75,30-01-2024 13:50
45435.85,45442.45,45418.8,45429,30-01-2024 13:55
45425.65,45439.95,45383.9,45402.4,30-01-2024 14:00
45406.75,45409.95,45364.65,45388.15,30-01-2024 14:05
45392.55,45472.15,45369.05,45466.2,30-01-2024 14:10
45465.65,45492.5,45378.25,45399.15,30-01-2024 14:15
45402.15,45430.1,45382.9,45394.4,30-01-2024 14:20
45393.05,45400.2,45336.5,45336.5,30-01-2024 14:25
45336.7,45342.5,45251.45,45273,30-01-2024 14:30
45272.25,45326.25,45206.05,45313.5,30-01-2024 14:35
45313.5,45331.65,45255.95,45307.8,30-01-2024 14:40
45305.8,45399,45274.35,45393.25,30-01-2024 14:45
45389.25,45451.8,45343.3,45383.25,30-01-2024 14:50
45382.1,45402.65,45366.95,45392.05,30-01-2024 14:55
45390.05,45432.2,45326.35,45357,30-01-2024 15:00
45358.5,45371.3,45327.65,45348.1,30-01-2024 15:05
45346.8,45397.9,45335.65,45395.8,30-01-2024 15:10
45396.1,45409.1,45349.95,45367.55,30-01-2024 15:15
45367.55,45406.7,45359.7,45386.4,30-01-2024 15:20
45379.6,45392.6,45290.6,45319.55,30-01-2024 15:25
45295.65,45330.5,45095.55,45105.75,31-01-2024 09:15
45106.75,45143.95,45071.2,45112.65,31-01-2024 09:20
45119.3,45198.95,45115.15,45197.55,31-01-2024 09:25
45194.6,45223.15,45102.45,45191.15,31-01-2024 09:30
45185.85,45240.5,45180.1,45225.2,31-01-2024 09:35
45225.5,45467.3,45201.35,45409,31-01-2024 09:40
45417,45492.55,45379.2,45427.8,31-01-2024 09:45
45432.05,45458.9,45380.7,45389.85,31-01-2024 09:50
45387.65,45487.75,45360.9,45426.75,31-01-2024 09:55
45424.5,45536.7,45399.65,45531.4,31-01-2024 10:00
45545.8,45803.1,45541.55,45775.45,31-01-2024 10:05
45783.45,45859.15,45736.75,45824.45,31-01-2024 10:10
45818.2,45886.75,45793.15,45821.65,31-01-2024 10:15
45816.6,45841.9,45760.7,45836.35,31-01-2024 10:20
45837.7,45889.4,45805.55,45842,31-01-2024 10:25
45845.45,46081.5,45835.5,46047.9,31-01-2024 10:30
46046.5,46127.75,46027.3,46075.35,31-01-2024 10:35
46069.45,46089.15,45990.5,46025.75,31-01-2024 10:40
46030.8,46055.85,45993,46055.85,31-01-2024 10:45
46062.95,46069.6,46000.35,46015,31-01-2024 10:50
46015.45,46043.9,45971.65,46001.65,31-01-2024 10:55
46002.7,46051.95,45999.15,46017.15,31-01-2024 11:00
46018.9,46132.2,46017.4,46102.5,31-01-2024 11:05
46099.45,46118.65,46050.15,46056.25,31-01-2024 11:10
46054.15,46082.8,46029.9,46081.3,31-01-2024 11:15
46080.35,46088.05,46022.3,46045.15,31-01-2024 11:20
46044.85,46089.75,46035.2,46075.6,31-01-2024 11:25
46076.25,46166.55,46074.7,46112.35,31-01-2024 11:30
46108.4,46132.05,46087.55,46107.3,31-01-2024 11:35
46105.4,46119,46072.7,46086.45,31-01-2024 11:40
46089.4,46115.5,46082.1,46114.15,31-01-2024 11:45
46112.95,46125.6,46088.65,46110.95,31-01-2024 11:50
46107,46146.6,46101.15,46118.2,31-01-2024 11:55
46118.75,46179.75,46112.65,46157.1,31-01-2024 12:00
46156.9,46173.6,46115.05,46131.4,31-01-2024 12:05
46134.25,46139.75,46042.25,46046.35,31-01-2024 12:10
46047.05,46082.2,46008.65,46017.5,31-01-2024 12:15
46014.3,46059.3,46013.75,46049.3,31-01-2024 12:20
46049.75,46063.6,45874.5,45949.3,31-01-2024 12:25
45950.95,45980.25,45912.3,45970.7,31-01-2024 12:30
45969.5,45971.35,45896.65,45930.1,31-01-2024 12:35
45932.25,45939.3,45872,45915.65,31-01-2024 12:40
45915.15,45948.1,45882.1,45918.55,31-01-2024 12:45
45918.35,45937.5,45873.55,45916.7,31-01-2024 12:50
45916.55,45973.25,45908.7,45962.6,31-01-2024 12:55
45961.6,46027.15,45961.6,46002.15,31-01-2024 13:00
46000.55,46018.3,45960.65,45976,31-01-2024 13:05
45973.1,46024.65,45966.7,46015.45,31-01-2024 13:10
46014.45,46050.65,46005.65,46029.9,31-01-2024 13:15
46029.45,46044.3,46000.6,46003.1,31-01-2024 13:20
46003.25,46013.9,45976.15,46005.8,31-01-2024 13:25
46003,46031.6,45997.85,46003.85,31-01-2024 13:30
46003.25,46019.4,45971.25,45975.65,31-01-2024 13:35
45975.3,46016.1,45935.65,45995.7,31-01-2024 13:40
45993.85,46002.7,45972.15,45979.3,31-01-2024 13:45
45975.45,46043.55,45970.4,46042.95,31-01-2024 13:50
46041.1,46074.95,46024,46053.4,31-01-2024 13:55
46044.35,46061,46026.75,46034.7,31-01-2024 14:00
46036.65,46047.05,46011.15,46031.75,31-01-2024 14:05
46032.85,46084.35,46027.75,46041.3,31-01-2024 14:10
46041.7,46054.2,45992.65,46005.3,31-01-2024 14:15
46007.65,46033.65,45946.4,45963.25,31-01-2024 14:20
45969.8,45997.2,45922.35,45958.5,31-01-2024 14:25
45962,46022.55,45948.1,46018.75,31-01-2024 14:30
46018,46037.2,46002.95,46015.7,31-01-2024 14:35
46015.95,46075.45,46011.7,46062.1,31-01-2024 14:40
46068,46137.8,46056.45,46110.75,31-01-2024 14:45
46106.45,46106.45,46010,46052.05,31-01-2024 14:50
46051.3,46058.4,46001.55,46032.15,31-01-2024 14:55
46038.95,46053.85,45972,45995.6,31-01-2024 15:00
45993.75,46018.7,45959.65,45962.5,31-01-2024 15:05
45964.45,46008.25,45942.45,45990.6,31-01-2024 15:10
45989.35,46015.5,45974.3,46008.25,31-01-2024 15:15
46002.45,46025,45982.65,46010.3,31-01-2024 15:20
46009.85,46016.15,45943.55,45974,31-01-2024 15:25
46164.9,46173.3,45919.65,45933.45,01-02-2024 09:15
45924.5,46010.25,45886.7,45898.4,01-02-2024 09:20
45898.25,45956.5,45825.5,45874.95,01-02-2024 09:25
45877,45908.5,45788.1,45899.15,01-02-2024 09:30
45898.6,45898.6,45702.4,45721.7,01-02-2024 09:35
45720.5,45867.9,45714.25,45797,01-02-2024 09:40
45794.25,45849.85,45758.95,45770.15,01-02-2024 09:45
45767.4,45852.8,45741.55,45817.6,01-02-2024 09:50
45818.15,45878.65,45798.25,45866.7,01-02-2024 09:55
45867.55,45880,45773.9,45834.05,01-02-2024 10:00
45828.1,45950.35,45813.55,45917.25,01-02-2024 10:05
45915.45,45934.5,45895.8,45899.05,01-02-2024 10:10
45894.05,45916.85,45837.4,45912.05,01-02-2024 10:15
45901.6,45911.4,45871,45900.15,01-02-2024 10:20
45895.5,45987.05,45884.2,45967.4,01-02-2024 10:25
45955.3,45974.35,45921.6,45959.65,01-02-2024 10:30
45959,46064.2,45957.45,46040.8,01-02-2024 10:35
46046,46046,46012.55,46034.85,01-02-2024 10:40
46028.25,46074,46028.25,46059,01-02-2024 10:45
46050.95,46091.9,46045.85,46079.3,01-02-2024 10:50
46080.05,46082.3,45911.9,46032.2,01-02-2024 10:55
46032.4,46113.6,46014.5,46070.85,01-02-2024 11:00
46069.9,46078.5,45958.1,46039.1,01-02-2024 11:05
46043.25,46053.5,46000.6,46033.3,01-02-2024 11:10
46046.75,46048.95,45772.25,45889.05,01-02-2024 11:15
45890.55,45969.2,45879.35,45922.6,01-02-2024 11:20
45924.05,45980.6,45892.75,45957.8,01-02-2024 11:25
45956.3,45956.3,45859.45,45904.95,01-02-2024 11:30
45905.15,45969.85,45883.65,45946.55,01-02-2024 11:35
45945.2,45960.45,45883.2,45901.8,01-02-2024 11:40
45906.4,45959.6,45880.9,45959.6,01-02-2024 11:45
45957.45,46062.5,45943.25,46005.4,01-02-2024 11:50
46007.5,46019.6,45880.8,45962.5,01-02-2024 11:55
45964.95,45988.2,45668.35,45837.55,01-02-2024 12:00
45839.8,46138.8,45789.95,46138.8,01-02-2024 12:05
46151.3,46185.15,46042.05,46098.95,01-02-2024 12:10
46089.4,46141.2,46003.4,46046.8,01-02-2024 12:15
46049.5,46053.85,45928.5,46022.1,01-02-2024 12:20
46018.25,46071.65,45982.7,46010.6,01-02-2024 12:25
46017.65,46047.55,45977.35,46023,01-02-2024 12:30
46023.25,46094.8,46010.1,46037.75,01-02-2024 12:35
46035.2,46116.75,46025.65,46090,01-02-2024 12:40
46093.5,46276.2,46092.35,46275.85,01-02-2024 12:45
46274.55,46300.9,46230.1,46295.5,01-02-2024 12:50
46294.25,46306.9,46178.15,46203.5,01-02-2024 12:55
46204.55,46225.75,46111.6,46179.4,01-02-2024 13:00
46181.8,46215.65,46169.4,46203.25,01-02-2024 13:05
46201.65,46249.6,46172.85,46176.4,01-02-2024 13:10
46179.35,46223.25,46088.65,46088.65,01-02-2024 13:15
46092.7,46192,46092.7,46173.1,01-02-2024 13:20
46166.95,46190.95,46047.3,46113.55,01-02-2024 13:25
46111.8,46126.85,46006.55,46069,01-02-2024 13:30
46065.95,46090.8,46014,46023.7,01-02-2024 13:35
46021.5,46068.45,45958.05,46033.9,01-02-2024 13:40
46031.75,46091.8,45997.4,46078,01-02-2024 13:45
46082.6,46128.15,46052.85,46103.65,01-02-2024 13:50
46099.15,46108.6,46065.5,46076.75,01-02-2024 13:55
46073.05,46108.5,46050.2,46093.95,01-02-2024 14:00
46083.6,46092.45,46022,46065.75,01-02-2024 14:05
46063.15,46143.55,46061.8,46123.65,01-02-2024 14:10
46121.2,46127.9,46048.45,46074.65,01-02-2024 14:15
46079.1,46110.25,46055.4,46102.4,01-02-2024 14:20
46104.55,46155.65,46085.85,46155.65,01-02-2024 14:25
46149.25,46152.45,46100.8,46111.5,01-02-2024 14:30
46109.85,46158.15,46061.25,46091.3,01-02-2024 14:35
46083.9,46114.85,46065.4,46071.05,01-02-2024 14:40
46064.4,46148.8,46064.4,46139.85,01-02-2024 14:45
46135.65,46198.8,46133.5,46190.05,01-02-2024 14:50
46189.85,46217.3,46157.1,46179.85,01-02-2024 14:55
46173.25,46195.3,46121.75,46144.8,01-02-2024 15:00
46140.25,46215.45,46140.25,46169.15,01-02-2024 15:05
46170.55,46198.1,46139.5,46154.4,01-02-2024 15:10
46146.4,46210.7,46143.45,46205.5,01-02-2024 15:15
46205.95,46253.55,46198.1,46235.8,01-02-2024 15:20
46233.9,46241.6,46192.9,46206.9,01-02-2024 15:25
46568.2,46650.8,46501.1,46642.75,02-02-2024 09:15
46665.5,46699.6,46641.95,46694.65,02-02-2024 09:20
46691.05,46695.45,46612.65,46621,02-02-2024 09:25
46624.95,46650.35,46583.25,46629.95,02-02-2024 09:30
46638.85,46646.6,46534.5,46590.05,02-02-2024 09:35
46589.55,46614.45,46559.05,46614.45,02-02-2024 09:40
46606.95,46612.9,46540.1,46583.4,02-02-2024 09:45
46584.4,46624.05,46576.6,46608.3,02-02-2024 09:50
46608.15,46618.55,46564.25,46594.85,02-02-2024 09:55
46589.55,46651.4,46589.55,46637.55,02-02-2024 10:00
46632.15,46653.35,46606.9,46623.9,02-02-2024 10:05
46619.4,46630.55,46596.2,46612,02-02-2024 10:10
46611.85,46611.85,46535.3,46554.55,02-02-2024 10:15
46554.65,46572.4,46499,46540.05,02-02-2024 10:20
46543.65,46578.1,46526.8,46549.05,02-02-2024 10:25
46554.15,46568.55,46478.2,46497.85,02-02-2024 10:30
46496.55,46518.3,46469.75,46482.7,02-02-2024 10:35
46486.6,46500.05,46431.4,46498.45,02-02-2024 10:40
46498.85,46510.8,46471.4,46471.5,02-02-2024 10:45
46471.65,46489.9,46465.15,46479.25,02-02-2024 10:50
46480.4,46500.8,46460,46471.95,02-02-2024 10:55
46473.7,46497.85,46440.9,46479.75,02-02-2024 11:00
46478.5,46481.15,46415.45,46441.55,02-02-2024 11:05
46441.15,46606.85,46440.5,46583,02-02-2024 11:10
46577,46641.05,46577,46603.15,02-02-2024 11:15
46609.8,46622.45,46590.45,46610.55,02-02-2024 11:20
46612.15,46644.2,46590.45,46624.25,02-02-2024 11:25
46629.9,46822.8,46628.8,46808.25,02-02-2024 11:30
46813.4,46865.9,46786,46853.35,02-02-2024 11:35
46851.45,46892.35,46802.85,46808.25,02-02-2024 11:40
46813.25,46839.45,46778.55,46795.2,02-02-2024 11:45
46795.5,46813.9,46755.8,46778.3,02-02-2024 11:50
46777.7,46822.75,46769.4,46794.55,02-02-2024 11:55
46799.45,46822.4,46792.85,46810.5,02-02-2024 12:00
46808.65,46814.25,46735.15,46761.25,02-02-2024 12:05
46763.2,46770.4,46726.85,46744.5,02-02-2024 12:10
46743.3,46755.3,46708,46738.7,02-02-2024 12:15
46740,46744.1,46652.35,46652.35,02-02-2024 12:20
46661.6,46698.3,46492.55,46494.4,02-02-2024 12:25
46497.05,46497.05,46308.5,46468.85,02-02-2024 12:30
46471.15,46495.7,46324.85,46492.6,02-02-2024 12:35
46500.55,46536.15,46453.35,46515.55,02-02-2024 12:40
46518.5,46519.8,46391.9,46406.6,02-02-2024 12:45
46408.75,46491.45,46359.35,46449.3,02-02-2024 12:50
46451,46473.55,46413.65,46415.3,02-02-2024 12:55
46410.9,46466.7,46364.35,46453.55,02-02-2024 13:00
46448.35,46456.1,46343.75,46349.9,02-02-2024 13:05
46352.35,46397.25,46233.75,46254.7,02-02-2024 13:10
46252.55,46368.55,46212.65,46323.85,02-02-2024 13:15
46325.95,46325.95,46215.35,46215.35,02-02-2024 13:20
46212.45,46265.5,46167.65,46259.15,02-02-2024 13:25
46255.9,46264.85,46130.4,46222.35,02-02-2024 13:30
46224.35,46307.05,46214.25,46307.05,02-02-2024 13:35
46302.2,46316.2,46202.9,46218.6,02-02-2024 13:40
46224.1,46270.35,46199.2,46206.95,02-02-2024 13:45
46211.9,46266.6,46174.7,46256.1,02-02-2024 13:50
46255.45,46276.85,46235.55,46261,02-02-2024 13:55
46258.5,46296.7,46219.75,46224.75,02-02-2024 14:00
46237.65,46334.55,46230,46327.4,02-02-2024 14:05
46329.6,46352.35,46269.9,46307.85,02-02-2024 14:10
46309.1,46327.25,46269.3,46274.6,02-02-2024 14:15
46273.65,46302.2,46237.35,46298.6,02-02-2024 14:20
46302.1,46342.9,46246.95,46255.55,02-02-2024 14:25
46256.05,46287.4,46227.1,46253.9,02-02-2024 14:30
46258.2,46318.8,46241.05,46263.1,02-02-2024 14:35
46260,46317.5,46249.6,46306.3,02-02-2024 14:40
46304.65,46331,46263.15,46273.25,02-02-2024 14:45
46277.8,46286.4,46059.25,46108,02-02-2024 14:50
46110.7,46131.2,46014.95,46081.65,02-02-2024 14:55
46078.25,46133.45,45941,46001,02-02-2024 15:00
46002.5,46051.65,45975,46012.35,02-02-2024 15:05
46017.75,46031.65,45954.85,45963.8,02-02-2024 15:10
45962.65,45977.8,45916.35,45954.5,02-02-2024 15:15
45956.7,45959.7,45906.05,45936,02-02-2024 15:20
45933.55,45955.7,45901.25,45954.65,02-02-2024 15:25
45962.25,45974.7,45635.1,45649.9,05-02-2024 09:15
45634,45766.7,45615.1,45764.75,05-02-2024 09:20
45768.6,45903.35,45747.3,45896.1,05-02-2024 09:25
45883.75,45883.75,45759.4,45817.2,05-02-2024 09:30
45816.15,45878.2,45780.15,45876.65,05-02-2024 09:35
45872.9,45890.65,45794.3,45794.3,05-02-2024 09:40
45805.15,45882.25,45779.95,45863.1,05-02-2024 09:45
45863.9,45995.95,45861.5,45938.45,05-02-2024 09:50
45936.75,45957.55,45906.9,45956.5,05-02-2024 09:55
45951.8,46040.05,45875.8,45878.9,05-02-2024 10:00
45880.6,45979.1,45865.35,45958.2,05-02-2024 10:05
45959.7,45979.9,45891.35,45904.6,05-02-2024 10:10
45904.45,45935.8,45785.25,45790.2,05-02-2024 10:15
45795.65,45849.15,45747.75,45833.7,05-02-2024 10:20
45832.2,45847.55,45811.6,45834.65,05-02-2024 10:25
45831.05,45838.7,45771.45,45788.35,05-02-2024 10:30
45789.45,45837.45,45760.85,45803,05-02-2024 10:35
45804.4,45833,45792.5,45828.2,05-02-2024 10:40
45828.45,45835.4,45784.55,45786.05,05-02-2024 10:45
45784.2,45822.5,45770.95,45810.4,05-02-2024 10:50
45813.65,45870.2,45813.65,45844.5,05-02-2024 10:55
45835.4,45872.6,45820.55,45830.85,05-02-2024 11:00
45828.45,45842.85,45804.25,45823.05,05-02-2024 11:05
45824.75,45882.85,45824.75,45879.5,05-02-2024 11:10
45874.75,45945.05,45867.8,45867.8,05-02-2024 11:15
45871.05,45901.2,45844.35,45885,05-02-2024 11:20
45885.9,45892.6,45840.75,45892.6,05-02-2024 11:25
45890.65,45925.65,45882.75,45915.4,05-02-2024 11:30
45910.7,45929.85,45890.25,45914.9,05-02-2024 11:35
45914.8,45922.1,45826.75,45826.75,05-02-2024 11:40
45831.4,45887.9,45811.75,45885.8,05-02-2024 11:45
45887,45905.6,45871.05,45902.65,05-02-2024 11:50
45898.8,45973.85,45888.95,45953.1,05-02-2024 11:55
45949.3,45977.65,45877.25,45880.45,05-02-2024 12:00
45877.1,45890.25,45851.75,45869.05,05-02-2024 12:05
45868.85,45911.15,45856.3,45911.15,05-02-2024 12:10
45911.5,45946.45,45902.05,45937.5,05-02-2024 12:15
45936.85,45963.7,45936.2,45947.9,05-02-2024 12:20
45945.75,45951.9,45883.6,45889.8,05-02-2024 12:25
45888.8,45905.75,45870.05,45884.45,05-02-2024 12:30
45882.45,45914.1,45873.2,45884.3,05-02-2024 12:35
45886.5,45954.6,45880.05,45953.2,05-02-2024 12:40
45949.95,45988.05,45937.1,45979.55,05-02-2024 12:45
45971.35,45986.05,45943.5,45966.05,05-02-2024 12:50
45964.75,46048.2,45956,45999.7,05-02-2024 12:55
45998.9,46030.7,45970,45985.9,05-02-2024 13:00
45989.35,46048.6,45980.55,46022.15,05-02-2024 13:05
46018.7,46036.4,45982.95,45986.2,05-02-2024 13:10
45983.9,46002.75,45932.2,45982.8,05-02-2024 13:15
45985.7,46000.4,45965.85,45968.95,05-02-2024 13:20
45968.25,45969.1,45897.3,45907.5,05-02-2024 13:25
45907.45,45962.75,45905.9,45955.05,05-02-2024 13:30
45955.65,46008.65,45933.7,45935.8,05-02-2024 13:35
45935.6,45944.05,45900.95,45916.95,05-02-2024 13:40
45914.35,45967.4,45899.55,45967.4,05-02-2024 13:45
45965.2,45992.35,45955.95,45986.85,05-02-2024 13:50
45985.35,46008.85,45974.45,45987.5,05-02-2024 13:55
45988.1,46001.35,45948.25,45953.1,05-02-2024 14:00
45952.65,45964.2,45911.15,45911.15,05-02-2024 14:05
45910,45945.9,45844.9,45932,05-02-2024 14:10
45934.25,45957.05,45907.2,45933.75,05-02-2024 14:15
45930.55,45937.65,45880.55,45892.05,05-02-2024 14:20
45890.05,45903,45857.05,45898.3,05-02-2024 14:25
45897.75,45909.45,45822,45840.5,05-02-2024 14:30
45840.7,45858.35,45754.05,45777.05,05-02-2024 14:35
45777.25,45812.25,45745.8,45783,05-02-2024 14:40
45779.85,45833.05,45710.7,45784.3,05-02-2024 14:45
45783.15,45833.7,45766.65,45827.75,05-02-2024 14:50
45823.6,45830.3,45735.15,45775,05-02-2024 14:55
45776.85,45893.4,45759.4,45892.4,05-02-2024 15:00
45889.95,45931.25,45844.15,45918.45,05-02-2024 15:05
45917.75,45924.6,45823.75,45834.9,05-02-2024 15:10
45835.1,45864.35,45778.75,45790.25,05-02-2024 15:15
45789.7,45815.2,45766.5,45803.15,05-02-2024 15:20
45805.6,45805.6,45745.7,45756.65,05-02-2024 15:25
45891.2,45932.15,45638.65,45656.3,06-02-2024 09:15
45653.4,45687.65,45592.2,45665.75,06-02-2024 09:20
45666.1,45693.9,45604.1,45618.5,06-02-2024 09:25
45615.75,45700,45607.35,45665.45,06-02-2024 09:30
45659.65,45759.7,45641.3,45740.45,06-02-2024 09:35
45740.8,45743.4,45689.05,45724.05,06-02-2024 09:40
45717.7,45759,45693.65,45759,06-02-2024 09:45
45754.5,45757.8,45714.15,45733.8,06-02-2024 09:50
45734.15,45780.15,45697,45749,06-02-2024 09:55
45746.9,45785.05,45737.05,45778.9,06-02-2024 10:00
45777.4,45780.75,45718.8,45734.2,06-02-2024 10:05
45734,45767.4,45718.9,45729.7,06-02-2024 10:10
45729.15,45744,45686.75,45715.05,06-02-2024 10:15
45714.1,45730.05,45687.75,45688.55,06-02-2024 10:20
45691.7,45693.15,45621.15,45632.95,06-02-2024 10:25
45626.35,45638.25,45527,45563.4,06-02-2024 10:30
45562.8,45594.2,45548.75,45572,06-02-2024 10:35
45571.7,45604.15,45551.65,45601.55,06-02-2024 10:40
45607.85,45621.6,45579.3,45582.95,06-02-2024 10:45
45591.2,45634,45588.65,45618.6,06-02-2024 10:50
45617.7,45647.75,45593.55,45636.85,06-02-2024 10:55
45637.5,45655.6,45604.45,45609.25,06-02-2024 11:00
45610.1,45624.8,45591.3,45613.7,06-02-2024 11:05
45613.1,45625,45570.85,45612.55,06-02-2024 11:10
45615.4,45642.6,45611.55,45615.25,06-02-2024 11:15
45615.05,45642.8,45610.3,45613.5,06-02-2024 11:20
45615.1,45629.65,45576.25,45598,06-02-2024 11:25
45598.45,45745.4,45589.85,45740.4,06-02-2024 11:30
45749.3,45763.15,45711.3,45720.6,06-02-2024 11:35
45721.7,45738.1,45703,45707.15,06-02-2024 11:40
45708.6,45722.45,45682.6,45693,06-02-2024 11:45
45693.1,45733.35,45672.6,45733.35,06-02-2024 11:50
45732.65,45825.6,45722.25,45820,06-02-2024 11:55
45820.65,45869.55,45796.05,45828.65,06-02-2024 12:00
45828.7,45848.45,45766.9,45781.5,06-02-2024 12:05
45784.55,45818.2,45779.9,45793.1,06-02-2024 12:10
45792.2,45801.75,45760.95,45770.55,06-02-2024 12:15
45772.05,45774.85,45700.45,45701.7,06-02-2024 12:20
45703.65,45726.6,45658.5,45660,06-02-2024 12:25
45663.85,45730.05,45649.95,45721,06-02-2024 12:30
45718.55,45749.85,45718.55,45740.6,06-02-2024 12:35
45740.55,45745.8,45728,45734.3,06-02-2024 12:40
45738.6,45794.85,45713.5,45729.2,06-02-2024 12:45
45731.75,45740.3,45681.95,45707.95,06-02-2024 12:50
45709.1,45723.1,45661.25,45677.6,06-02-2024 12:55
45679.8,45690.2,45666.5,45674,06-02-2024 13:00
45680.1,45726.85,45666.75,45705.25,06-02-2024 13:05
45709.7,45713.3,45686.5,45702.45,06-02-2024 13:10
45706.5,45719.25,45685.5,45685.5,06-02-2024 13:15
45689.3,45735.8,45676.55,45726.2,06-02-2024 13:20
45724.95,45731.6,45703.2,45710.15,06-02-2024 13:25
45711.35,45764.3,45711.35,45730.9,06-02-2024 13:30
45730.95,45736.75,45571.25,45632.7,06-02-2024 13:35
45630.95,45698.3,45630.95,45692.8,06-02-2024 13:40
45694.35,45694.35,45655.65,45678.95,06-02-2024 13:45
45678.25,45751.9,45673.3,45705.05,06-02-2024 13:50
45705.75,45713.2,45676,45676.6,06-02-2024 13:55
45682.2,45688.4,45650.95,45678.95,06-02-2024 14:00
45677,45684.1,45637.7,45638.95,06-02-2024 14:05
45641.2,45648.05,45582.65,45619.65,06-02-2024 14:10
45623.8,45649.35,45604.35,45623.3,06-02-2024 14:15
45625.5,45629.2,45575.6,45609.8,06-02-2024 14:20
45611.25,45631.35,45597.25,45607.1,06-02-2024 14:25
45616.1,45658.2,45608.15,45626.25,06-02-2024 14:30
45634.65,45691.3,45608.05,45672.6,06-02-2024 14:35
45679.6,45734.3,45662.55,45715.55,06-02-2024 14:40
45717.95,45717.95,45620.25,45621.7,06-02-2024 14:45
45629.25,45659.5,45605.35,45616.15,06-02-2024 14:50
45614.7,45682.6,45595,45648.4,06-02-2024 14:55
45651.65,45670.55,45640.6,45642.4,06-02-2024 15:00
45645.1,45706.2,45626.45,45663.85,06-02-2024 15:05
45662.8,45692.2,45643.75,45669,06-02-2024 15:10
45671.15,45682.35,45644.8,45667.3,06-02-2024 15:15
45666.6,45742.35,45662.3,45742.35,06-02-2024 15:20
45737.1,45784.1,45736.95,45774.45,06-02-2024 15:25
45944.6,46042.5,45926.75,46021.2,07-02-2024 09:15
46015.55,46050.7,45976.65,46044.85,07-02-2024 09:20
46051,46062.85,45921.25,45961.6,07-02-2024 09:25
45965,46009.15,45938.55,45998.2,07-02-2024 09:30
45993.45,46016,45964.95,45995,07-02-2024 09:35
45994.2,46038.85,45888.4,45930.1,07-02-2024 09:40
45927.6,45958.15,45872.85,45934,07-02-2024 09:45
45934.5,45957.55,45883.6,45910.35,07-02-2024 09:50
45918.3,45935.15,45893.65,45928.1,07-02-2024 09:55
45927.55,45938.4,45834.65,45838.7,07-02-2024 10:00
45837.35,45889.2,45802.65,45882.65,07-02-2024 10:05
45884.1,45896.55,45866.3,45875.4,07-02-2024 10:10
45874.05,45901.85,45854.9,45880.35,07-02-2024 10:15
45884.5,45896.25,45844.4,45873.8,07-02-2024 10:20
45869.05,45889.7,45860.7,45870.15,07-02-2024 10:25
45872.7,45899.9,45824.05,45858.15,07-02-2024 10:30
45859.7,45864.75,45820.2,45826.5,07-02-2024 10:35
45825.4,45840.55,45787.3,45828.45,07-02-2024 10:40
45826.7,45859.95,45823.3,45847.35,07-02-2024 10:45
45848.45,45887.85,45832.95,45858.8,07-02-2024 10:50
45862.35,45871.75,45828.75,45836.35,07-02-2024 10:55
45838.4,45854.85,45826.6,45840.65,07-02-2024 11:00
45838.7,45839.55,45793.5,45817.25,07-02-2024 11:05
45811.5,45863.9,45811.5,45856.85,07-02-2024 11:10
45855.55,45858.8,45833.6,45847.1,07-02-2024 11:15
45847.75,45851.35,45829,45832.25,07-02-2024 11:20
45833.75,45840.55,45807.25,45823.2,07-02-2024 11:25
45823.15,45826.95,45681.5,45699.1,07-02-2024 11:30
45702.5,45733.55,45620.5,45658.4,07-02-2024 11:35
45660.3,45680.15,45621.3,45680.05,07-02-2024 11:40
45679.15,45701.9,45659.45,45689.4,07-02-2024 11:45
45692.65,45707.2,45674.1,45676.45,07-02-2024 11:50
45677.55,45689.9,45649.75,45676.15,07-02-2024 11:55
45680.4,45754.1,45671.4,45754.1,07-02-2024 12:00
45757.7,45760.1,45711.45,45716.5,07-02-2024 12:05
45717.1,45751.1,45703.35,45709.6,07-02-2024 12:10
45710.25,45735,45693.8,45734,07-02-2024 12:15
45731.25,45737.85,45698.05,45699.55,07-02-2024 12:20
45705.1,45725.65,45682.45,45712.15,07-02-2024 12:25
45713.8,45754.05,45697,45742.45,07-02-2024 12:30
45741.55,45756.35,45708.15,45722.6,07-02-2024 12:35
45723.95,45730.45,45703.25,45718.55,07-02-2024 12:40
45719.15,45729.15,45686.8,45696.65,07-02-2024 12:45
45695.15,45720.25,45670.65,45687.5,07-02-2024 12:50
45684.25,45714,45679.3,45712.55,07-02-2024 12:55
45713.05,45715.4,45689.95,45702.15,07-02-2024 13:00
45703.05,45747.55,45693.15,45727.65,07-02-2024 13:05
45729.05,45742.15,45708.95,45717.15,07-02-2024 13:10
45717.7,45734.15,45714.7,45729.95,07-02-2024 13:15
45730.3,45764.3,45729.4,45740.6,07-02-2024 13:20
45741.25,45743.75,45686.15,45694.75,07-02-2024 13:25
45695.1,45797.3,45680.9,45770.65,07-02-2024 13:30
45768.8,45797.7,45757.8,45788.2,07-02-2024 13:35
45786.1,45821.1,45773.55,45773.55,07-02-2024 13:40
45771.3,45784,45708,45713.8,07-02-2024 13:45
45723.05,45772.75,45709.05,45743.1,07-02-2024 13:50
45744.1,45773.2,45732.3,45766.75,07-02-2024 13:55
45768.45,45782.3,45757.05,45775.5,07-02-2024 14:00
45776.9,45814.7,45759.75,45782.9,07-02-2024 14:05
45781,45814.75,45772.7,45778.55,07-02-2024 14:10
45785.45,45842.9,45743.75,45826.45,07-02-2024 14:15
45830.6,45846.8,45784.9,45824.05,07-02-2024 14:20
45823.25,45832.65,45786.45,45789.7,07-02-2024 14:25
45789.75,45814.9,45769.15,45778.4,07-02-2024 14:30
45778.25,45805.5,45735.7,45747.35,07-02-2024 14:35
45754.9,45781.85,45735,45775.8,07-02-2024 14:40
45776.65,45798.3,45763.8,45771.9,07-02-2024 14:45
45773.2,45806.65,45770.85,45806.65,07-02-2024 14:50
45804.95,45823.75,45754.6,45763.75,07-02-2024 14:55
45761.25,45810,45757.5,45808.65,07-02-2024 15:00
45805.2,45823.2,45789,45823.2,07-02-2024 15:05
45819.05,45848.05,45811.2,45848.05,07-02-2024 15:10
45839.85,45862.3,45826.5,45857,07-02-2024 15:15
45856.3,45861.75,45787.9,45826.35,07-02-2024 15:20
45826.15,45939.25,45826.05,45916.4,07-02-2024 15:25
45973.85,46035.55,45941.65,45984.2,08-02-2024 09:15
45981.75,46025.6,45975,45987.45,08-02-2024 09:20
45988.35,46069.35,45988.35,46057.45,08-02-2024 09:25
46056.15,46108.65,46031.75,46037.9,08-02-2024 09:30
46034.1,46046.8,45988.45,46002,08-02-2024 09:35
46002.65,46025.15,45990.55,46010.7,08-02-2024 09:40
46013.9,46030.8,45951,46010.5,08-02-2024 09:45
46010.1,46016.55,45980.8,45995.05,08-02-2024 09:50
45994.75,46052.2,45978.25,46021.95,08-02-2024 09:55
46025.95,46132.8,45998.35,46130.9,08-02-2024 10:00
46137.05,46181.2,45970.6,45973.7,08-02-2024 10:05
45968.8,46033.8,45921.4,46020.6,08-02-2024 10:10
46023.05,46023.05,45897.7,45981.65,08-02-2024 10:15
45982.75,45997,45930.6,45973.95,08-02-2024 10:20
45978.05,46032.4,45965.15,45983,08-02-2024 10:25
45986.9,46019.8,45967.8,46003.9,08-02-2024 10:30
46004.8,46051.3,45976.65,46036.25,08-02-2024 10:35
46032.45,46032.45,45829.9,45852.45,08-02-2024 10:40
45854.05,45932.7,45829.75,45928.75,08-02-2024 10:45
45923.4,45956.85,45868.5,45874.25,08-02-2024 10:50
45872.9,45891.7,45631.2,45631.2,08-02-2024 10:55
45630.55,45633.45,45285.1,45320.1,08-02-2024 11:00
45316.8,45402.6,45227.2,45309.95,08-02-2024 11:05
45326.1,45450.3,45309.1,45405,08-02-2024 11:10
45398.25,45429.2,45359.75,45385.8,08-02-2024 11:15
45386.1,45403.45,45324.3,45392.5,08-02-2024 11:20
45393.3,45459.85,45385,45430.65,08-02-2024 11:25
45428.8,45428.8,45327.7,45337.05,08-02-2024 11:30
45346.5,45423.25,45337.1,45403.15,08-02-2024 11:35
45403.2,45410.3,45360.4,45360.4,08-02-2024 11:40
45361.25,45399.45,45332.6,45399.45,08-02-2024 11:45
45399.7,45466.75,45393.1,45455.35,08-02-2024 11:50
45453.35,45479.75,45433.1,45446.55,08-02-2024 11:55
45449.85,45498.75,45441.6,45482.85,08-02-2024 12:00
45486.55,45501.7,45448.05,45463.75,08-02-2024 12:05
45464.2,45517.2,45446.2,45481.25,08-02-2024 12:10
45479.4,45499.65,45437.3,45440.85,08-02-2024 12:15
45443.1,45443.1,45368.25,45410.05,08-02-2024 12:20
45409.5,45435.95,45391.35,45397.35,08-02-2024 12:25
45393.6,45425.85,45337.25,45406.25,08-02-2024 12:30
45421.4,45446.35,45405.7,45407.6,08-02-2024 12:35
45409.7,45453.55,45390.15,45443.55,08-02-2024 12:40
45440.9,45460.25,45431.95,45443.5,08-02-2024 12:45
45444.1,45455.95,45408.5,45452.25,08-02-2024 12:50
45452.65,45490.75,45432.5,45485.75,08-02-2024 12:55
45486.65,45496.55,45418.6,45421.45,08-02-2024 13:00
45420.65,45462.6,45417.8,45461.4,08-02-2024 13:05
45461.5,45501.65,45457.2,45457.5,08-02-2024 13:10
45460.7,45482.75,45436.7,45444.35,08-02-2024 13:15
45444.45,45460.2,45424.8,45438.05,08-02-2024 13:20
45436.1,45524.35,45430.35,45514.1,08-02-2024 13:25
45516.05,45533.65,45479.25,45488.15,08-02-2024 13:30
45489.65,45495.4,45450.8,45485,08-02-2024 13:35
45485.95,45492.6,45450.55,45484.15,08-02-2024 13:40
45486.3,45505.8,45467.7,45467.7,08-02-2024 13:45
45468.5,45501.05,45431.7,45444.15,08-02-2024 13:50
45450.15,45478.15,45440.1,45471.2,08-02-2024 13:55
45472.3,45483.55,45367.25,45368.75,08-02-2024 14:00
45369.1,45423,45369.1,45395.65,08-02-2024 14:05
45395.85,45423.55,45360.55,45373.9,08-02-2024 14:10
45376.75,45416.05,45329.45,45404.3,08-02-2024 14:15
45405.35,45407.95,45322.05,45344.45,08-02-2024 14:20
45341.15,45346.4,45250.6,45296.7,08-02-2024 14:25
45298.45,45300.5,45232.05,45251.8,08-02-2024 14:30
45249.7,45251.45,45084.65,45151.6,08-02-2024 14:35
45155,45183.85,45123.45,45154,08-02-2024 14:40
45154.1,45180.95,45148,45178.45,08-02-2024 14:45
45176.95,45184.85,45133.6,45169.4,08-02-2024 14:50
45167,45181.35,45042.5,45077.9,08-02-2024 14:55
45084.55,45100.85,44893.75,45013.55,08-02-2024 15:00
45009.8,45087.7,44992.5,45058.8,08-02-2024 15:05
45060.6,45068.3,44974.9,44979.85,08-02-2024 15:10
44986.2,45010,44948.9,44980.9,08-02-2024 15:15
44988.15,45051,44959.7,45046.6,08-02-2024 15:20
45044.65,45108.7,45044.65,45105.45,08-02-2024 15:25
44986.75,45052.65,44859.15,44925.55,09-02-2024 09:15
44926.15,45151.2,44920.8,45151.2,09-02-2024 09:20
45150.6,45153.4,45029.5,45111.25,09-02-2024 09:25
45107.45,45172.8,45061.55,45168.55,09-02-2024 09:30
45167.5,45236.1,45132.4,45142.65,09-02-2024 09:35
45147.5,45147.5,45050.15,45125.3,09-02-2024 09:40
45119.75,45139.15,45064.95,45078.3,09-02-2024 09:45
45072.55,45117.35,45057.9,45063.15,09-02-2024 09:50
45066.35,45111,45056.15,45071.7,09-02-2024 09:55
45070.9,45216.65,44995.7,45216.65,09-02-2024 10:00
45222,45311.25,45193.45,45311.25,09-02-2024 10:05
45305.1,45352.5,45267.7,45348,09-02-2024 10:10
45347.65,45349.95,45253.9,45260.4,09-02-2024 10:15
45268.1,45300.6,45251.75,45280.15,09-02-2024 10:20
45279.8,45279.8,45197.55,45198.15,09-02-2024 10:25
45193.5,45263.85,45175.65,45259.1,09-02-2024 10:30
45258.65,45260.1,45204,45235,09-02-2024 10:35
45234.85,45262.1,45221.7,45232.85,09-02-2024 10:40
45232.65,45272.5,45195.45,45259.3,09-02-2024 10:45
45257.45,45275.9,45230.7,45237.7,09-02-2024 10:50
45236.75,45236.75,45197.35,45201.55,09-02-2024 10:55
45203.55,45229.6,45132.85,45132.85,09-02-2024 11:00
45131.1,45149.2,45052.9,45115.6,09-02-2024 11:05
45118.8,45179.15,45112.5,45166.15,09-02-2024 11:10
45167.95,45199.65,45139.1,45192.35,09-02-2024 11:15
45193.3,45193.3,45138.6,45156.5,09-02-2024 11:20
45156.65,45195.65,45113.2,45192.2,09-02-2024 11:25
45194.55,45223.25,45172.45,45203.55,09-02-2024 11:30
45209.85,45394.8,45204.45,45386.15,09-02-2024 11:35
45383.55,45488.9,45367.75,45376.25,09-02-2024 11:40
45378.55,45419.8,45369.6,45419.8,09-02-2024 11:45
45419.15,45425.05,45345.5,45384.9,09-02-2024 11:50
45379.45,45410.35,45373.45,45406.7,09-02-2024 11:55
45407.4,45442.7,45372.75,45390,09-02-2024 12:00
45390.05,45457.9,45384.25,45447.5,09-02-2024 12:05
45447,45451.1,45363.05,45387.5,09-02-2024 12:10
45387.95,45439.85,45372.05,45432.45,09-02-2024 12:15
45433.45,45455.65,45414.25,45434.1,09-02-2024 12:20
45436.2,45445.85,45413.7,45434.5,09-02-2024 12:25
45436.35,45481.7,45382.25,45430.7,09-02-2024 12:30
45429.9,45429.9,45364.7,45400.4,09-02-2024 12:35
45400.75,45425.1,45386.65,45404.65,09-02-2024 12:40
45405,45421.85,45381.7,45387.9,09-02-2024 12:45
45382.25,45416.95,45333.15,45358.6,09-02-2024 12:50
45356.7,45390.4,45300.55,45382.55,09-02-2024 12:55
45384,45409.95,45370.75,45404.6,09-02-2024 13:00
45400.7,45411.55,45364.6,45393.15,09-02-2024 13:05
45396.8,45466,45391.3,45455.6,09-02-2024 13:10
45456.35,45464.4,45391.65,45395.45,09-02-2024 13:15
45396.8,45419.15,45368.5,45390.75,09-02-2024 13:20
45395.5,45414.75,45358.1,45405.5,09-02-2024 13:25
45404.5,45405.1,45298.4,45324.8,09-02-2024 13:30
45324.45,45337.3,45271.8,45314.95,09-02-2024 13:35
45318.3,45343.8,45263.9,45331.9,09-02-2024 13:40
45334.85,45341.8,45296.3,45326.65,09-02-2024 13:45
45328.6,45328.6,45281.3,45283.55,09-02-2024 13:50
45283.35,45324.9,45278,45314.25,09-02-2024 13:55
45317.25,45340.95,45294.5,45330.55,09-02-2024 14:00
45333.2,45351.3,45310.6,45316.15,09-02-2024 14:05
45315.45,45397.5,45305.4,45360.95,09-02-2024 14:10
45364.65,45451,45346,45443.55,09-02-2024 14:15
45442.6,45456,45401.05,45422.5,09-02-2024 14:20
45420.35,45450.5,45378.2,45445.9,09-02-2024 14:25
45446.75,45545.1,45443.55,45511.55,09-02-2024 14:30
45509.6,45658,45481.65,45658,09-02-2024 14:35
45651.85,45717.5,45621.95,45626.6,09-02-2024 14:40
45629.3,45674.3,45585.6,45658.05,09-02-2024 14:45
45655.85,45668.3,45603.5,45634.5,09-02-2024 14:50
45635.45,45666.95,45589.2,45606.7,09-02-2024 14:55
45606.5,45676.75,45547.05,45573.6,09-02-2024 15:00
45571.85,45617.85,45571.85,45598.95,09-02-2024 15:05
45599.9,45642.2,45593.95,45617.05,09-02-2024 15:10
45617.7,45674.8,45608.4,45640.75,09-02-2024 15:15
45641.05,45676.75,45633.6,45670.3,09-02-2024 15:20
45671.6,45713.4,45665.25,45706.55,09-02-2024 15:25
45664.3,45748.5,45523.55,45666.7,12-02-2024 09:15
45665.45,45666.75,45555.7,45565.45,12-02-2024 09:20
45559.75,45619.55,45546.2,45575.05,12-02-2024 09:25
45577.05,45617.6,45522.6,45573.8,12-02-2024 09:30
45579.35,45623.85,45560.85,45560.85,12-02-2024 09:35
45563.7,45567.5,45473.85,45483.95,12-02-2024 09:40
45487.9,45508.65,45444.65,45454.1,12-02-2024 09:45
45455.5,45498.7,45435.45,45447.1,12-02-2024 09:50
45449.65,45449.65,45370.55,45393.7,12-02-2024 09:55
45393.2,45440.35,45367.8,45430,12-02-2024 10:00
45428.85,45435.5,45344.7,45348.2,12-02-2024 10:05
45352.25,45405.7,45337,45376.35,12-02-2024 10:10
45376.5,45403.7,45349.75,45377.05,12-02-2024 10:15
45377.75,45390.6,45271.85,45277.85,12-02-2024 10:20
45272.4,45284.25,45147.35,45215.3,12-02-2024 10:25
45212.35,45247.05,45146.3,45243.6,12-02-2024 10:30
45245.05,45265.6,45221,45239.25,12-02-2024 10:35
45236.05,45237.45,45201.1,45228.1,12-02-2024 10:40
45226.6,45251.05,45207.2,45216.8,12-02-2024 10:45
45216.2,45238.9,45197.25,45227.45,12-02-2024 10:50
45228.7,45254.35,45203.45,45251.5,12-02-2024 10:55
45251.95,45285.5,45217.8,45217.8,12-02-2024 11:00
45219.45,45345.65,45218,45324.1,12-02-2024 11:05
45323.95,45339.6,45299,45334.8,12-02-2024 11:10
45334.85,45346.4,45289.25,45313.1,12-02-2024 11:15
45313.3,45318.6,45287.45,45309.1,12-02-2024 11:20
45307.85,45320.55,45271.6,45310,12-02-2024 11:25
45313.1,45339.4,45278.9,45287.05,12-02-2024 11:30
45289.6,45292.4,45246.4,45276.85,12-02-2024 11:35
45275.5,45284.05,45242.65,45259.2,12-02-2024 11:40
45261.25,45276.5,45224.35,45254.05,12-02-2024 11:45
45251.15,45262.4,45220.5,45253.6,12-02-2024 11:50
45254.25,45270.4,45211.05,45246.45,12-02-2024 11:55
45246.8,45249.6,45092.55,45092.55,12-02-2024 12:00
45105.1,45123.45,44988.25,45034.9,12-02-2024 12:05
45037.9,45063.3,45021.2,45050.95,12-02-2024 12:10
45051.25,45085.75,45030.2,45078.05,12-02-2024 12:15
45077.8,45096,45031.35,45031.35,12-02-2024 12:20
45033.35,45049.9,44958.9,45036.9,12-02-2024 12:25
45037.75,45062.65,45000.05,45005.85,12-02-2024 12:30
45002.95,45058,44998.4,45035.95,12-02-2024 12:35
45036.55,45041.85,45010.95,45027.5,12-02-2024 12:40
45030.7,45042.9,44860.15,44912.35,12-02-2024 12:45
44913.3,44937.6,44872.15,44911.35,12-02-2024 12:50
44910.35,44917.9,44755.35,44786.25,12-02-2024 12:55
44785.45,44785.45,44651,44730.9,12-02-2024 13:00
44732.9,44763.2,44703.65,44746.85,12-02-2024 13:05
44748.45,44775.45,44733.15,44745.85,12-02-2024 13:10
44750.85,44780.9,44673.35,44729.25,12-02-2024 13:15
44729.7,44748.35,44704.1,44725.35,12-02-2024 13:20
44726.35,44772.75,44721.65,44750.5,12-02-2024 13:25
44756.3,44856.75,44740,44845.45,12-02-2024 13:30
44841.85,44862.5,44816.7,44825.75,12-02-2024 13:35
44825.4,44839.5,44781.85,44791.3,12-02-2024 13:40
44795.45,44816.7,44775.7,44798.3,12-02-2024 13:45
44796.55,44803.8,44639.65,44646.9,12-02-2024 13:50
44644.4,44771.65,44633.85,44749.75,12-02-2024 13:55
44753.15,44790.1,44730.55,44773.6,12-02-2024 14:00
44775,44797.25,44754.55,44786.45,12-02-2024 14:05
44785.25,44958.45,44782.6,44939.1,12-02-2024 14:10
44937.95,44968.7,44854.4,44854.4,12-02-2024 14:15
44854.4,44900.4,44814.75,44841.35,12-02-2024 14:20
44842.7,44861.5,44819.85,44833.8,12-02-2024 14:25
44832.35,44922.15,44831.6,44883.15,12-02-2024 14:30
44886.8,44890.8,44808.85,44825.25,12-02-2024 14:35
44824.65,44876.7,44785.35,44849.45,12-02-2024 14:40
44848.75,44872.05,44825.1,44843.75,12-02-2024 14:45
44843.85,44861.25,44821.2,44824.9,12-02-2024 14:50
44824.85,44878.65,44810,44810,12-02-2024 14:55
44814.45,44996.75,44814.45,44969,12-02-2024 15:00
44975.1,44985.85,44931.1,44944.55,12-02-2024 15:05
44946.75,44957.65,44781.05,44838.7,12-02-2024 15:10
44838.7,44853.8,44807.95,44830.75,12-02-2024 15:15
44829.5,44921.35,44818.55,44916.15,12-02-2024 15:20
44915.55,44933.5,44879.95,44887.75,12-02-2024 15:25
45056.8,45074.15,44900.9,45031.3,13-02-2024 09:15
45030.6,45041.5,44840.6,44999.85,13-02-2024 09:20
45001.5,45027.15,44878.3,44893.4,13-02-2024 09:25
44888.15,45015.3,44819.55,45011.8,13-02-2024 09:30
45020.05,45164.25,45010.65,45149.45,13-02-2024 09:35
45143.25,45183,45065.1,45139.25,13-02-2024 09:40
45141.3,45156.55,45094.15,45098.7,13-02-2024 09:45
45098.4,45199.7,45085.15,45181.1,13-02-2024 09:50
45185.6,45271.4,45179,45259.6,13-02-2024 09:55
45261.6,45298.3,45232.9,45256.75,13-02-2024 10:00
45252.95,45363.1,45230.65,45355.5,13-02-2024 10:05
45353.8,45442.85,45353.8,45402.5,13-02-2024 10:10
45403.95,45427.45,45349.55,45378.1,13-02-2024 10:15
45382.3,45406.3,45326.45,45339.9,13-02-2024 10:20
45343.3,45390.55,45328.4,45389.25,13-02-2024 10:25
45390.95,45394.35,45347.35,45370.4,13-02-2024 10:30
45373.85,45461.95,45359.5,45408.2,13-02-2024 10:35
45413.5,45417.85,45371.8,45413.55,13-02-2024 10:40
45402.6,45411.6,45386.85,45399.9,13-02-2024 10:45
45402.4,45434.5,45392.55,45421.1,13-02-2024 10:50
45419.45,45426.15,45382.75,45395.55,13-02-2024 10:55
45399.6,45442.2,45386.6,45428.55,13-02-2024 11:00
45425.65,45454.8,45378.25,45382.9,13-02-2024 11:05
45385.6,45397.95,45342.15,45389.05,13-02-2024 11:10
45390.1,45390.1,45299.5,45311.15,13-02-2024 11:15
45316.7,45339.6,45293.4,45307.65,13-02-2024 11:20
45305.75,45340.1,45275.9,45277.65,13-02-2024 11:25
45278.75,45301.45,45234.25,45289.3,13-02-2024 11:30
45283.55,45295.05,45256.4,45265.95,13-02-2024 11:35
45263.35,45265.25,45171.35,45206.4,13-02-2024 11:40
45211.8,45233.2,45193.8,45218.2,13-02-2024 11:45
45216.2,45308.25,45207.5,45287.75,13-02-2024 11:50
45291.1,45293.25,45239.65,45247.95,13-02-2024 11:55
45243.85,45281.65,45122,45134.95,13-02-2024 12:00
45135.7,45169.15,45102,45123.15,13-02-2024 12:05
45122.5,45175.3,45082.7,45082.85,13-02-2024 12:10
45086.7,45108.25,45053.75,45101.25,13-02-2024 12:15
45096.9,45108.4,45057.25,45068.2,13-02-2024 12:20
45064.8,45071.75,44992.85,45013.85,13-02-2024 12:25
45015.05,45088.7,44984.35,45088.7,13-02-2024 12:30
45086.5,45089,45013.75,45077.25,13-02-2024 12:35
45072.85,45087.4,45051.5,45070.6,13-02-2024 12:40
45072.4,45127.8,45052.05,45098.2,13-02-2024 12:45
45097.35,45162.7,45085.4,45143,13-02-2024 12:50
45150,45279.55,45126.75,45267.85,13-02-2024 12:55
45271.75,45325.85,45261.7,45282.8,13-02-2024 13:00
45285.05,45286.35,45230.05,45250.75,13-02-2024 13:05
45249.9,45341.3,45235.8,45285.8,13-02-2024 13:10
45282.95,45335.3,45282.05,45309.65,13-02-2024 13:15
45299.7,45346.8,45290.8,45334.05,13-02-2024 13:20
45332.25,45456.85,45322.6,45435.25,13-02-2024 13:25
45436.75,45532.7,45411.05,45532.7,13-02-2024 13:30
45528.25,45633.3,45479.3,45598.75,13-02-2024 13:35
45591.65,45628.8,45567.95,45611.55,13-02-2024 13:40
45609,45644.5,45566.3,45577.1,13-02-2024 13:45
45576.05,45615.25,45541.7,45599.2,13-02-2024 13:50
45596.4,45629.55,45575.1,45585.95,13-02-2024 13:55
45585.85,45613.4,45573.5,45602.55,13-02-2024 14:00
45605.8,45750.4,45601.05,45677.8,13-02-2024 14:05
45674.4,45685.7,45577.4,45601.75,13-02-2024 14:10
45600.7,45600.7,45479.25,45500,13-02-2024 14:15
45495.25,45543.65,45478.15,45526.75,13-02-2024 14:20
45525.75,45574.7,45507.15,45545.15,13-02-2024 14:25
45546.3,45557.4,45510.05,45550.55,13-02-2024 14:30
45546.5,45576.3,45470.95,45484.05,13-02-2024 14:35
45488.5,45529.8,45451.6,45492.45,13-02-2024 14:40
45489.55,45522.4,45474.4,45497.9,13-02-2024 14:45
45500.35,45571.35,45484.3,45569.4,13-02-2024 14:50
45588.2,45622.25,45568.35,45581.1,13-02-2024 14:55
45580.4,45589.35,45484.65,45505.5,13-02-2024 15:00
45504.9,45529.5,45489.25,45521,13-02-2024 15:05
45524.6,45565.95,45501.55,45521.45,13-02-2024 15:10
45521.95,45564.45,45500.75,45500.75,13-02-2024 15:15
45506,45517,45437.25,45453,13-02-2024 15:20
45454.5,45454.5,45383.15,45419.85,13-02-2024 15:25
45014.65,45140.1,44988.7,45034.3,14-02-2024 09:15
45030.25,45119.75,44965.75,44987.65,14-02-2024 09:20
44988,44988,44880.75,44940.1,14-02-2024 09:25
44942.65,44951.65,44860.75,44911.7,14-02-2024 09:30
44912.7,45070.5,44902.85,45059.6,14-02-2024 09:35
45057.25,45086.75,44975.55,45082.6,14-02-2024 09:40
45090.2,45146.35,45017.85,45129.05,14-02-2024 09:45
45135.65,45201.55,45091.15,45128.7,14-02-2024 09:50
45122.65,45185.1,45118.2,45162.65,14-02-2024 09:55
45160.7,45218,45050.9,45054.55,14-02-2024 10:00
45055.7,45179.95,45032.65,45160.15,14-02-2024 10:05
45156.4,45259.05,45148.8,45255.9,14-02-2024 10:10
45271.3,45323.8,45236.2,45318,14-02-2024 10:15
45324.8,45344.2,45266.5,45276.05,14-02-2024 10:20
45279,45283.95,45240.85,45258.7,14-02-2024 10:25
45255.9,45312.85,45197.05,45268.8,14-02-2024 10:30
45268.8,45287.55,45256.05,45279.35,14-02-2024 10:35
45277.6,45306.1,45234.65,45239.25,14-02-2024 10:40
45238.35,45261.2,45206.05,45251.15,14-02-2024 10:45
45250.9,45341.6,45238.5,45325.4,14-02-2024 10:50
45319.4,45454.5,45315.8,45371.65,14-02-2024 10:55
45371.2,45400.15,45349,45350.65,14-02-2024 11:00
45349.8,45415,45349.8,45397,14-02-2024 11:05
45399.9,45403.65,45336.05,45361.35,14-02-2024 11:10
45360.3,45406.7,45322.6,45355.35,14-02-2024 11:15
45356.6,45380.8,45332.95,45378.3,14-02-2024 11:20
45374.5,45402.95,45306.65,45318.7,14-02-2024 11:25
45314.75,45333.9,45266.55,45279.8,14-02-2024 11:30
45280.05,45285.8,45227.6,45267.9,14-02-2024 11:35
45264.4,45317.5,45259.45,45313.4,14-02-2024 11:40
45315.55,45330.8,45289.7,45297.3,14-02-2024 11:45
45293.95,45396.05,45284.8,45386.1,14-02-2024 11:50
45381.4,45459.55,45348.5,45405.7,14-02-2024 11:55
45409.75,45423.95,45368.8,45399,14-02-2024 12:00
45402.4,45443.45,45375.55,45395.3,14-02-2024 12:05
45395.55,45480.5,45367.45,45398.95,14-02-2024 12:10
45395.15,45436.25,45394.95,45419.2,14-02-2024 12:15
45420.7,45502.15,45408.5,45446.35,14-02-2024 12:20
45446.2,45570.35,45445.75,45540.9,14-02-2024 12:25
45541,45587.6,45513.05,45539.45,14-02-2024 12:30
45545.2,45566,45520.2,45521,14-02-2024 12:35
45516.45,45565.2,45501.1,45538.35,14-02-2024 12:40
45536.9,45557.75,45521.1,45532.7,14-02-2024 12:45
45530.8,45593.5,45495.6,45542.7,14-02-2024 12:50
45538.55,45637.45,45535.9,45623.2,14-02-2024 12:55
45627.3,45748.95,45613.25,45748.95,14-02-2024 13:00
45753,45764.55,45680.8,45695.6,14-02-2024 13:05
45698.1,45718.05,45660.75,45666.8,14-02-2024 13:10
45665.95,45673.15,45582.55,45608.95,14-02-2024 13:15
45607.1,45627.05,45549.15,45556.25,14-02-2024 13:20
45554.25,45592.95,45538.4,45555.6,14-02-2024 13:25
45553.9,45561.2,45443.3,45474.55,14-02-2024 13:30
45469.75,45527.95,45430,45488.75,14-02-2024 13:35
45491.95,45513.5,45464.8,45493.25,14-02-2024 13:40
45495.45,45592.9,45480.6,45582.55,14-02-2024 13:45
45582.75,45615.7,45539.5,45570.05,14-02-2024 13:50
45559.2,45573.2,45470.25,45477.6,14-02-2024 13:55
45477.6,45542.2,45477,45515.55,14-02-2024 14:00
45521.35,45577.95,45490.35,45559.9,14-02-2024 14:05
45561.3,45683.85,45537.7,45683.85,14-02-2024 14:10
45684.85,45783,45660.4,45705.9,14-02-2024 14:15
45700.9,45852.05,45675.85,45838.4,14-02-2024 14:20
45838.8,45840.05,45753.35,45815.35,14-02-2024 14:25
45813.1,45939.6,45769.9,45910.45,14-02-2024 14:30
45910.65,45986.4,45887.95,45971.45,14-02-2024 14:35
45966.5,46107.4,45962.6,46096.95,14-02-2024 14:40
46093.85,46170.45,46061.2,46156.15,14-02-2024 14:45
46146.8,46150.05,46089,46095.3,14-02-2024 14:50
46095.2,46143.35,46050.75,46063.15,14-02-2024 14:55
46058.75,46101.5,45965,46017.9,14-02-2024 15:00
46016.9,46016.9,45937.05,45961.3,14-02-2024 15:05
45961.35,45961.35,45670.3,45785.45,14-02-2024 15:10
45780.9,45876.15,45690.75,45813.3,14-02-2024 15:15
45815.45,45896.55,45786.4,45890.75,14-02-2024 15:20
45888.5,45953.8,45881.65,45920.55,14-02-2024 15:25
46027.1,46100.65,45878.35,45951.05,15-02-2024 09:15
45948.25,46005.95,45903.05,45974.1,15-02-2024 09:20
45971.55,45971.55,45858,45911.3,15-02-2024 09:25
45904.65,45933.9,45793.8,45801.7,15-02-2024 09:30
45790,45850.75,45717.55,45724,15-02-2024 09:35
45722.9,45755.85,45641.8,45662.15,15-02-2024 09:40
45659.65,45814.95,45644.9,45780.95,15-02-2024 09:45
45774.35,45800.95,45735.2,45740.05,15-02-2024 09:50
45721.8,45721.8,45590.2,45671.15,15-02-2024 09:55
45671.1,45737.4,45649.4,45707.85,15-02-2024 10:00
45704.75,45820.6,45700.2,45771.65,15-02-2024 10:05
45774.9,45865.7,45770.95,45853.2,15-02-2024 10:10
45854.8,45904.2,45806.6,45865.85,15-02-2024 10:15
45858.05,45916.55,45822.35,45908.7,15-02-2024 10:20
45910.9,45932.15,45874.5,45897.85,15-02-2024 10:25
45895,45976.15,45869.25,45930.25,15-02-2024 10:30
45936.55,45942.05,45806.7,45848.4,15-02-2024 10:35
45848.85,45895.15,45815.05,45875.05,15-02-2024 10:40
45877.85,45961.8,45861.25,45940.7,15-02-2024 10:45
45940.75,45955.25,45915.8,45951.6,15-02-2024 10:50
45958.4,45971.55,45824.55,45889.05,15-02-2024 10:55
45895,45933.25,45857.3,45889.55,15-02-2024 11:00
45891.6,45913,45854.1,45857.95,15-02-2024 11:05
45872.15,45919.25,45859.85,45894.95,15-02-2024 11:10
45895.75,45937.65,45881.4,45927.95,15-02-2024 11:15
45930.2,45958.9,45917.5,45924,15-02-2024 11:20
45924.5,45941.25,45868.45,45923.4,15-02-2024 11:25
45922.55,45927.65,45860.75,45908.25,15-02-2024 11:30
45908.9,45921.35,45846.45,45916.5,15-02-2024 11:35
45914.9,45938.55,45867.65,45926.1,15-02-2024 11:40
45929.5,46038.35,45929.5,46008.4,15-02-2024 11:45
46004.2,46057.7,45976.65,46031.7,15-02-2024 11:50
46027,46064.25,45982.8,46015.75,15-02-2024 11:55
46014,46050.1,46009,46029.25,15-02-2024 12:00
46022.75,46063.85,46022.75,46035.5,15-02-2024 12:05
46033.75,46080.9,46015.65,46051.6,15-02-2024 12:10
46050.5,46056.05,45972.65,46010.35,15-02-2024 12:15
46013.7,46089.15,46003.7,46088.3,15-02-2024 12:20
46083.35,46092.65,46025.95,46041.85,15-02-2024 12:25
46042.4,46054.45,45889.5,45929.8,15-02-2024 12:30
45929.95,45971.05,45925.7,45962.45,15-02-2024 12:35
45961.65,46008.2,45936.35,45975.1,15-02-2024 12:40
45973.65,46006.5,45924.85,46002.3,15-02-2024 12:45
46002.45,46016.65,45957.85,45966.45,15-02-2024 12:50
45965.9,45990.55,45949.2,45964,15-02-2024 12:55
45963.75,45996.3,45917.9,45987.05,15-02-2024 13:00
45986.35,45997.1,45962.1,45971.4,15-02-2024 13:05
45970.85,46003.35,45959.85,45980.7,15-02-2024 13:10
45982.65,45997.25,45940.95,45941.3,15-02-2024 13:15
45942.5,46027.3,45922.15,45987.95,15-02-2024 13:20
45986.4,46044.8,45969.2,46042.05,15-02-2024 13:25
46045.05,46061.8,46006.1,46012.7,15-02-2024 13:30
46012.9,46166.7,46011.35,46166.7,15-02-2024 13:35
46166.05,46228.2,46139.2,46207.05,15-02-2024 13:40
46205.75,46220.75,46159.7,46209.1,15-02-2024 13:45
46204.25,46232.8,46177.15,46195.05,15-02-2024 13:50
46189.6,46223.85,46144.25,46221.85,15-02-2024 13:55
46222.65,46222.85,46101.35,46112,15-02-2024 14:00
46108.3,46168.75,46108.3,46160.65,15-02-2024 14:05
46156.15,46197.3,46121,46121,15-02-2024 14:10
46112.05,46145.4,46092.25,46119.7,15-02-2024 14:15
46118.3,46143.15,46045.05,46050.6,15-02-2024 14:20
46048.95,46115.65,46027.9,46107,15-02-2024 14:25
46109.1,46145.75,46089.05,46101.65,15-02-2024 14:30
46098.2,46164.55,46098.2,46164.55,15-02-2024 14:35
46154.45,46168.4,46124.75,46164.75,15-02-2024 14:40
46165.85,46192.35,46132.95,46165.3,15-02-2024 14:45
46164.45,46223.5,46160.1,46191.7,15-02-2024 14:50
46192.35,46225,46132.25,46196.8,15-02-2024 14:55
46193.1,46256.7,46165.85,46237.4,15-02-2024 15:00
46234.8,46239.65,46172.15,46193.6,15-02-2024 15:05
46198.9,46216.3,46167.5,46207.3,15-02-2024 15:10
46211.6,46220.55,46167.9,46193.15,15-02-2024 15:15
46195.7,46280.2,46190.4,46265.9,15-02-2024 15:20
46264.5,46297.7,46259.4,46266,15-02-2024 15:25
46454.3,46485.25,46342.7,46381.85,16-02-2024 09:15
46375.95,46383.35,46327.35,46327.35,16-02-2024 09:20
46322.95,46417.5,46315.25,46396.05,16-02-2024 09:25
46403.65,46428.65,46308.65,46339.85,16-02-2024 09:30
46347.7,46385.1,46331.8,46380.25,16-02-2024 09:35
46378.6,46395.05,46292.8,46335.3,16-02-2024 09:40
46333.75,46333.75,46265.7,46278.3,16-02-2024 09:45
46278.35,46357.3,46264.4,46342.05,16-02-2024 09:50
46342.45,46385.5,46339,46377.5,16-02-2024 09:55
46377.4,46407.75,46357.7,46399.35,16-02-2024 10:00
46392.55,46455.9,46373.95,46455.15,16-02-2024 10:05
46450.4,46471.15,46407.4,46453.1,16-02-2024 10:10
46452.3,46459.9,46403.9,46412.8,16-02-2024 10:15
46411.35,46422.3,46377.8,46383.7,16-02-2024 10:20
46383.75,46453.25,46369.7,46447.45,16-02-2024 10:25
46441.2,46448.6,46404.05,46421.1,16-02-2024 10:30
46423.8,46430.8,46371.95,46382.35,16-02-2024 10:35
46380.5,46405.35,46359.05,46401.45,16-02-2024 10:40
46402.05,46407.2,46354.35,46376.35,16-02-2024 10:45
46376.15,46444.35,46354.2,46435.95,16-02-2024 10:50
46437.9,46461,46423.05,46423.05,16-02-2024 10:55
46421.65,46421.65,46365.6,46368.55,16-02-2024 11:00
46369.35,46419.15,46368.3,46409.2,16-02-2024 11:05
46411.25,46412.2,46360.05,46390.1,16-02-2024 11:10
46389.75,46406.25,46361.3,46390.85,16-02-2024 11:15
46391.05,46406.25,46338.75,46367.75,16-02-2024 11:20
46371.7,46382.6,46345.4,46352.85,16-02-2024 11:25
46353.6,46368.6,46336.05,46343.3,16-02-2024 11:30
46344.5,46355,46315.8,46323.6,16-02-2024 11:35
46322.3,46367.4,46297.6,46350.45,16-02-2024 11:40
46354.7,46354.7,46290.5,46352.95,16-02-2024 11:45
46354.5,46438.5,46346.8,46380.8,16-02-2024 11:50
46382.95,46421.5,46377.15,46416.85,16-02-2024 11:55
46417.8,46435.3,46405.9,46417.7,16-02-2024 12:00
46416.55,46445.2,46392.45,46420.15,16-02-2024 12:05
46423.3,46477.75,46417.4,46451.5,16-02-2024 12:10
46449.5,46452.1,46403.85,46413.55,16-02-2024 12:15
46411.6,46423.5,46386.1,46391.3,16-02-2024 12:20
46388.7,46393.95,46362.15,46376.5,16-02-2024 12:25
46375.25,46412.6,46370.75,46403.9,16-02-2024 12:30
46404.7,46449.65,46394.1,46443.35,16-02-2024 12:35
46443.45,46456.45,46423.3,46428.4,16-02-2024 12:40
46429.9,46462.8,46418.5,46457.15,16-02-2024 12:45
46453.7,46471.15,46431.25,46437.05,16-02-2024 12:50
46439.25,46458.45,46422.4,46434.3,16-02-2024 12:55
46438.9,46478.5,46409,46436.75,16-02-2024 13:00
46434.8,46471.3,46430.95,46456.55,16-02-2024 13:05
46460.65,46465.85,46442.35,46442.35,16-02-2024 13:10
46443.15,46476,46420.9,46449.8,16-02-2024 13:15
46450.2,46477.6,46434.4,46462.45,16-02-2024 13:20
46462.7,46473,46428.7,46433.95,16-02-2024 13:25
46433.9,46479.85,46400.1,46479.85,16-02-2024 13:30
46476.35,46555.65,46476.35,46527.75,16-02-2024 13:35
46527.2,46575.6,46520.45,46562.35,16-02-2024 13:40
46564.45,46681.2,46546.3,46649.15,16-02-2024 13:45
46647.8,46693.4,46603.85,46628.8,16-02-2024 13:50
46629.2,46633.1,46530.05,46556,16-02-2024 13:55
46552,46557.95,46505.6,46538.15,16-02-2024 14:00
46538.95,46559.65,46432.45,46439.9,16-02-2024 14:05
46437.6,46478.65,46314.85,46413.9,16-02-2024 14:10
46408.9,46444.45,46375.5,46436.65,16-02-2024 14:15
46438.8,46441.4,46355.1,46363.65,16-02-2024 14:20
46365.05,46458.85,46365.05,46455.45,16-02-2024 14:25
46455.55,46498.7,46415.6,46462.35,16-02-2024 14:30
46460.05,46537.55,46446.95,46531.55,16-02-2024 14:35
46524.95,46549.75,46419.95,46420.7,16-02-2024 14:40
46423.65,46477.15,46417.95,46466.65,16-02-2024 14:45
46467.1,46492.1,46439.35,46466.15,16-02-2024 14:50
46466.9,46480.5,46416.65,46453,16-02-2024 14:55
46453.7,46489.95,46386.1,46386.85,16-02-2024 15:00
46386.2,46425.55,46361.8,46369.95,16-02-2024 15:05
46373.25,46403.75,46331.3,46353.5,16-02-2024 15:10
46353.15,46381.3,46334.1,46354.55,16-02-2024 15:15
46355.35,46376.1,46310.3,46347.1,16-02-2024 15:20
46350.05,46381.95,46340.7,46369.75,16-02-2024 15:25
46554.9,46619.05,46432.8,46500.5,19-02-2024 09:15
46503.55,46513.7,46467.05,46480.3,19-02-2024 09:20
46480.65,46480.65,46407.55,46419.8,19-02-2024 09:25
46420.3,46462,46386.95,46435.2,19-02-2024 09:30
46435.9,46453.25,46358.45,46363.3,19-02-2024 09:35
46363.25,46425.8,46363.25,46400.55,19-02-2024 09:40
46400.5,46431.35,46372.1,46407.1,19-02-2024 09:45
46407.6,46433.25,46317.7,46403.05,19-02-2024 09:50
46402.9,46413.65,46360.3,46361.5,19-02-2024 09:55
46365.7,46438,46363.25,46411.7,19-02-2024 10:00
46410.6,46478.35,46406.7,46474.1,19-02-2024 10:05
46467.35,46471.35,46436.95,46455.45,19-02-2024 10:10
46454.05,46468.15,46411.1,46424.1,19-02-2024 10:15
46422.1,46541.5,46421.55,46522.55,19-02-2024 10:20
46521.95,46538.85,46479.9,46504.3,19-02-2024 10:25
46500,46515.25,46478.05,46496.65,19-02-2024 10:30
46497.4,46512.55,46455.35,46507.85,19-02-2024 10:35
46513.35,46519,46479.6,46484.95,19-02-2024 10:40
46490.25,46510.3,46477.3,46501.1,19-02-2024 10:45
46493.3,46548.3,46478.15,46527,19-02-2024 10:50
46529.1,46559.5,46512.95,46546.7,19-02-2024 10:55
46547.15,46632.55,46543.45,46594.4,19-02-2024 11:00
46593.3,46612.85,46577.15,46596.4,19-02-2024 11:05
46600,46616.65,46582.05,46605.7,19-02-2024 11:10
46612.6,46689,46610.25,46672.8,19-02-2024 11:15
46675.1,46692.25,46618.4,46629.3,19-02-2024 11:20
46632.35,46636.1,46599.55,46608.95,19-02-2024 11:25
46610.8,46619.2,46533.4,46577.85,19-02-2024 11:30
46577,46593.25,46556.9,46568.85,19-02-2024 11:35
46572.4,46613.4,46565.3,46611.05,19-02-2024 11:40
46610.2,46616.4,46590.55,46594.5,19-02-2024 11:45
46595.7,46626,46589.35,46609.6,19-02-2024 11:50
46612.65,46653.75,46596.5,46623.95,19-02-2024 11:55
46625.95,46625.95,46579.85,46608.25,19-02-2024 12:00
46608.8,46627.8,46594.5,46616.1,19-02-2024 12:05
46614.25,46643.3,46606.7,46622.05,19-02-2024 12:10
46624,46636.15,46612.45,46615.6,19-02-2024 12:15
46614.15,46642.95,46602.05,46630.35,19-02-2024 12:20
46627.85,46630.6,46596.15,46599.95,19-02-2024 12:25
46602.35,46616.6,46597.25,46599.85,19-02-2024 12:30
46599.85,46635.7,46585.95,46622.65,19-02-2024 12:35
46623.8,46662.8,46612.8,46636.15,19-02-2024 12:40
46631.65,46642.6,46603.8,46608.2,19-02-2024 12:45
46608.35,46624.05,46601.85,46603.85,19-02-2024 12:50
46605.85,46648.8,46603.9,46630.8,19-02-2024 12:55
46630.6,46660.45,46601.2,46622.3,19-02-2024 13:00
46621.25,46650.55,46611.15,46641.3,19-02-2024 13:05
46641.6,46676.8,46636.2,46669.75,19-02-2024 13:10
46670.2,46675.05,46644.4,46651,19-02-2024 13:15
46650.2,46653.55,46631.35,46651.45,19-02-2024 13:20
46653.1,46654.35,46558.6,46588.1,19-02-2024 13:25
46589.45,46614.2,46573.85,46608,19-02-2024 13:30
46611.7,46618.4,46584.05,46615.55,19-02-2024 13:35
46616.45,46626.45,46595.4,46626.45,19-02-2024 13:40
46624.05,46649.85,46621.5,46631.9,19-02-2024 13:45
46630.05,46657.25,46629.75,46645.6,19-02-2024 13:50
46644.05,46687.85,46643.45,46678.3,19-02-2024 13:55
46674.75,46687,46660.15,46682.35,19-02-2024 14:00
46683.35,46717.4,46670.15,46670.15,19-02-2024 14:05
46650.9,46679.3,46621.15,46647.3,19-02-2024 14:10
46648.3,46658.35,46623.55,46631.55,19-02-2024 14:15
46633.5,46672.75,46629.15,46670.8,19-02-2024 14:20
46665.85,46695.85,46656.45,46691.65,19-02-2024 14:25
46694.15,46694.15,46658,46667.5,19-02-2024 14:30
46668.85,46671.85,46602.15,46630.75,19-02-2024 14:35
46630.95,46659.45,46616.85,46638.05,19-02-2024 14:40
46639.85,46644,46564.55,46603.75,19-02-2024 14:45
46603.7,46603.7,46569.95,46577.9,19-02-2024 14:50
46579.7,46590.5,46533.8,46557.55,19-02-2024 14:55
46562.7,46606.35,46512.85,46534.1,19-02-2024 15:00
46534.2,46550.55,46453.85,46476.4,19-02-2024 15:05
46476.3,46524.3,46464.15,46515.95,19-02-2024 15:10
46519.55,46578.65,46498.85,46561.15,19-02-2024 15:15
46562.75,46578.5,46526.95,46526.95,19-02-2024 15:20
46532.1,46571.85,46529,46556.1,19-02-2024 15:25
46444.9,46478.65,46367.8,46420.1,20-02-2024 09:15
46424.95,46465.4,46400.2,46425.5,20-02-2024 09:20
46425.75,46464.6,46419.3,46419.3,20-02-2024 09:25
46417.85,46529.65,46394.5,46504,20-02-2024 09:30
46502.85,46627.25,46492.65,46604.5,20-02-2024 09:35
46601.85,46660.25,46564.5,46630.3,20-02-2024 09:40
46627.85,46632.55,46563.35,46563.35,20-02-2024 09:45
46557.7,46599.9,46525.85,46558.5,20-02-2024 09:50
46562.25,46621.55,46542.3,46598.7,20-02-2024 09:55
46599.2,46614.7,46584.65,46593,20-02-2024 10:00
46592.1,46778.65,46590.8,46762.4,20-02-2024 10:05
46771.45,46878.85,46763.5,46878.85,20-02-2024 10:10
46873.05,46922.05,46848.9,46897,20-02-2024 10:15
46892.95,46895.3,46856.45,46877.5,20-02-2024 10:20
46876.25,46910.6,46841.65,46901.75,20-02-2024 10:25
46899.6,46968.8,46849.55,46886.5,20-02-2024 10:30
46887.9,46888.8,46838.05,46853.9,20-02-2024 10:35
46851.95,46858.55,46792.9,46800,20-02-2024 10:40
46798.9,46851.8,46798.9,46835.6,20-02-2024 10:45
46836.75,46849.65,46804.25,46806.65,20-02-2024 10:50
46806.75,46881.65,46804.9,46865.75,20-02-2024 10:55
46867.45,46868.85,46837.9,46858.05,20-02-2024 11:00
46858.75,46887.7,46840.85,46874.1,20-02-2024 11:05
46870.8,46892.65,46851,46882.25,20-02-2024 11:10
46878.45,46936.8,46874.45,46924.35,20-02-2024 11:15
46930.15,46946.7,46911.75,46915.5,20-02-2024 11:20
46916.9,46919.45,46886.6,46912.65,20-02-2024 11:25
46913.6,46968.25,46908.3,46942.4,20-02-2024 11:30
46940,46940,46840.45,46850.6,20-02-2024 11:35
46850.8,46875.4,46828.4,46860.95,20-02-2024 11:40
46855.95,46877.25,46841.55,46870.7,20-02-2024 11:45
46872.85,46901.1,46858.85,46889.8,20-02-2024 11:50
46890.9,46903.05,46881.1,46895.4,20-02-2024 11:55
46891.2,46948.65,46889,46939.95,20-02-2024 12:00
46941.35,46980.7,46917.85,46967.5,20-02-2024 12:05
46965.25,46971.35,46926.85,46932.15,20-02-2024 12:10
46933.1,46939.8,46909,46917,20-02-2024 12:15
46920.2,46951,46900.45,46951,20-02-2024 12:20
46950.6,46955.3,46930.85,46944.85,20-02-2024 12:25
46945.2,46950.65,46919.55,46946.1,20-02-2024 12:30
46945.9,46945.9,46921.25,46943,20-02-2024 12:35
46942.6,46970.2,46938.15,46950.55,20-02-2024 12:40
46945.8,46969.15,46936.95,46958.05,20-02-2024 12:45
46959.2,46969.55,46946.75,46968.2,20-02-2024 12:50
46969.05,46991.4,46962.45,46962.45,20-02-2024 12:55
46962.05,46986.75,46943.45,46979.7,20-02-2024 13:00
46975.35,46979.4,46961.25,46967.35,20-02-2024 13:05
46965.15,46971.2,46921.6,46934.3,20-02-2024 13:10
46935.05,46955.8,46915.05,46933.2,20-02-2024 13:15
46933.75,46983.95,46930.3,46968.45,20-02-2024 13:20
46968.45,47040.9,46965.15,47029.3,20-02-2024 13:25
47027.7,47059.3,46986.25,47017.55,20-02-2024 13:30
47016.3,47016.3,46959.4,46974.1,20-02-2024 13:35
46970.2,46981.05,46948.25,46972.8,20-02-2024 13:40
46972.05,46978,46952.55,46972.9,20-02-2024 13:45
46971.75,46974.55,46919.8,46926.35,20-02-2024 13:50
46923.9,46928.7,46903.9,46917.85,20-02-2024 13:55
46913.05,46945.5,46814.05,46829.25,20-02-2024 14:00
46827.9,46883.05,46806.15,46883.05,20-02-2024 14:05
46881.15,46918.95,46861.7,46917,20-02-2024 14:10
46917.85,46958.95,46915.25,46942.4,20-02-2024 14:15
46942.85,46993.95,46931.05,46985.4,20-02-2024 14:20
46985.7,47029.35,46957.65,47004.25,20-02-2024 14:25
47005.25,47065.85,46993.8,47059.85,20-02-2024 14:30
47057.95,47069.95,47012,47017.05,20-02-2024 14:35
47019,47029.4,46994.6,47010.65,20-02-2024 14:40
47009.75,47027.55,46984.7,46988.7,20-02-2024 14:45
46985.7,47031.3,46981.9,47009.5,20-02-2024 14:50
47005.85,47014.35,46987.55,46995.65,20-02-2024 14:55
46993.85,47127.05,46993.85,47085.7,20-02-2024 15:00
47084,47128.35,47067.75,47088.1,20-02-2024 15:05
47091.05,47111.25,47038.7,47094.2,20-02-2024 15:10
47094.4,47126.5,47081.9,47104.45,20-02-2024 15:15
47106.1,47128.65,47095.3,47117.65,20-02-2024 15:20
47120.1,47136.75,47099.6,47126.65,20-02-2024 15:25
47363.4,47363.4,47170.7,47220.65,21-02-2024 09:15
47218.35,47229.1,47130.7,47166.5,21-02-2024 09:20
47158.95,47186.55,47114,47156.65,21-02-2024 09:25
47157.6,47157.6,47085.25,47117.8,21-02-2024 09:30
47119,47257,47111.05,47246.85,21-02-2024 09:35
47245.1,47309.55,47209.75,47304.5,21-02-2024 09:40
47306.75,47346.35,47275.5,47292.55,21-02-2024 09:45
47291.9,47324.85,47276.9,47285,21-02-2024 09:50
47286.75,47351.95,47268.5,47334.15,21-02-2024 09:55
47329.6,47359.05,47325.4,47337.5,21-02-2024 10:00
47336.9,47344.25,47250.55,47313.5,21-02-2024 10:05
47314.45,47315.85,47074.75,47138.95,21-02-2024 10:10
47134.1,47172.65,47021.6,47043,21-02-2024 10:15
47043.45,47102.1,47012.05,47070.2,21-02-2024 10:20
47070.95,47097.4,46962.45,47025.95,21-02-2024 10:25
47026.85,47066.25,46998.35,47049.7,21-02-2024 10:30
47046,47053.5,47020.4,47029.25,21-02-2024 10:35
47028.1,47028.1,46949.3,46973.9,21-02-2024 10:40
46969.25,47023,46925.05,47013.4,21-02-2024 10:45
47015.55,47026.1,46975.4,46994.1,21-02-2024 10:50
46994.05,47063.9,46961.15,47034,21-02-2024 10:55
47031.55,47064.85,46977.95,47024.4,21-02-2024 11:00
47022.75,47051.15,46993.15,47051.15,21-02-2024 11:05
47052.1,47061.15,47008.4,47025.55,21-02-2024 11:10
47026.05,47052.4,46996.8,47041.55,21-02-2024 11:15
47042.1,47067.95,47010.55,47018,21-02-2024 11:20
47022.15,47031.5,46985.35,47025.55,21-02-2024 11:25
47028.95,47058.15,47016.15,47033.1,21-02-2024 11:30
47035.2,47155.8,47035.2,47136.1,21-02-2024 11:35
47134.15,47188.1,47121.25,47169.9,21-02-2024 11:40
47170.35,47183.6,47108.35,47139.8,21-02-2024 11:45
47138.05,47141.95,47104.8,47130.4,21-02-2024 11:50
47121.15,47152.7,47102.1,47137.25,21-02-2024 11:55
47137.25,47151.6,47118,47118,21-02-2024 12:00
47118.5,47128.5,47080.85,47125.4,21-02-2024 12:05
47128.7,47152.7,47115.35,47138.9,21-02-2024 12:10
47140.45,47168.95,47127.85,47159.25,21-02-2024 12:15
47159.15,47180.95,47145.65,47161.55,21-02-2024 12:20
47165.45,47176.55,47135.4,47140.2,21-02-2024 12:25
47143.5,47188.8,47127.75,47185.3,21-02-2024 12:30
47187.05,47231.3,47187.05,47202.7,21-02-2024 12:35
47199.9,47233.45,47196.5,47200.4,21-02-2024 12:40
47209.05,47259.6,47208.65,47249.9,21-02-2024 12:45
47250.05,47282.05,47231.7,47281.2,21-02-2024 12:50
47286.65,47319.2,47272.55,47292.5,21-02-2024 12:55
47293.95,47309.6,47268.55,47282.95,21-02-2024 13:00
47282.4,47284.55,47243.25,47260.1,21-02-2024 13:05
47258.8,47282.5,47252.85,47271.2,21-02-2024 13:10
47270.65,47279.8,47257.45,47266.5,21-02-2024 13:15
47265.4,47271.35,47196,47223.6,21-02-2024 13:20
47223.3,47232.8,47192.05,47195.75,21-02-2024 13:25
47197.95,47224.7,47177.7,47213.1,21-02-2024 13:30
47217.25,47292.55,47217.2,47288.6,21-02-2024 13:35
47290.35,47298.85,47262,47272.25,21-02-2024 13:40
47272,47272.6,47132.2,47151,21-02-2024 13:45
47154.35,47197.75,47100.1,47100.1,21-02-2024 13:50
47101.95,47124.15,47065.8,47101.35,21-02-2024 13:55
47101.75,47128.25,47033.75,47116.3,21-02-2024 14:00
47116.6,47126.9,47065.65,47085.9,21-02-2024 14:05
47086.25,47104.7,47059.3,47086.4,21-02-2024 14:10
47089.2,47155.7,47078.95,47141.75,21-02-2024 14:15
47144.25,47147.15,47014.7,47019.35,21-02-2024 14:20
47024,47069.9,47007.6,47026.2,21-02-2024 14:25
47027.05,47049.3,46977.4,47023.95,21-02-2024 14:30
47020.7,47042.35,46980.6,46980.6,21-02-2024 14:35
46978.7,47053,46967.55,47036.95,21-02-2024 14:40
47034.8,47056.95,47001.4,47049.5,21-02-2024 14:45
47053.55,47086.8,47020.8,47034.45,21-02-2024 14:50
47034.6,47066.3,47001.4,47053.1,21-02-2024 14:55
47052.6,47058.75,46984.7,47014.15,21-02-2024 15:00
47015.35,47091.8,47009.45,47091.8,21-02-2024 15:05
47090.7,47105.1,47053.85,47060.1,21-02-2024 15:10
47059.25,47073.05,47011.8,47019.45,21-02-2024 15:15
47017.6,47030.5,46952.7,46956.65,21-02-2024 15:20
46955.2,46965.85,46886.95,46933.6,21-02-2024 15:25
46934.55,47024.05,46880.45,46965.7,22-02-2024 09:15
46964.2,46997.15,46929.65,46951.4,22-02-2024 09:20
46958.35,46983.4,46861.7,46872,22-02-2024 09:25
46872.7,46882.65,46797.85,46815.65,22-02-2024 09:30
46813.6,46894.15,46808.1,46864.2,22-02-2024 09:35
46863,47000.55,46855.2,46912.8,22-02-2024 09:40
46908.7,46968.35,46908.7,46943.05,22-02-2024 09:45
46942.55,46967.65,46853.65,46858.8,22-02-2024 09:50
46857.7,46885.65,46688.75,46688.75,22-02-2024 09:55
46688.25,46688.25,46612.95,46660.1,22-02-2024 10:00
46654.25,46705.5,46600.5,46677.15,22-02-2024 10:05
46674.35,46680.3,46615.65,46652,22-02-2024 10:10
46651.35,46664.3,46582.3,46642.95,22-02-2024 10:15
46646.35,46659.85,46537.95,46599.3,22-02-2024 10:20
46598.15,46624.85,46571.85,46607.1,22-02-2024 10:25
46601.95,46619.75,46519.4,46541.1,22-02-2024 10:30
46539.8,46607.95,46531.9,46600.5,22-02-2024 10:35
46596.95,46627.35,46568.15,46620.55,22-02-2024 10:40
46619.4,46619.45,46575.95,46596.75,22-02-2024 10:45
46594.55,46612.3,46569.95,46584.65,22-02-2024 10:50
46583.7,46584.3,46462,46522.95,22-02-2024 10:55
46524.15,46551.6,46510.7,46537.15,22-02-2024 11:00
46529.05,46609.25,46529.05,46609.25,22-02-2024 11:05
46604.45,46620.1,46558,46558,22-02-2024 11:10
46556.45,46569.75,46492.1,46492.1,22-02-2024 11:15
46496.65,46511.5,46456.15,46508.75,22-02-2024 11:20
46510.4,46527.45,46436,46454.55,22-02-2024 11:25
46461,46505,46426.85,46500.85,22-02-2024 11:30
46497.15,46523.65,46479.9,46505.2,22-02-2024 11:35
46505.5,46559.5,46482,46547.7,22-02-2024 11:40
46542.5,46559.8,46506.5,46516.25,22-02-2024 11:45
46519.85,46544.3,46487.9,46526.55,22-02-2024 11:50
46524.5,46578.95,46522.45,46569.75,22-02-2024 11:55
46564.1,46605.85,46547.4,46578.65,22-02-2024 12:00
46578.65,46603.7,46529.3,46586.7,22-02-2024 12:05
46586.25,46636.5,46575.1,46575.4,22-02-2024 12:10
46579.2,46612.3,46563.85,46596.2,22-02-2024 12:15
46600.4,46607.75,46543.1,46555.35,22-02-2024 12:20
46557.8,46583.15,46546.45,46576.15,22-02-2024 12:25
46578.5,46597.35,46556.1,46568.85,22-02-2024 12:30
46568.55,46610.65,46564.15,46604,22-02-2024 12:35
46604.4,46607.7,46551.65,46580.7,22-02-2024 12:40
46580.2,46580.65,46529.45,46560.15,22-02-2024 12:45
46562.45,46568.1,46498.7,46504.95,22-02-2024 12:50
46509.6,46543.75,46499.95,46542.5,22-02-2024 12:55
46537.8,46541.2,46499.75,46516.45,22-02-2024 13:00
46516.75,46551.2,46476.3,46550.25,22-02-2024 13:05
46553.5,46574.9,46521.15,46530.8,22-02-2024 13:10
46529.05,46558.15,46513.35,46548.75,22-02-2024 13:15
46554.6,46559.1,46525.6,46549.3,22-02-2024 13:20
46548.3,46569.9,46542.25,46553.9,22-02-2024 13:25
46550.75,46591.6,46549.3,46585.6,22-02-2024 13:30
46583.1,46673.5,46552.5,46670,22-02-2024 13:35
46670.3,46718.85,46662,46707.7,22-02-2024 13:40
46706.4,46795.4,46703.25,46795.4,22-02-2024 13:45
46793,46847.15,46790.55,46815.75,22-02-2024 13:50
46815.1,46864.45,46759.85,46852.1,22-02-2024 13:55
46852.85,46909.55,46809.2,46812,22-02-2024 14:00
46814.1,46860.7,46793.05,46807.2,22-02-2024 14:05
46807.5,46832.6,46742.35,46754.65,22-02-2024 14:10
46748,46796.95,46705.65,46719.7,22-02-2024 14:15
46719.5,46719.5,46667.75,46709.45,22-02-2024 14:20
46709.9,46784.65,46700.35,46767.65,22-02-2024 14:25
46778.6,46780,46679.75,46707.8,22-02-2024 14:30
46715.9,46814.1,46697.35,46788.35,22-02-2024 14:35
46787.15,46805.95,46736.8,46786.85,22-02-2024 14:40
46777.45,46833.65,46758.25,46824.55,22-02-2024 14:45
46826.75,46877.3,46791.5,46815.7,22-02-2024 14:50
46814.3,46853.1,46783.9,46838.5,22-02-2024 14:55
46838.7,46888.65,46819.5,46880.6,22-02-2024 15:00
46884.3,46896.45,46852.85,46877.85,22-02-2024 15:05
46876.8,46955.65,46875.9,46906.55,22-02-2024 15:10
46909.1,46986.15,46889.15,46981.95,22-02-2024 15:15
46986.9,47010.6,46961.95,46977.3,22-02-2024 15:20
46977.5,46985.65,46939.95,46944.85,22-02-2024 15:25
47060.7,47094.4,46927.9,46969.6,23-02-2024 09:15
46967.55,47097.9,46967.55,47069.65,23-02-2024 09:20
47064.55,47103.9,47023.25,47029.1,23-02-2024 09:25
47033.1,47049.35,46962.45,46995.4,23-02-2024 09:30
46996.95,47099.95,46971.55,47086.05,23-02-2024 09:35
47083.7,47135.25,47061,47106.15,23-02-2024 09:40
47106.95,47146.5,47071.75,47090.9,23-02-2024 09:45
47091.4,47132.25,47060.6,47102.15,23-02-2024 09:50
47100.35,47121.8,47063.65,47117.8,23-02-2024 09:55
47118.8,47144.65,47074,47099.05,23-02-2024 10:00
47098.45,47129.4,47069.95,47105.2,23-02-2024 10:05
47104.45,47174.25,47092.45,47173.35,23-02-2024 10:10
47176,47236.45,47170.85,47213.05,23-02-2024 10:15
47212.65,47245.35,47081.1,47089.2,23-02-2024 10:20
47084.25,47112.9,46977,46990.95,23-02-2024 10:25
46996.5,47008.5,46864.85,46938.35,23-02-2024 10:30
46941.25,46949.75,46851.8,46896.1,23-02-2024 10:35
46894.7,46991.65,46863.8,46986.15,23-02-2024 10:40
46985.85,46994.8,46928.6,46963.1,23-02-2024 10:45
46964.2,46973.2,46911.7,46946.55,23-02-2024 10:50
46947.65,46949.05,46902.65,46907.05,23-02-2024 10:55
46909.1,47057.55,46876.5,47057.55,23-02-2024 11:00
47057.75,47091.3,47033.3,47040,23-02-2024 11:05
47037.35,47062.4,47007.6,47021.9,23-02-2024 11:10
47018,47040.9,46994.95,47030,23-02-2024 11:15
47029.65,47074.7,47008.35,47072.3,23-02-2024 11:20
47071.65,47073.6,47019.45,47043.9,23-02-2024 11:25
47045.05,47047.15,47008.6,47040.85,23-02-2024 11:30
47040.4,47049.45,47018.9,47044.1,23-02-2024 11:35
47043.05,47063.3,47033.45,47041.55,23-02-2024 11:40
47040.8,47055.2,46981.95,47010.9,23-02-2024 11:45
47015.05,47017.7,46931.55,46951.65,23-02-2024 11:50
46951.15,46986.25,46934.35,46960.95,23-02-2024 11:55
46960.65,46986.85,46947.75,46971.6,23-02-2024 12:00
46971.6,47011.95,46968.15,47005.7,23-02-2024 12:05
47005.05,47005.05,46950.3,46992.3,23-02-2024 12:10
46986.25,46999.9,46941.6,46951.8,23-02-2024 12:15
46951.95,47028,46949.7,47024.5,23-02-2024 12:20
47027.8,47064.1,47019.65,47042.35,23-02-2024 12:25
47041.95,47056.2,47018.15,47027.95,23-02-2024 12:30
47026.4,47054.35,47014.55,47047.95,23-02-2024 12:35
47045.7,47075.25,47030.45,47058.45,23-02-2024 12:40
47059.35,47073.65,47033.2,47035.2,23-02-2024 12:45
47035.25,47067.25,47035.1,47064.9,23-02-2024 12:50
47063.25,47073.6,47047.2,47055.55,23-02-2024 12:55
47052.4,47077.9,47049.9,47071.2,23-02-2024 13:00
47073.7,47084.7,47008.9,47051.85,23-02-2024 13:05
47050.55,47061.05,47019.85,47050.35,23-02-2024 13:10
47049.75,47055.6,46997.25,47035.45,23-02-2024 13:15
47034.55,47038.85,46857.8,46869.6,23-02-2024 13:20
46870.65,46878.05,46755.9,46830.1,23-02-2024 13:25
46832.4,46936.45,46813.9,46906.1,23-02-2024 13:30
46908.25,46921.75,46871.75,46900.75,23-02-2024 13:35
46905.05,46905.05,46859.15,46872.4,23-02-2024 13:40
46872.95,46916.85,46849,46870.75,23-02-2024 13:45
46868.25,46906.8,46866.3,46892.45,23-02-2024 13:50
46892.3,46911.4,46854.45,46889.1,23-02-2024 13:55
46893.65,46924.6,46853.75,46913.25,23-02-2024 14:00
46912.9,46926.55,46832.3,46844.45,23-02-2024 14:05
46852.8,46879.1,46776.3,46776.8,23-02-2024 14:10
46777.35,46856.25,46741.85,46853.7,23-02-2024 14:15
46853.55,46877.1,46820.2,46848.35,23-02-2024 14:20
46845.1,46849.4,46788.5,46832.9,23-02-2024 14:25
46832,46832.9,46793.3,46815,23-02-2024 14:30
46819.25,46899.25,46787.15,46895.6,23-02-2024 14:35
46898.5,46961.45,46890.25,46954.95,23-02-2024 14:40
46955.95,46959.85,46867.8,46867.8,23-02-2024 14:45
46865.1,46904.45,46843.1,46879.05,23-02-2024 14:50
46885.4,46914.75,46868.15,46909.5,23-02-2024 14:55
46907,46910.3,46815.2,46816.85,23-02-2024 15:00
46821.25,46868.75,46809.9,46839.9,23-02-2024 15:05
46840.1,46843.35,46806.55,46819.85,23-02-2024 15:10
46820.3,46820.3,46723.15,46784.3,23-02-2024 15:15
46787.55,46853.3,46768.65,46816.2,23-02-2024 15:20
46823.45,46823.45,46747.25,46768.6,23-02-2024 15:25
46615.85,46741.4,46611.7,46673.05,26-02-2024 09:15
46676.5,46804.85,46655.35,46804.85,26-02-2024 09:20
46794.1,46851.5,46753.8,46840.35,26-02-2024 09:25
46838,46852.55,46796.65,46812.1,26-02-2024 09:30
46811,46868.7,46790.05,46850.55,26-02-2024 09:35
46845.7,46891.9,46820.1,46879.35,26-02-2024 09:40
46881.9,46893.15,46799.75,46799.75,26-02-2024 09:45
46799.65,46799.65,46669.15,46709.4,26-02-2024 09:50
46707.95,46707.95,46557.65,46562,26-02-2024 09:55
46559.45,46643.6,46553.05,46618.2,26-02-2024 10:00
46617.8,46673.3,46608.5,46623.65,26-02-2024 10:05
46630.85,46653.45,46609.25,46645.35,26-02-2024 10:10
46644.95,46674.85,46624.4,46640.05,26-02-2024 10:15
46642.95,46700.95,46634.95,46666.65,26-02-2024 10:20
46663.4,46681.05,46602.3,46608.8,26-02-2024 10:25
46609.5,46668.45,46608.35,46654.65,26-02-2024 10:30
46655.75,46714.55,46651.65,46685.55,26-02-2024 10:35
46683.85,46685.2,46623.35,46626.75,26-02-2024 10:40
46624.15,46657.6,46614.2,46657.05,26-02-2024 10:45
46656.9,46657.7,46608.7,46613.4,26-02-2024 10:50
46615.95,46626.35,46581.2,46582.95,26-02-2024 10:55
46578.65,46644.85,46559.7,46643.5,26-02-2024 11:00
46646.15,46672.6,46641.1,46662.45,26-02-2024 11:05
46661.4,46664.05,46632,46639.95,26-02-2024 11:10
46639.75,46665.9,46632.2,46652.25,26-02-2024 11:15
46651.1,46653.4,46603.35,46640.45,26-02-2024 11:20
46639.25,46655.9,46628.2,46650.6,26-02-2024 11:25
46647.85,46651.2,46604.45,46604.95,26-02-2024 11:30
46602.75,46629.9,46598.1,46620.7,26-02-2024 11:35
46619.65,46632,46593.25,46628.95,26-02-2024 11:40
46627.15,46643,46609.1,46620.3,26-02-2024 11:45
46620.4,46628.1,46560.75,46560.75,26-02-2024 11:50
46562.85,46612.55,46542.35,46608.6,26-02-2024 11:55
46605.55,46623.95,46593.4,46601.45,26-02-2024 12:00
46602.05,46619.15,46597.4,46605.55,26-02-2024 12:05
46607.4,46608.2,46579.9,46583.75,26-02-2024 12:10
46581.15,46591.15,46513.55,46535.25,26-02-2024 12:15
46535.1,46574.55,46534.25,46554.6,26-02-2024 12:20
46558.4,46671.6,46550.95,46620,26-02-2024 12:25
46623.3,46642.3,46608.7,46639.65,26-02-2024 12:30
46641.2,46644.65,46622.95,46639.1,26-02-2024 12:35
46637.9,46653.1,46607.5,46623.1,26-02-2024 12:40
46622.15,46639.25,46608.4,46620.7,26-02-2024 12:45
46619.95,46658.15,46609.7,46655.8,26-02-2024 12:50
46655.9,46710.95,46646.45,46703.15,26-02-2024 12:55
46704.45,46713.45,46671.25,46682.4,26-02-2024 13:00
46682.65,46749.9,46682.05,46739.5,26-02-2024 13:05
46736.25,46805.4,46734.35,46771.95,26-02-2024 13:10
46770.8,46801.8,46750.4,46758.9,26-02-2024 13:15
46756.3,46756.3,46719.6,46730.6,26-02-2024 13:20
46729.55,46759.3,46720.65,46734.65,26-02-2024 13:25
46731.55,46750.75,46685.1,46702.05,26-02-2024 13:30
46700,46720.7,46660.95,46684.7,26-02-2024 13:35
46685.85,46694.55,46646.4,46650.9,26-02-2024 13:40
46651.65,46753.5,46649.55,46739.05,26-02-2024 13:45
46739.2,46749.3,46714.5,46723.4,26-02-2024 13:50
46721.5,46735.75,46678.15,46715,26-02-2024 13:55
46713.55,46729.75,46697,46707.3,26-02-2024 14:00
46707.7,46756.65,46701.75,46737.9,26-02-2024 14:05
46738.45,46745.35,46696.15,46696.15,26-02-2024 14:10
46698.5,46722.75,46679.45,46707.25,26-02-2024 14:15
46708.05,46759.25,46706.9,46749.15,26-02-2024 14:20
46749.1,46754.65,46707,46715.9,26-02-2024 14:25
46715.9,46750.35,46665.45,46667.3,26-02-2024 14:30
46670.25,46702.5,46646.6,46646.6,26-02-2024 14:35
46647,46684.6,46646.85,46677.55,26-02-2024 14:40
46680.1,46699.1,46609.5,46631.5,26-02-2024 14:45
46630.3,46640.55,46595.4,46614.95,26-02-2024 14:50
46611.8,46635.5,46584.05,46591.8,26-02-2024 14:55
46597.1,46678.55,46583.05,46616.2,26-02-2024 15:00
46615.75,46618.1,46556.65,46597.3,26-02-2024 15:05
46596.1,46607.8,46559.3,46562.25,26-02-2024 15:10
46564.55,46587.75,46540.2,46567.5,26-02-2024 15:15
46569.85,46578.9,46542.7,46547.85,26-02-2024 15:20
46551.25,46590.3,46526.55,46565.6,26-02-2024 15:25
46480.2,46539.1,46442.85,46452.35,27-02-2024 09:15
46451.2,46565,46427.65,46557.65,27-02-2024 09:20
46553.05,46569.3,46502.95,46507.55,27-02-2024 09:25
46507.8,46534.35,46450.3,46520.4,27-02-2024 09:30
46520.9,46567.3,46509.65,46561.8,27-02-2024 09:35
46562,46582.5,46502.05,46550.25,27-02-2024 09:40
46546.45,46600.6,46519.4,46579,27-02-2024 09:45
46578.8,46604.1,46494.6,46515.65,27-02-2024 09:50
46514.75,46531.65,46498,46528,27-02-2024 09:55
46525.7,46555.9,46511.15,46529.6,27-02-2024 10:00
46528.8,46538.45,46395.8,46438.45,27-02-2024 10:05
46435.4,46466.2,46359.8,46384.6,27-02-2024 10:10
46386.9,46422.55,46369.85,46405.75,27-02-2024 10:15
46406.6,46415.85,46324.9,46358.2,27-02-2024 10:20
46360.55,46432.8,46359.95,46391.3,27-02-2024 10:25
46391.85,46408.4,46367.7,46406.5,27-02-2024 10:30
46406.7,46414.8,46387.55,46405.45,27-02-2024 10:35
46406.65,46447.95,46381.85,46447.95,27-02-2024 10:40
46450.65,46471.65,46439.4,46469,27-02-2024 10:45
46468.75,46487.75,46429.65,46451.7,27-02-2024 10:50
46449.65,46480.15,46439.55,46459.45,27-02-2024 10:55
46458.75,46506.75,46456.65,46484.65,27-02-2024 11:00
46482.95,46494.55,46458.6,46463.05,27-02-2024 11:05
46465,46474.45,46442.75,46453.3,27-02-2024 11:10
46452.85,46460.7,46421.1,46431.9,27-02-2024 11:15
46431,46529.1,46417.3,46510.15,27-02-2024 11:20
46512.35,46533.7,46493.45,46513.9,27-02-2024 11:25
46512.6,46516.6,46498.2,46504.1,27-02-2024 11:30
46507.2,46509.75,46486.9,46506.35,27-02-2024 11:35
46506.6,46520.45,46435.5,46466.05,27-02-2024 11:40
46461.6,46480.4,46451.55,46461.2,27-02-2024 11:45
46460.5,46487.35,46458.1,46468.75,27-02-2024 11:50
46468.95,46483.75,46443.55,46474.35,27-02-2024 11:55
46472.9,46488.05,46430.1,46432.15,27-02-2024 12:00
46433.25,46444.4,46411.45,46420.85,27-02-2024 12:05
46423.45,46458.65,46411.55,46454.35,27-02-2024 12:10
46455.85,46463.25,46414.5,46428.95,27-02-2024 12:15
46425.4,46460.4,46425.4,46460.35,27-02-2024 12:20
46461.1,46471.8,46446.15,46446.15,27-02-2024 12:25
46447.05,46465.7,46398.1,46412.5,27-02-2024 12:30
46416.65,46470.45,46400.15,46466.15,27-02-2024 12:35
46467.45,46497.05,46457.55,46487.8,27-02-2024 12:40
46489.45,46564.05,46479.05,46557.25,27-02-2024 12:45
46559.4,46587.85,46548.3,46584.25,27-02-2024 12:50
46579.5,46627.5,46578.55,46616.8,27-02-2024 12:55
46623.65,46638.2,46585.75,46588.25,27-02-2024 13:00
46587.95,46598.75,46546.15,46550.5,27-02-2024 13:05
46552.75,46670,46537.95,46664.5,27-02-2024 13:10
46656.7,46705,46631.95,46689.15,27-02-2024 13:15
46693.1,46708.45,46633.9,46655.45,27-02-2024 13:20
46656,46679,46639.95,46651.95,27-02-2024 13:25
46651.05,46722.25,46651.05,46670.05,27-02-2024 13:30
46672.6,46691.8,46649.3,46671.55,27-02-2024 13:35
46670.6,46686.35,46607.4,46625.75,27-02-2024 13:40
46624.9,46632.75,46567.3,46580.7,27-02-2024 13:45
46584.15,46633.35,46551.45,46568.2,27-02-2024 13:50
46569.15,46590.15,46522.9,46580.2,27-02-2024 13:55
46580.9,46580.9,46532,46557.85,27-02-2024 14:00
46563.75,46598.25,46549.9,46573.95,27-02-2024 14:05
46577.75,46654.15,46566.2,46644.35,27-02-2024 14:10
46642.8,46654.75,46615.25,46621.25,27-02-2024 14:15
46622.15,46645,46579.6,46581.6,27-02-2024 14:20
46588.95,46614.35,46570.1,46579.3,27-02-2024 14:25
46578.7,46630.4,46565.9,46621.35,27-02-2024 14:30
46623.35,46648,46610.05,46618.5,27-02-2024 14:35
46617.3,46687.9,46611.5,46633.65,27-02-2024 14:40
46636.8,46647.15,46577.2,46580.75,27-02-2024 14:45
46583.9,46600.35,46561.85,46580.1,27-02-2024 14:50
46584.35,46600.05,46541.7,46578.6,27-02-2024 14:55
46586.55,46617.35,46552.35,46600.1,27-02-2024 15:00
46600.8,46616.45,46575.6,46591.35,27-02-2024 15:05
46590.25,46606.8,46569.35,46585.3,27-02-2024 15:10
46580.85,46590.6,46565.9,46574.9,27-02-2024 15:15
46576.55,46626.65,46553.7,46625.4,27-02-2024 15:20
46622.6,46625.9,46591.3,46613.85,27-02-2024 15:25
46640.9,46682.45,46552.95,46597.65,28-02-2024 09:15
46595.95,46639.35,46580.65,46634.1,28-02-2024 09:20
46634.8,46649.55,46596.8,46619.25,28-02-2024 09:25
46618.7,46672.95,46590.55,46669.25,28-02-2024 09:30
46670.65,46672.3,46633.1,46647.7,28-02-2024 09:35
46648.7,46664.5,46562.1,46620.15,28-02-2024 09:40
46624.3,46658.65,46614.6,46630,28-02-2024 09:45
46630.05,46648,46593.3,46602.4,28-02-2024 09:50
46604.5,46610.8,46539.95,46545.9,28-02-2024 09:55
46547.3,46572.3,46523.3,46566.45,28-02-2024 10:00
46564.2,46698.6,46559.5,46686.35,28-02-2024 10:05
46685.65,46731.15,46685.65,46708.1,28-02-2024 10:10
46705.95,46717.85,46687.85,46700.55,28-02-2024 10:15
46700.3,46753.9,46690.5,46740.2,28-02-2024 10:20
46740.9,46754.55,46706.75,46718.2,28-02-2024 10:25
46711.75,46715.95,46656.2,46657.55,28-02-2024 10:30
46657.4,46687.45,46628.9,46632.9,28-02-2024 10:35
46634.3,46656.6,46614.8,46631.1,28-02-2024 10:40
46630.4,46642.45,46581.25,46593.95,28-02-2024 10:45
46594.8,46594.8,46386.6,46411.35,28-02-2024 10:50
46408.45,46438.55,46178.95,46180.85,28-02-2024 10:55
46179.85,46210.55,46040.3,46090.55,28-02-2024 11:00
46092.25,46208.9,46079.3,46202.85,28-02-2024 11:05
46202.45,46261.95,46186.4,46204.2,28-02-2024 11:10
46206.4,46286.55,46205.95,46252.15,28-02-2024 11:15
46249.7,46284.6,46221.05,46268.35,28-02-2024 11:20
46267.25,46274.45,46205.25,46256.2,28-02-2024 11:25
46249.5,46312.3,46231.2,46281.4,28-02-2024 11:30
46280.85,46295,46265.95,46283.3,28-02-2024 11:35
46279.65,46285.2,46174.65,46174.65,28-02-2024 11:40
46179.25,46269.45,46160.65,46264.15,28-02-2024 11:45
46266.45,46266.45,46232.85,46247,28-02-2024 11:50
46244.55,46251.65,46224.65,46250.85,28-02-2024 11:55
46251.25,46257.15,46155.4,46177.4,28-02-2024 12:00
46174.15,46212.5,46149.6,46181.7,28-02-2024 12:05
46182.05,46247.75,46176.45,46235.15,28-02-2024 12:10
46237.55,46253.75,46221.4,46239.15,28-02-2024 12:15
46242.3,46247.75,46210.55,46236.2,28-02-2024 12:20
46229.85,46237.85,46198.05,46205.55,28-02-2024 12:25
46205.25,46236.8,46189.15,46220.9,28-02-2024 12:30
46216.25,46248.8,46170.65,46242.6,28-02-2024 12:35
46238.9,46252.65,46229.35,46247.5,28-02-2024 12:40
46246.7,46259.05,46176.35,46194.2,28-02-2024 12:45
46198.15,46220.9,46117.85,46119.95,28-02-2024 12:50
46113.6,46136.2,46059.75,46082.95,28-02-2024 12:55
46084.1,46116.65,46064.7,46093.05,28-02-2024 13:00
46095.4,46117.35,45964.6,46011.35,28-02-2024 13:05
46019.4,46025.85,45913.65,45939.75,28-02-2024 13:10
45944.1,46055.15,45944.1,46051.25,28-02-2024 13:15
46048.7,46131.3,46045,46107.5,28-02-2024 13:20
46107.1,46159.85,46081.8,46159.85,28-02-2024 13:25
46157.85,46253.15,46128.05,46206.4,28-02-2024 13:30
46206,46270.15,46190,46216.65,28-02-2024 13:35
46217.05,46243.45,46194.45,46207.05,28-02-2024 13:40
46206.45,46211.85,46169.65,46202.75,28-02-2024 13:45
46203.8,46244.2,46202.95,46234.5,28-02-2024 13:50
46230.3,46255.45,46190.75,46228.2,28-02-2024 13:55
46230.5,46260.55,46221.5,46239,28-02-2024 14:00
46237.35,46278.3,46230.3,46245.55,28-02-2024 14:05
46244.8,46279.55,46230.05,46252.9,28-02-2024 14:10
46253.65,46254.15,46187.1,46193.3,28-02-2024 14:15
46191.55,46200.35,46165.25,46189.9,28-02-2024 14:20
46191.75,46245.65,46187.3,46229.4,28-02-2024 14:25
46231.2,46238.9,46057.25,46076.8,28-02-2024 14:30
46076.35,46105.55,46032.95,46072.8,28-02-2024 14:35
46074,46087.05,45990.55,46042.75,28-02-2024 14:40
46037.5,46142.5,46035.3,46103.6,28-02-2024 14:45
46102.75,46132.6,46057.45,46086.45,28-02-2024 14:50
46080,46081.25,46000.1,46036.9,28-02-2024 14:55
46033.35,46082.7,46007.95,46064.45,28-02-2024 15:00
46065.35,46096.15,46005.25,46007.1,28-02-2024 15:05
46005.1,46010.2,45920.95,45962.35,28-02-2024 15:10
45961.65,45963.45,45899.8,45917.55,28-02-2024 15:15
45920,45952.2,45916.45,45943.85,28-02-2024 15:20
45935.35,45941.3,45852.55,45910.55,28-02-2024 15:25
45881.45,45923.25,45796.15,45908.55,29-02-2024 09:15
45902.95,45927.1,45807.5,45927.1,29-02-2024 09:20
45921.65,45954.25,45885.4,45908.45,29-02-2024 09:25
45912.1,45988.35,45876,45972.6,29-02-2024 09:30
45970.3,45989.25,45766.8,45801.85,29-02-2024 09:35
45800.9,45870.7,45766.3,45864.9,29-02-2024 09:40
45873.2,45932.2,45854,45892.2,29-02-2024 09:45
45894.8,46098.15,45891.3,46085.95,29-02-2024 09:50
46086.5,46154.2,46079.45,46121.85,29-02-2024 09:55
46122.95,46128.75,46036.4,46046.65,29-02-2024 10:00
46038.1,46056.7,45714.5,45714.5,29-02-2024 10:05
45706.45,45758,45661.75,45738.4,29-02-2024 10:10
45739.85,45790.5,45702.8,45747.7,29-02-2024 10:15
45748.75,45848.4,45739.35,45792.95,29-02-2024 10:20
45788.4,45811.4,45745.2,45799,29-02-2024 10:25
45800.75,45810.6,45747.95,45793.7,29-02-2024 10:30
45790.4,45809.4,45712.2,45718.4,29-02-2024 10:35
45710.25,45850.2,45710.25,45813.95,29-02-2024 10:40
45813.05,45827.55,45774,45821.7,29-02-2024 10:45
45822.65,45835.1,45770.65,45778.3,29-02-2024 10:50
45779,45835.45,45751.6,45754.5,29-02-2024 10:55
45751.55,45844.35,45751.55,45811.45,29-02-2024 11:00
45812.75,45865.65,45790,45860.4,29-02-2024 11:05
45862.15,45908.05,45841.4,45903.65,29-02-2024 11:10
45904.55,45925.55,45858.6,45858.75,29-02-2024 11:15
45860.65,45886.4,45841.95,45871.8,29-02-2024 11:20
45868.05,45898.75,45802.35,45841.2,29-02-2024 11:25
45841,45899.1,45837.7,45874.85,29-02-2024 11:30
45871.8,45887.6,45860.05,45864.15,29-02-2024 11:35
45864.6,45904.05,45850.95,45880.45,29-02-2024 11:40
45872.65,45899.6,45838.25,45865.3,29-02-2024 11:45
45863.8,45899.5,45845.25,45899.5,29-02-2024 11:50
45895.6,45931.3,45859.4,45888.35,29-02-2024 11:55
45884.85,45906.55,45870,45906.55,29-02-2024 12:00
45899.3,45910.55,45853.35,45868.75,29-02-2024 12:05
45866.1,45891.1,45860.25,45889.7,29-02-2024 12:10
45887,45891.95,45804.65,45865.25,29-02-2024 12:15
45864.65,45906.2,45851.15,45877.85,29-02-2024 12:20
45873,45907.85,45843.25,45855.65,29-02-2024 12:25
45855,45904.55,45836.2,45894.65,29-02-2024 12:30
45889.4,45920.15,45881.4,45896.25,29-02-2024 12:35
45895.5,46016.85,45885.35,46005.85,29-02-2024 12:40
46002.75,46045.9,45952.85,45954.5,29-02-2024 12:45
45952.2,46012.8,45939.55,46004.2,29-02-2024 12:50
46001.95,46023.05,45974.9,45984.1,29-02-2024 12:55
45984.2,46012.15,45979.85,46008.05,29-02-2024 13:00
46006.75,46051.1,45982.4,46041.7,29-02-2024 13:05
46048.95,46086.7,46024.85,46075.75,29-02-2024 13:10
46073.5,46136.45,46073.5,46073.7,29-02-2024 13:15
46064.2,46083.35,46043.45,46072.5,29-02-2024 13:20
46069.9,46092.45,46057.95,46081.7,29-02-2024 13:25
46080.15,46120.6,46056.15,46111.2,29-02-2024 13:30
46110.6,46130.8,46011.85,46017.2,29-02-2024 13:35
46013.15,46048,46005.5,46034.75,29-02-2024 13:40
46031.55,46180.25,46026.85,46156.95,29-02-2024 13:45
46161.25,46189.15,46132.85,46152.2,29-02-2024 13:50
46151,46184.2,46118.05,46150.35,29-02-2024 13:55
46147.8,46161.65,46079.7,46080.95,29-02-2024 14:00
46078.4,46127.2,46078.4,46101.25,29-02-2024 14:05
46103.5,46154.4,46097.75,46144.1,29-02-2024 14:10
46141.2,46168.85,46115.85,46123.55,29-02-2024 14:15
46119.35,46149.35,46082.7,46129.8,29-02-2024 14:20
46128.6,46174.55,46122.25,46134.95,29-02-2024 14:25
46130.55,46148.6,46022.5,46041.2,29-02-2024 14:30
46040,46111.85,46012.65,46111.85,29-02-2024 14:35
46106.6,46276.75,46105.45,46271.1,29-02-2024 14:40
46275.2,46329.65,46211.25,46226.95,29-02-2024 14:45
46228.35,46282.55,46186.75,46190.05,29-02-2024 14:50
46184.35,46186.25,46022.3,46063.5,29-02-2024 14:55
46068.95,46084.9,45933.15,45978.05,29-02-2024 15:00
45977.5,46067.45,45947.45,46067.05,29-02-2024 15:05
46065.9,46164.5,46065.9,46155.05,29-02-2024 15:10
46152.55,46221.5,46144.7,46195.25,29-02-2024 15:15
46193.45,46282.9,46193.45,46282.9,29-02-2024 15:20
46286.55,46322.6,46246.7,46277,29-02-2024 15:25
46218,46524.8,46218,46506.95,01-03-2024 09:15
46505.75,46536.5,46476.4,46480.55,01-03-2024 09:20
46478.75,46531.9,46462.7,46478,01-03-2024 09:25
46479.1,46548.25,46474.45,46504.3,01-03-2024 09:30
46502.2,46533.25,46485.95,46517.8,01-03-2024 09:35
46517.45,46602.15,46500.4,46583.25,01-03-2024 09:40
46580.25,46611.75,46526.7,46601.65,01-03-2024 09:45
46598.45,46609.6,46563.3,46592.25,01-03-2024 09:50
46595.9,46595.9,46546.75,46578.7,01-03-2024 09:55
46580.6,46592.6,46546.35,46546.9,01-03-2024 10:00
46548.6,46623.45,46542,46612.65,01-03-2024 10:05
46606.85,46625,46579.15,46604.9,01-03-2024 10:10
46599.9,46615.15,46569.25,46580.1,01-03-2024 10:15
46580.55,46632.4,46574.15,46614.8,01-03-2024 10:20
46615.2,46629.1,46601.3,46613.45,01-03-2024 10:25
46605.45,46629.95,46591.25,46613.85,01-03-2024 10:30
46614.1,46639.7,46612.05,46630.2,01-03-2024 10:35
46631.3,46661.3,46610.2,46627,01-03-2024 10:40
46621.7,46642.9,46617.45,46625.1,01-03-2024 10:45
46624.65,46669.15,46619.05,46656.25,01-03-2024 10:50
46656.5,46667.95,46592.9,46594,01-03-2024 10:55
46594.35,46648.15,46594.35,46643.35,01-03-2024 11:00
46642.65,46681.45,46636.3,46678.25,01-03-2024 11:05
46677.5,46726.6,46677.5,46685.45,01-03-2024 11:10
46685.55,46741.4,46685.55,46740.65,01-03-2024 11:15
46737.95,46812.25,46733.2,46804.95,01-03-2024 11:20
46803.25,46870.95,46793.9,46862.85,01-03-2024 11:25
46862.1,46883.75,46828.75,46846.2,01-03-2024 11:30
46841.85,46969.55,46841.8,46927.35,01-03-2024 11:35
46928.5,46941.45,46877.85,46886.2,01-03-2024 11:40
46884.95,46910.1,46883.5,46902.15,01-03-2024 11:45
46900.85,46940.55,46893.05,46919,01-03-2024 11:50
46920.75,46929.65,46869.35,46900.9,01-03-2024 11:55
46902.7,46929.2,46874.9,46891.3,01-03-2024 12:00
46891.25,46918.25,46878,46902.35,01-03-2024 12:05
46903.75,46912.95,46894,46911,01-03-2024 12:10
46911.05,46948,46887.95,46912.3,01-03-2024 12:15
46909,46930.45,46890.6,46928.75,01-03-2024 12:20
46929.8,46986.55,46921.05,46957.75,01-03-2024 12:25
46960.65,47013.1,46960.35,46983.1,01-03-2024 12:30
46982.75,47032.35,46965.65,47027.1,01-03-2024 12:35
47026.9,47066.05,47011.45,47041.45,01-03-2024 12:40
47041.75,47059.7,47002.05,47029.4,01-03-2024 12:45
47021.65,47047.95,47019.7,47044.75,01-03-2024 12:50
47040.7,47055.4,47026.1,47033.2,01-03-2024 12:55
47034.5,47082.6,47028.85,47077.3,01-03-2024 13:00
47076.9,47076.9,47042.5,47058.25,01-03-2024 13:05
47058.4,47060.65,46977.35,46993.55,01-03-2024 13:10
46993.1,47009.7,46965.6,46997.4,01-03-2024 13:15
46996.25,47044.45,46996.25,47033.95,01-03-2024 13:20
47032.85,47047.8,47001.65,47037.5,01-03-2024 13:25
47036.4,47043.95,47010.3,47024.95,01-03-2024 13:30
47023.95,47041.7,47004.6,47004.85,01-03-2024 13:35
47005.15,47038.05,47002.9,47038.05,01-03-2024 13:40
47038.5,47044,47010.95,47039.9,01-03-2024 13:45
47040.05,47080.05,47023.85,47079.3,01-03-2024 13:50
47080,47092.15,47056.55,47085.15,01-03-2024 13:55
47083.7,47118.15,47053.65,47079,01-03-2024 14:00
47080.4,47147.15,47077.5,47147.15,01-03-2024 14:05
47144.45,47174.65,47124.65,47161.6,01-03-2024 14:10
47160.95,47190.7,47142.4,47169.3,01-03-2024 14:15
47164.25,47195.95,47164.25,47173.2,01-03-2024 14:20
47174.3,47267.35,47168.1,47232.8,01-03-2024 14:25
47236.2,47247.55,47212.4,47225.35,01-03-2024 14:30
47222.2,47225.2,47190.95,47217.4,01-03-2024 14:35
47212.45,47256,47195.4,47235.35,01-03-2024 14:40
47234.8,47269.35,47233.95,47260.7,01-03-2024 14:45
47261.15,47311.3,47234.7,47245.35,01-03-2024 14:50
47242.3,47280,47239.45,47270.45,01-03-2024 14:55
47264,47312.5,47250.65,47299.65,01-03-2024 15:00
47297.05,47326.95,47282.75,47311.25,01-03-2024 15:05
47310.8,47334.85,47307.15,47313.5,01-03-2024 15:10
47312.5,47342.25,47264.15,47283.4,01-03-2024 15:15
47282.8,47297.75,47244.65,47246.15,01-03-2024 15:20
47243.6,47256.45,47212.75,47255.95,01-03-2024 15:25
47377.45,47438.6,47274.85,47274.85,02-03-2024 09:15
47282.55,47292.35,47241.1,47279,02-03-2024 09:20
47280.75,47315.2,47261.8,47311.05,02-03-2024 09:25
47309.2,47355.15,47304.65,47335.9,02-03-2024 09:30
47332.05,47348.6,47317.7,47327.15,02-03-2024 09:35
47327.25,47352.7,47307.35,47351.1,02-03-2024 09:40
47354.4,47393.35,47317.55,47322.2,02-03-2024 09:45
47321.05,47335.95,47272.55,47331.35,02-03-2024 09:50
47330.45,47330.45,47288.05,47297,02-03-2024 09:55
47327,47343.75,47237,47285.05,02-03-2024 11:30
47282.1,47337.9,47267.4,47297.3,02-03-2024 11:35
47297.45,47315.7,47292.3,47298.7,02-03-2024 11:40
47297.4,47348.15,47284,47290.6,02-03-2024 11:45
47287.5,47305.2,47271,47286.25,02-03-2024 11:50
47288.45,47295.6,47256.2,47265.65,02-03-2024 11:55
47267.95,47318.3,47263.55,47305.3,02-03-2024 12:00
47303.65,47313.15,47291.55,47297.4,02-03-2024 12:05
47296.95,47303.1,47279.85,47294.55,02-03-2024 12:10
47295.3,47306.9,47289.25,47298.85,02-03-2024 12:15
47296.35,47314.5,47292.15,47299.45,02-03-2024 12:20
47300,47314.2,47281.35,47294.6,02-03-2024 12:25
47318.5,47461.15,47306.85,47459.65,04-03-2024 09:15
47455.35,47455.35,47380.75,47442.65,04-03-2024 09:20
47443.7,47443.7,47354.25,47361.45,04-03-2024 09:25
47356.95,47410.6,47335.45,47378.65,04-03-2024 09:30
47380.05,47407.2,47311.3,47337.1,04-03-2024 09:35
47336.8,47393.6,47308.6,47383.75,04-03-2024 09:40
47377.2,47385.35,47282.5,47293.1,04-03-2024 09:45
47297,47342.8,47279.25,47326.05,04-03-2024 09:50
47328.5,47340.2,47289.1,47330,04-03-2024 09:55
47328.35,47429.65,47299.9,47414.25,04-03-2024 10:00
47408.5,47436.4,47386.5,47421.9,04-03-2024 10:05
47419.3,47434.7,47391.05,47413.3,04-03-2024 10:10
47411.65,47447.7,47411.65,47434.4,04-03-2024 10:15
47431.85,47479.4,47418.8,47466.1,04-03-2024 10:20
47466.95,47484.65,47455.45,47459.15,04-03-2024 10:25
47457.25,47496.95,47449.7,47480.4,04-03-2024 10:30
47485.3,47512.1,47472.45,47496.15,04-03-2024 10:35
47496,47520.9,47481,47488.9,04-03-2024 10:40
47489.8,47489.8,47401.35,47430.75,04-03-2024 10:45
47428.45,47442.2,47358.45,47375,04-03-2024 10:50
47376.35,47377.75,47233.15,47242.4,04-03-2024 10:55
47241.4,47298.6,47191.65,47210.5,04-03-2024 11:00
47212.75,47280.8,47212.75,47257.2,04-03-2024 11:05
47257.9,47326,47238.05,47320.65,04-03-2024 11:10
47319.9,47355.85,47276.25,47276.25,04-03-2024 11:15
47270.05,47327.1,47249,47319.8,04-03-2024 11:20
47322.15,47329.65,47300.15,47323.3,04-03-2024 11:25
47326.85,47337.1,47299,47317.3,04-03-2024 11:30
47318.4,47333.75,47285.2,47306.75,04-03-2024 11:35
47310.5,47328,47299.8,47324.3,04-03-2024 11:40
47327.05,47344.35,47308.05,47335.7,04-03-2024 11:45
47332.4,47350.55,47276.75,47298.1,04-03-2024 11:50
47302.5,47314,47283.4,47290.75,04-03-2024 11:55
47294.1,47321.05,47289.55,47308,04-03-2024 12:00
47305.1,47328,47289.4,47293.6,04-03-2024 12:05
47294.85,47312.85,47265.7,47309.3,04-03-2024 12:10
47300.6,47336.15,47299.95,47325.7,04-03-2024 12:15
47327.6,47350.5,47309.7,47310.95,04-03-2024 12:20
47310.55,47352.9,47308.65,47344.1,04-03-2024 12:25
47341.15,47364.2,47340.35,47359.2,04-03-2024 12:30
47359.1,47369.6,47346.85,47352.4,04-03-2024 12:35
47353.2,47373.1,47318.6,47363.85,04-03-2024 12:40
47367.8,47371.4,47328.35,47350.85,04-03-2024 12:45
47352.35,47355.3,47273.75,47294.75,04-03-2024 12:50
47292.4,47357.75,47289.85,47351.2,04-03-2024 12:55
47351.1,47364.2,47338.5,47354.4,04-03-2024 13:00
47351.8,47369.9,47348.25,47352.35,04-03-2024 13:05
47351.75,47369.95,47325.6,47326.75,04-03-2024 13:10
47326.4,47384.3,47325.05,47375.55,04-03-2024 13:15
47375.75,47383.95,47367.5,47377.25,04-03-2024 13:20
47375.45,47397.55,47348.6,47360.9,04-03-2024 13:25
47357.95,47392.75,47356.6,47379.05,04-03-2024 13:30
47381.65,47403.25,47378.7,47393.85,04-03-2024 13:35
47394.6,47411.75,47386.75,47393.15,04-03-2024 13:40
47390.3,47404.1,47373.5,47404.1,04-03-2024 13:45
47398.65,47402.5,47377.75,47377.75,04-03-2024 13:50
47378.3,47392.6,47353.55,47387.45,04-03-2024 13:55
47383.15,47390.05,47365.75,47379.75,04-03-2024 14:00
47379.85,47425.05,47379.8,47415.1,04-03-2024 14:05
47416,47490.65,47406.6,47485.3,04-03-2024 14:10
47485.1,47505.6,47437.9,47459.65,04-03-2024 14:15
47456.7,47472.65,47437.95,47456.35,04-03-2024 14:20
47452.5,47471.25,47439.05,47452.85,04-03-2024 14:25
47456.95,47483.9,47425.05,47426.65,04-03-2024 14:30
47427.15,47435.65,47335,47377.1,04-03-2024 14:35
47373.9,47395.25,47351.35,47367.55,04-03-2024 14:40
47370.15,47399.35,47362.55,47393.6,04-03-2024 14:45
47392.75,47405.45,47372.85,47398.15,04-03-2024 14:50
47402.05,47436.65,47393.05,47421.9,04-03-2024 14:55
47419.15,47474.3,47419.15,47472.25,04-03-2024 15:00
47467.4,47529.6,47467.4,47486.8,04-03-2024 15:05
47488.65,47514.8,47475.8,47484.8,04-03-2024 15:10
47481.35,47484.45,47378,47400.8,04-03-2024 15:15
47399,47448.35,47388.3,47416.7,04-03-2024 15:20
47413.9,47486,47410.8,47425.65,04-03-2024 15:25
47265.7,47349.05,47196.75,47274.2,05-03-2024 09:15
47278.25,47328.9,47246.25,47325.9,05-03-2024 09:20
47321.9,47350.05,47293.75,47309.65,05-03-2024 09:25
47314.15,47379.75,47294.45,47336.2,05-03-2024 09:30
47334.45,47365.65,47325.1,47359.4,05-03-2024 09:35
47355.95,47390.7,47346.35,47368.35,05-03-2024 09:40
47363.75,47378.5,47326.4,47358.65,05-03-2024 09:45
47354.8,47379.75,47327.5,47367.1,05-03-2024 09:50
47369.5,47369.5,47319.1,47336.25,05-03-2024 09:55
47334,47358.4,47299,47358.4,05-03-2024 10:00
47356.05,47359.3,47290.05,47299.2,05-03-2024 10:05
47297.55,47332.85,47285.45,47330.45,05-03-2024 10:10
47331.3,47333.4,47301.9,47320.8,05-03-2024 10:15
47323.3,47323.65,47241.8,47280,05-03-2024 10:20
47280.35,47321.95,47254.05,47321.95,05-03-2024 10:25
47321.15,47325.1,47284.65,47289.8,05-03-2024 10:30
47288.75,47306.1,47283.35,47305.15,05-03-2024 10:35
47304.9,47336.2,47304.9,47325.05,05-03-2024 10:40
47324.4,47338.8,47311.8,47332.4,05-03-2024 10:45
47332.95,47349.1,47322.8,47338.25,05-03-2024 10:50
47340.25,47394.5,47318.25,47393.1,05-03-2024 10:55
47391.2,47420.85,47379.7,47381.55,05-03-2024 11:00
47380.35,47398.55,47338.55,47359.25,05-03-2024 11:05
47359.5,47381.05,47352.25,47358.15,05-03-2024 11:10
47359.4,47359.4,47319.1,47342.2,05-03-2024 11:15
47342.25,47348.95,47273.7,47296.4,05-03-2024 11:20
47294.85,47334.15,47282.35,47332.95,05-03-2024 11:25
47334.85,47355.35,47333.3,47348.5,05-03-2024 11:30
47347.15,47356.3,47325.2,47342.65,05-03-2024 11:35
47341.9,47372.85,47335.3,47355.05,05-03-2024 11:40
47356.75,47387.4,47348.8,47377.55,05-03-2024 11:45
47377.95,47404,47366.15,47388.4,05-03-2024 11:50
47391.7,47411.55,47377.95,47401.3,05-03-2024 11:55
47402.25,47426.2,47390.2,47426.2,05-03-2024 12:00
47423.05,47429.25,47381.25,47395.2,05-03-2024 12:05
47391.25,47401.15,47380.9,47382.9,05-03-2024 12:10
47379.25,47408.2,47361.65,47401.5,05-03-2024 12:15
47399.9,47408.65,47385.5,47389.65,05-03-2024 12:20
47390.8,47395,47361.7,47362.45,05-03-2024 12:25
47364.45,47395.55,47353.75,47386.1,05-03-2024 12:30
47386.2,47421,47378.05,47421,05-03-2024 12:35
47416.6,47425.05,47395.5,47422.95,05-03-2024 12:40
47426,47519.95,47414.95,47511.5,05-03-2024 12:45
47513.05,47680.25,47513.05,47678.65,05-03-2024 12:50
47680.5,47715.3,47655.25,47706,05-03-2024 12:55
47706.15,47737.85,47659,47673.7,05-03-2024 13:00
47673.45,47690.05,47627.35,47651.05,05-03-2024 13:05
47652.45,47676.8,47623.85,47676.8,05-03-2024 13:10
47674.8,47701.8,47641.05,47653.05,05-03-2024 13:15
47648.9,47667.6,47634.05,47665.3,05-03-2024 13:20
47664.35,47697.05,47653.95,47667.05,05-03-2024 13:25
47668.55,47698.95,47659.8,47696.3,05-03-2024 13:30
47696.2,47712.7,47669.3,47685.3,05-03-2024 13:35
47683.95,47696.95,47653.7,47653.7,05-03-2024 13:40
47651.95,47674.35,47592.3,47599.3,05-03-2024 13:45
47598.65,47607.95,47512.75,47554.85,05-03-2024 13:50
47556.85,47589.45,47536.45,47589.45,05-03-2024 13:55
47586.05,47609.2,47554.3,47574.4,05-03-2024 14:00
47570.1,47603.7,47548.45,47597.55,05-03-2024 14:05
47596.7,47620.7,47581.8,47596.65,05-03-2024 14:10
47597.75,47624.65,47576.8,47615,05-03-2024 14:15
47615.55,47701,47615.55,47691.4,05-03-2024 14:20
47691.05,47699.75,47593.05,47596.25,05-03-2024 14:25
47599.55,47636.75,47579.3,47631.2,05-03-2024 14:30
47626.5,47663.3,47605.05,47649.35,05-03-2024 14:35
47648.55,47695.7,47646.9,47653.45,05-03-2024 14:40
47652.3,47668.05,47622.8,47650.5,05-03-2024 14:45
47647.05,47680.9,47597.25,47597.25,05-03-2024 14:50
47599.3,47628.8,47572.65,47584.2,05-03-2024 14:55
47576,47616.65,47562.1,47589,05-03-2024 15:00
47581.15,47590.85,47529.75,47548,05-03-2024 15:05
47543.1,47586.05,47543.1,47583.35,05-03-2024 15:10
47583.3,47611.1,47560.9,47571.75,05-03-2024 15:15
47574.1,47609.7,47565.15,47589.75,05-03-2024 15:20
47590.15,47595.6,47561.7,47582.15,05-03-2024 15:25
47451.65,47535.75,47442.25,47486.45,06-03-2024 09:15
47485,47583.2,47485,47526.8,06-03-2024 09:20
47525.9,47599.45,47516.25,47551.65,06-03-2024 09:25
47553.2,47635.15,47481.05,47614.5,06-03-2024 09:30
47606.75,47612,47530.35,47588.55,06-03-2024 09:35
47605.85,47904,47584.15,47892.65,06-03-2024 09:40
47899.5,47911.6,47815.8,47820.1,06-03-2024 09:45
47818.75,47973.2,47815.85,47860.4,06-03-2024 09:50
47859.85,47876.8,47741.65,47748.95,06-03-2024 09:55
47748.8,47839.65,47739.5,47811.05,06-03-2024 10:00
47809.9,48030.7,47800.95,47942.35,06-03-2024 10:05
47941.35,48073.8,47939,48016.75,06-03-2024 10:10
48012.8,48155.85,48000.25,48094.5,06-03-2024 10:15
48098.3,48104.7,47977.15,48029.05,06-03-2024 10:20
48022.7,48022.7,47928.25,47969.6,06-03-2024 10:25
47968.5,47990.15,47929.3,47957.1,06-03-2024 10:30
47958.15,47985.35,47921.25,47950.6,06-03-2024 10:35
47951.5,48021.45,47942.75,48019.65,06-03-2024 10:40
48021.95,48031,47944.4,47959.05,06-03-2024 10:45
47963.4,47998.95,47905.85,47937.6,06-03-2024 10:50
47928.3,47976.35,47921.45,47966.65,06-03-2024 10:55
47964.85,48096.65,47962.35,48067.25,06-03-2024 11:00
48060.15,48070,47967.9,47989.45,06-03-2024 11:05
47988.8,48033.55,47981.95,48010.3,06-03-2024 11:10
48017.25,48029,47969.55,47984.95,06-03-2024 11:15
47978.05,48013.95,47969.5,47995.05,06-03-2024 11:20
47993.7,48065.85,47970.55,48064.35,06-03-2024 11:25
48065.9,48067.35,47989.7,47998.25,06-03-2024 11:30
47997.4,48020,47976.4,47978.25,06-03-2024 11:35
47980.3,48017.55,47954.35,47998.3,06-03-2024 11:40
47992.75,48007.55,47954.5,47999,06-03-2024 11:45
47997.9,48036.25,47987.05,47995.7,06-03-2024 11:50
47994.6,48013.1,47981.45,47993.95,06-03-2024 11:55
47995.2,48010.4,47921.05,47951.45,06-03-2024 12:00
47948.15,47997.6,47940.95,47976.55,06-03-2024 12:05
47976.95,48035.7,47972.7,48035.7,06-03-2024 12:10
48038.05,48051.9,47970.7,48049.95,06-03-2024 12:15
48051.25,48054.15,48004,48027.1,06-03-2024 12:20
48029.35,48079.55,48018.65,48072.6,06-03-2024 12:25
48071.5,48088.05,48056.9,48061.7,06-03-2024 12:30
48062.05,48088.9,48037.55,48075.7,06-03-2024 12:35
48073.95,48098.6,48035.45,48045.55,06-03-2024 12:40
48044.35,48065.45,48017.15,48047.1,06-03-2024 12:45
48045.2,48064.75,48024.45,48029.3,06-03-2024 12:50
48028.15,48063,48028.15,48046.5,06-03-2024 12:55
48046.05,48067,48013.4,48013.4,06-03-2024 13:00
48016.65,48066.75,48012.15,48061.75,06-03-2024 13:05
48060.75,48113.65,48050,48112.9,06-03-2024 13:10
48109.45,48115.15,48054.05,48067.65,06-03-2024 13:15
48066.1,48083.2,48040.05,48056.55,06-03-2024 13:20
48056.5,48075.8,48035.6,48054.95,06-03-2024 13:25
48057.85,48078.25,48015.6,48066.5,06-03-2024 13:30
48072.9,48098.4,48054.9,48074.2,06-03-2024 13:35
48076.65,48124.5,48035.35,48065.95,06-03-2024 13:40
48066.1,48115.25,48059.45,48092.75,06-03-2024 13:45
48091.5,48136.45,48089.25,48114.05,06-03-2024 13:50
48117.35,48139.05,48091.4,48096.3,06-03-2024 13:55
48099.5,48124.6,48091.9,48108.7,06-03-2024 14:00
48113.1,48139.1,48106.35,48115.35,06-03-2024 14:05
48119.6,48149.25,48115.75,48121.95,06-03-2024 14:10
48123.9,48139.75,48075.45,48113.25,06-03-2024 14:15
48113.55,48123.35,48075,48081.95,06-03-2024 14:20
48081.85,48105.05,48073.3,48100.1,06-03-2024 14:25
48101.55,48136.6,48088.75,48115.65,06-03-2024 14:30
48115.85,48161.25,48105.85,48134.85,06-03-2024 14:35
48137.6,48153.7,48109.8,48115.15,06-03-2024 14:40
48117.05,48122.3,48052.3,48056.65,06-03-2024 14:45
48057.05,48078.85,48031.2,48047,06-03-2024 14:50
48049.05,48062.65,48005,48019.4,06-03-2024 14:55
48017.65,48040.4,47978.05,48025.2,06-03-2024 15:00
48030.15,48044.4,47949.25,47976.45,06-03-2024 15:05
47978.3,47978.3,47876,47919.95,06-03-2024 15:10
47916.5,48021.55,47891.6,47891.6,06-03-2024 15:15
47892.85,47969.9,47861.2,47925.35,06-03-2024 15:20
47927.8,47992.1,47921.15,47959.85,06-03-2024 15:25
48035.8,48071.7,47954.4,48024.7,07-03-2024 09:15
48025.95,48025.95,47951.15,48006.65,07-03-2024 09:20
48005.85,48011.35,47907.4,47919.75,07-03-2024 09:25
47918.95,47963.85,47879.15,47935.05,07-03-2024 09:30
47941.1,47966.1,47891.55,47896.2,07-03-2024 09:35
47891.35,47929.95,47869.2,47928.65,07-03-2024 09:40
47925.65,47942.8,47899.45,47899.5,07-03-2024 09:45
47898,47918.45,47849.6,47860.55,07-03-2024 09:50
47861.95,47891.75,47837.4,47868.75,07-03-2024 09:55
47872,47917.65,47854.2,47914.5,07-03-2024 10:00
47914.1,47938.55,47899,47915.5,07-03-2024 10:05
47913.2,47963.65,47911.95,47944.8,07-03-2024 10:10
47946.6,47984.95,47931.05,47983,07-03-2024 10:15
47984.3,47986,47930.9,47962.05,07-03-2024 10:20
47960.05,47982.55,47935.05,47968.2,07-03-2024 10:25
47967.7,47979.2,47933.6,47935.25,07-03-2024 10:30
47938.65,47963.25,47924.8,47963.25,07-03-2024 10:35
47960.2,47962.55,47818.55,47832.8,07-03-2024 10:40
47823.7,47824.9,47747.2,47782.7,07-03-2024 10:45
47777.9,47810.95,47769.9,47799.75,07-03-2024 10:50
47800.9,47810.7,47778,47798.55,07-03-2024 10:55
47797.95,47933.05,47764.15,47897.65,07-03-2024 11:00
47900.7,47902.2,47874.75,47890.55,07-03-2024 11:05
47889.85,47897.6,47871.5,47876.25,07-03-2024 11:10
47876.55,47891.2,47865.1,47884.55,07-03-2024 11:15
47884.25,47902.35,47875.55,47879.6,07-03-2024 11:20
47881.2,47896.95,47862.5,47870.8,07-03-2024 11:25
47871.15,47909.9,47859.6,47897.4,07-03-2024 11:30
47895.2,47907.95,47880.55,47902.2,07-03-2024 11:35
47902.4,47902.4,47834.25,47868.1,07-03-2024 11:40
47864.1,47875.2,47837.85,47838.7,07-03-2024 11:45
47838.75,47880.45,47837.1,47877.25,07-03-2024 11:50
47876.9,47884.2,47860.8,47867.25,07-03-2024 11:55
47871.1,47880.25,47850.4,47861.9,07-03-2024 12:00
47861.05,47869.9,47835.95,47852.45,07-03-2024 12:05
47849.7,47857,47815.85,47836,07-03-2024 12:10
47837.45,47839.4,47811.6,47823.6,07-03-2024 12:15
47826.6,47843.75,47794.9,47807.65,07-03-2024 12:20
47805.95,47819.4,47777.25,47794.4,07-03-2024 12:25
47792.35,47809.65,47783.45,47808.15,07-03-2024 12:30
47807,47860.7,47801.25,47840.5,07-03-2024 12:35
47839.7,47847.75,47821.85,47831.65,07-03-2024 12:40
47830.35,47830.8,47791.35,47810.85,07-03-2024 12:45
47814.75,47826.35,47796.95,47805.85,07-03-2024 12:50
47804,47813.6,47797.15,47805.4,07-03-2024 12:55
47802.9,47845.55,47792.1,47840.6,07-03-2024 13:00
47841.25,47861.45,47811.65,47845.5,07-03-2024 13:05
47840.95,47861.6,47832.1,47854.6,07-03-2024 13:10
47846.4,47874.8,47836.25,47843.8,07-03-2024 13:15
47838.8,47856.45,47827.8,47831,07-03-2024 13:20
47826.05,47834.05,47810.95,47832.8,07-03-2024 13:25
47832.8,47869.35,47827.45,47849.9,07-03-2024 13:30
47847.2,47883.6,47835.3,47843.6,07-03-2024 13:35
47845.1,47858.1,47831.95,47854.45,07-03-2024 13:40
47856.6,47886.35,47848.25,47866.4,07-03-2024 13:45
47866.25,47889.3,47857.55,47881.7,07-03-2024 13:50
47884.75,47901.5,47872.45,47883.5,07-03-2024 13:55
47890.55,47894.4,47830.4,47875.3,07-03-2024 14:00
47882.25,47886.95,47847.6,47848.35,07-03-2024 14:05
47853.55,47870.45,47845.7,47852.65,07-03-2024 14:10
47844.55,47876.2,47842.4,47872.45,07-03-2024 14:15
47872.95,47893.35,47841.5,47892.05,07-03-2024 14:20
47892.25,47939.8,47889.7,47931.65,07-03-2024 14:25
47935.65,47975.6,47925.1,47928.85,07-03-2024 14:30
47929.5,47942.05,47909.4,47928.5,07-03-2024 14:35
47928.75,47933.55,47873.95,47887.3,07-03-2024 14:40
47880.75,47906.95,47868.95,47892.2,07-03-2024 14:45
47894.4,47903.7,47849.6,47864.25,07-03-2024 14:50
47856.9,47885.3,47854.7,47885.3,07-03-2024 14:55
47884,47923.45,47803.95,47899.05,07-03-2024 15:00
47899.1,47899.1,47823.4,47860.3,07-03-2024 15:05
47858.1,47875.7,47815.75,47857,07-03-2024 15:10
47857.3,47858.95,47805.5,47807.2,07-03-2024 15:15
47806.8,47841.05,47762.8,47814.3,07-03-2024 15:20
47815.65,47815.65,47774.25,47788,07-03-2024 15:25
47792.2,47853.8,47666.55,47744.7,11-03-2024 09:15
47744.05,47762.3,47696,47696,11-03-2024 09:20
47697.4,47735.75,47693.05,47716.15,11-03-2024 09:25
47716.3,47755.1,47688.25,47696.4,11-03-2024 09:30
47703.85,47703.85,47668.95,47678.25,11-03-2024 09:35
47678.2,47708.5,47667.25,47708.5,11-03-2024 09:40
47709.35,47729.35,47685.3,47689.65,11-03-2024 09:45
47692.15,47699.25,47641.15,47693.35,11-03-2024 09:50
47691.75,47691.75,47655.75,47656.2,11-03-2024 09:55
47658.1,47666.05,47619.2,47641.55,11-03-2024 10:00
47643.95,47651.4,47624.5,47637.4,11-03-2024 10:05
47636.3,47636.3,47594.85,47599.85,11-03-2024 10:10
47594.85,47644.3,47589.45,47639.75,11-03-2024 10:15
47636.65,47674.25,47619.4,47659.5,11-03-2024 10:20
47661.1,47680.6,47643.75,47659.4,11-03-2024 10:25
47661.45,47679.6,47645.35,47663.5,11-03-2024 10:30
47663.75,47676.8,47640.4,47648.25,11-03-2024 10:35
47647.8,47654.5,47613.55,47614.75,11-03-2024 10:40
47612.8,47630.7,47581.55,47587.9,11-03-2024 10:45
47588.35,47615.15,47577.45,47611.6,11-03-2024 10:50
47613,47640.25,47588.55,47640.25,11-03-2024 10:55
47640.1,47640.1,47617.55,47628.65,11-03-2024 11:00
47631.6,47652.45,47614.2,47624.95,11-03-2024 11:05
47624.95,47636.85,47606.45,47621.55,11-03-2024 11:10
47618.05,47618.05,47584.1,47608.8,11-03-2024 11:15
47608.85,47611.55,47519.35,47522.5,11-03-2024 11:20
47524.2,47524.2,47450.1,47500.65,11-03-2024 11:25
47502.15,47541.55,47483.65,47534.8,11-03-2024 11:30
47532.45,47537.6,47516.9,47521.2,11-03-2024 11:35
47519.65,47529.2,47498.35,47498.85,11-03-2024 11:40
47499.75,47518.8,47488.25,47489.95,11-03-2024 11:45
47490.55,47507,47398.35,47418.25,11-03-2024 11:50
47411.7,47453.15,47380.8,47445.35,11-03-2024 11:55
47443.25,47443.25,47405.65,47418.75,11-03-2024 12:00
47414.95,47429.15,47392.35,47398.05,11-03-2024 12:05
47395,47400.05,47323.4,47345.7,11-03-2024 12:10
47344.35,47362.15,47319.25,47343.45,11-03-2024 12:15
47343.8,47357.6,47294.75,47302.65,11-03-2024 12:20
47304.1,47342.5,47300.9,47341.4,11-03-2024 12:25
47341.6,47363.5,47325.35,47361.8,11-03-2024 12:30
47361.9,47415.15,47353.15,47405,11-03-2024 12:35
47404.1,47408.05,47384.35,47393.8,11-03-2024 12:40
47394.65,47397.5,47348.1,47361.95,11-03-2024 12:45
47362.4,47381.8,47356.55,47377.85,11-03-2024 12:50
47377.6,47387.45,47338.55,47344.15,11-03-2024 12:55
47343.9,47355.35,47320.05,47320.5,11-03-2024 13:00
47319.75,47328.05,47293.4,47316.8,11-03-2024 13:05
47316.55,47318.75,47275.1,47308.2,11-03-2024 13:10
47308.75,47316.85,47282.55,47310.25,11-03-2024 13:15
47309.25,47341.65,47307.25,47341.65,11-03-2024 13:20
47340.1,47376.1,47325.35,47370.75,11-03-2024 13:25
47371.35,47388.8,47341.85,47342.1,11-03-2024 13:30
47341.75,47361.2,47313.35,47323.3,11-03-2024 13:35
47320.85,47350.15,47316.65,47339.4,11-03-2024 13:40
47338.25,47352.6,47326.05,47350.05,11-03-2024 13:45
47349.5,47372.05,47341,47368.95,11-03-2024 13:50
47367.7,47373.55,47339.4,47345.15,11-03-2024 13:55
47342.85,47364.3,47337.75,47364.3,11-03-2024 14:00
47362.9,47370.35,47349.7,47360.65,11-03-2024 14:05
47359.75,47362.5,47283.3,47288.15,11-03-2024 14:10
47292.45,47318.2,47274.7,47293.5,11-03-2024 14:15
47294.45,47297,47240.8,47248.8,11-03-2024 14:20
47246.85,47285.75,47230.65,47270.65,11-03-2024 14:25
47271.8,47329.15,47260.9,47326.2,11-03-2024 14:30
47324.2,47346.8,47302.75,47337.65,11-03-2024 14:35
47346.15,47382.9,47323.55,47369.75,11-03-2024 14:40
47369.4,47403.4,47365.35,47400.95,11-03-2024 14:45
47400.25,47422.3,47383.7,47403.9,11-03-2024 14:50
47403.65,47414.65,47382.3,47403.3,11-03-2024 14:55
47405.05,47421.35,47322.2,47342.75,11-03-2024 15:00
47337,47363.05,47326.8,47352.4,11-03-2024 15:05
47352.55,47367.95,47320.25,47343.65,11-03-2024 15:10
47340.95,47340.95,47264.25,47290.35,11-03-2024 15:15
47286.15,47332.9,47285.75,47318.4,11-03-2024 15:20
47317.7,47326.3,47276.1,47280.25,11-03-2024 15:25
47351.35,47382.4,47269.25,47310.45,12-03-2024 09:15
47308.3,47308.3,47236.55,47252.5,12-03-2024 09:20
47250.65,47265.85,47209.75,47230,12-03-2024 09:25
47227.8,47551.55,47196.95,47535,12-03-2024 09:30
47527.85,47748.9,47527.85,47700.4,12-03-2024 09:35
47704.8,47730.3,47654.7,47720.05,12-03-2024 09:40
47721.15,47767.45,47657.5,47708.25,12-03-2024 09:45
47713.9,47734.15,47692.25,47692.25,12-03-2024 09:50
47690.75,47800.25,47678.7,47778.95,12-03-2024 09:55
47779.4,47812.75,47760.3,47769.55,12-03-2024 10:00
47776.65,47786.4,47736.55,47750.95,12-03-2024 10:05
47752.05,47754.05,47706.75,47728.75,12-03-2024 10:10
47728.35,47768.6,47720.3,47740.85,12-03-2024 10:15
47744.5,47744.5,47707.2,47736.5,12-03-2024 10:20
47736,47738,47702.2,47711.95,12-03-2024 10:25
47714.4,47715.95,47571.7,47624.1,12-03-2024 10:30
47620.75,47646.95,47575.55,47592.75,12-03-2024 10:35
47594.5,47622.9,47233.8,47237.1,12-03-2024 10:40
47243.7,47243.7,46884.45,47058.8,12-03-2024 10:45
47064.55,47064.55,46964.1,47058.5,12-03-2024 10:50
47059.95,47373.95,47040.95,47220.3,12-03-2024 10:55
47221.25,47300.75,47184.6,47276.3,12-03-2024 11:00
47275.4,47371,47255.7,47297.1,12-03-2024 11:05
47295.7,47340.8,47281.5,47329.5,12-03-2024 11:10
47331.6,47339.7,47285,47292.6,12-03-2024 11:15
47299.35,47319.8,47210.05,47299.9,12-03-2024 11:20
47300.15,47314.5,47271.3,47291.25,12-03-2024 11:25
47289.5,47296.4,47229.35,47241.5,12-03-2024 11:30
47243.2,47306.35,47235.55,47290.95,12-03-2024 11:35
47292,47310.5,47265.65,47273.5,12-03-2024 11:40
47273.4,47288.5,47215.9,47245.55,12-03-2024 11:45
47246.3,47277.7,47233,47262.35,12-03-2024 11:50
47261.4,47264.1,47178.1,47216,12-03-2024 11:55
47210.75,47226.7,47190.35,47213.5,12-03-2024 12:00
47214.55,47268.7,47213.7,47268.7,12-03-2024 12:05
47283.45,47407.8,47234.5,47266.05,12-03-2024 12:10
47268,47313.25,47265.75,47285.3,12-03-2024 12:15
47296.95,47301.45,47252.9,47253.65,12-03-2024 12:20
47251.35,47292.85,47247.95,47289.4,12-03-2024 12:25
47290,47302.1,47264,47301.35,12-03-2024 12:30
47303.4,47337.15,47299.6,47319.1,12-03-2024 12:35
47322.35,47378.15,47317.5,47377.75,12-03-2024 12:40
47374.85,47374.85,47298.15,47299.25,12-03-2024 12:45
47302.65,47324.05,47292.5,47322,12-03-2024 12:50
47320.05,47357.95,47276,47290.9,12-03-2024 12:55
47295.75,47320.65,47281.8,47297.75,12-03-2024 13:00
47297.9,47366.5,47286.25,47339.7,12-03-2024 13:05
47339.8,47433.55,47327.25,47410.7,12-03-2024 13:10
47412.25,47415.6,47369.8,47393.4,12-03-2024 13:15
47392.8,47430.55,47375.65,47396.15,12-03-2024 13:20
47397.1,47423.1,47361.35,47416.65,12-03-2024 13:25
47415.45,47488.8,47399.6,47420.15,12-03-2024 13:30
47421.6,47433.6,47379.35,47389.5,12-03-2024 13:35
47386.9,47417.6,47369.85,47393.6,12-03-2024 13:40
47392.85,47436.85,47391.55,47417.45,12-03-2024 13:45
47414.5,47441.3,47394.55,47412.9,12-03-2024 13:50
47411.35,47478.3,47406.1,47434.4,12-03-2024 13:55
47426.45,47473.65,47418.25,47463.75,12-03-2024 14:00
47462.4,47491.95,47406.7,47429.05,12-03-2024 14:05
47432.75,47432.75,47369.9,47387.5,12-03-2024 14:10
47385.55,47438.25,47376.15,47413.65,12-03-2024 14:15
47411.05,47424.8,47348.15,47367.8,12-03-2024 14:20
47377.25,47423.85,47339.6,47415.8,12-03-2024 14:25
47414.1,47425.35,47278.5,47297.55,12-03-2024 14:30
47298.9,47357.9,47297.4,47345,12-03-2024 14:35
47343.75,47377.85,47263.05,47291.5,12-03-2024 14:40
47287.35,47329.8,47284.05,47297.5,12-03-2024 14:45
47297.45,47317.15,47267.1,47292.15,12-03-2024 14:50
47287.15,47317.5,47273.25,47280.2,12-03-2024 14:55
47275.45,47367.7,47240.1,47310.85,12-03-2024 15:00
47311.65,47314.65,47266.7,47285.8,12-03-2024 15:05
47285.75,47285.75,47241.8,47266.3,12-03-2024 15:10
47261.5,47299.55,47251.5,47285.25,12-03-2024 15:15
47286.05,47305.5,47261.85,47303.85,12-03-2024 15:20
47301.9,47306.65,47271.9,47277.3,12-03-2024 15:25
47341.15,47441.75,47329.75,47422.9,13-03-2024 09:15
47415.1,47422.05,47358.65,47387.75,13-03-2024 09:20
47389.75,47416.05,47324.8,47338.95,13-03-2024 09:25
47339.65,47374.95,47307.9,47338.1,13-03-2024 09:30
47336.15,47404.2,47290.6,47336.15,13-03-2024 09:35
47332.9,47398.25,47314.15,47368.6,13-03-2024 09:40
47370.6,47384.8,47314.05,47330.25,13-03-2024 09:45
47327.35,47336.8,47240.05,47270.6,13-03-2024 09:50
47268.9,47301.95,47248,47288.15,13-03-2024 09:55
47287.55,47313.75,47210.3,47244.5,13-03-2024 10:00
47237.9,47286.45,47224.8,47275.5,13-03-2024 10:05
47272.85,47453.3,47263.3,47430.75,13-03-2024 10:10
47426,47468.7,47332.85,47359.45,13-03-2024 10:15
47351,47357.75,47326.05,47343.6,13-03-2024 10:20
47333.25,47349.35,47279.35,47298.8,13-03-2024 10:25
47300.7,47316.45,47273.7,47295.6,13-03-2024 10:30
47296.85,47341.3,47269.85,47320.05,13-03-2024 10:35
47316.75,47339.05,47298.25,47330.45,13-03-2024 10:40
47333.45,47346.4,47314.65,47315.8,13-03-2024 10:45
47314.55,47316.15,47277.9,47293.55,13-03-2024 10:50
47291.75,47303.1,47281.55,47285.75,13-03-2024 10:55
47291.35,47294.2,47250.85,47257.05,13-03-2024 11:00
47247.15,47270.05,47179.45,47270.05,13-03-2024 11:05
47268.95,47271,47216.7,47232.6,13-03-2024 11:10
47234.15,47240.65,47203.3,47227.35,13-03-2024 11:15
47225.4,47247.6,47166.15,47170.5,13-03-2024 11:20
47166.2,47166.2,47029.3,47108,13-03-2024 11:25
47107.7,47125.5,47060.4,47125.5,13-03-2024 11:30
47129.1,47138.3,47087.5,47098,13-03-2024 11:35
47100.5,47117.8,47074.15,47109.4,13-03-2024 11:40
47105.8,47119.55,47055.75,47078.6,13-03-2024 11:45
47080.05,47100.15,47047.95,47093,13-03-2024 11:50
47088.3,47128.1,47056.95,47122.7,13-03-2024 11:55
47122.9,47153.55,47090.65,47149.7,13-03-2024 12:00
47145.5,47162.45,47117.05,47144.25,13-03-2024 12:05
47144.3,47146.95,47061.05,47069.95,13-03-2024 12:10
47076.75,47093.95,47038.6,47061.1,13-03-2024 12:15
47057.55,47087.7,47045.55,47069.6,13-03-2024 12:20
47069.7,47112.15,47057.3,47108.8,13-03-2024 12:25
47106,47151.2,47053.05,47135.4,13-03-2024 12:30
47137.25,47147.45,47088.45,47122.05,13-03-2024 12:35
47119.95,47128.6,47064,47084.7,13-03-2024 12:40
47082.45,47113.1,47049.1,47103.7,13-03-2024 12:45
47104.9,47108.35,47045.1,47067.75,13-03-2024 12:50
47064.4,47117.1,47046,47106.95,13-03-2024 12:55
47100.5,47122.85,47072.7,47087.2,13-03-2024 13:00
47090.85,47136.9,47066.4,47115.45,13-03-2024 13:05
47111.7,47122.55,47091.6,47104.3,13-03-2024 13:10
47099.95,47109.4,47068.5,47095.4,13-03-2024 13:15
47095.65,47114.65,47063.25,47108.5,13-03-2024 13:20
47110.65,47140.85,47096.4,47125.6,13-03-2024 13:25
47119.75,47163.05,47113.75,47133.35,13-03-2024 13:30
47130.1,47141.05,47102.85,47118.45,13-03-2024 13:35
47114.95,47127.65,47090.3,47108.5,13-03-2024 13:40
47105.55,47119.1,47072.7,47072.7,13-03-2024 13:45
47073.25,47077.9,46980,47010.75,13-03-2024 13:50
47013.7,47068.85,47006,47024.4,13-03-2024 13:55
47024.85,47044.8,47003.65,47027.4,13-03-2024 14:00
47027.45,47042.05,46984.65,47029.8,13-03-2024 14:05
47023,47029.4,46904.5,46934.1,13-03-2024 14:10
46923.1,46951.7,46856.2,46888.7,13-03-2024 14:15
46888.75,46912.55,46872.55,46890.3,13-03-2024 14:20
46888.45,46987.6,46868.15,46938.35,13-03-2024 14:25
46944.6,46978.85,46928.25,46936.9,13-03-2024 14:30
46939.55,46958.05,46887.05,46917.7,13-03-2024 14:35
46916.95,46958.9,46899.95,46956.3,13-03-2024 14:40
46951.1,47001.65,46918.5,47001.65,13-03-2024 14:45
46994.6,47012.85,46974.75,46986.5,13-03-2024 14:50
46982.05,46987.4,46939.2,46957.8,13-03-2024 14:55
46952.65,47128.7,46952.65,47040,13-03-2024 15:00
47047.35,47110.6,47003.85,47038.65,13-03-2024 15:05
47038.85,47083.7,46853.75,46861.35,13-03-2024 15:10
46862.45,46991.35,46842.15,46948.35,13-03-2024 15:15
46946.2,46952.65,46896.7,46937.4,13-03-2024 15:20
46935.15,46939.2,46872.05,46895.2,13-03-2024 15:25
46825.75,46856.85,46565.55,46577.65,14-03-2024 09:15
46578.8,46755.45,46578.8,46755.45,14-03-2024 09:20
46759.05,46840.95,46683.05,46717.15,14-03-2024 09:25
46705.8,46784.25,46676.25,46764.75,14-03-2024 09:30
46764.75,46836.8,46738.15,46747.9,14-03-2024 09:35
46744.2,46810.05,46696.8,46740.75,14-03-2024 09:40
46737.9,46799.4,46721.25,46734.65,14-03-2024 09:45
46736.85,46767,46706.8,46761.25,14-03-2024 09:50
46762.9,46868.8,46744.45,46800.9,14-03-2024 09:55
46804.95,46829.05,46769.8,46807.8,14-03-2024 10:00
46807.4,46821.15,46728.25,46745.15,14-03-2024 10:05
46748.65,46766.05,46676.45,46685.15,14-03-2024 10:10
46690.25,46740.75,46687.55,46705.35,14-03-2024 10:15
46710.25,46822.4,46709.8,46813.25,14-03-2024 10:20
46813.3,46834.35,46788.2,46801.05,14-03-2024 10:25
46803,46849.1,46757.45,46849.1,14-03-2024 10:30
46864.25,46906.35,46815.5,46906.35,14-03-2024 10:35
46902.1,47028.3,46885.15,46982.15,14-03-2024 10:40
46987.4,47019.15,46913.4,46966.8,14-03-2024 10:45
46964.35,47022.45,46963.05,47010,14-03-2024 10:50
47010.2,47010.6,46959.35,46973.5,14-03-2024 10:55
46972.1,46997.05,46889.5,46895.05,14-03-2024 11:00
46893.3,46995.8,46893.3,46985.45,14-03-2024 11:05
46987.25,47084.65,46977.1,47064.5,14-03-2024 11:10
47065.35,47070.9,47004.35,47028,14-03-2024 11:15
47029.6,47059.5,47019.15,47052,14-03-2024 11:20
47051.95,47055.4,47002,47036.6,14-03-2024 11:25
47037.45,47168.4,47023.7,47145.2,14-03-2024 11:30
47148.75,47170.95,47121.4,47139.55,14-03-2024 11:35
47139.7,47231.5,47126.95,47198.75,14-03-2024 11:40
47202.1,47215.75,47155.95,47175.1,14-03-2024 11:45
47182.75,47192.45,47123.25,47137.7,14-03-2024 11:50
47137.15,47168.85,47121.15,47164.05,14-03-2024 11:55
47162.8,47166.6,47130.8,47140.15,14-03-2024 12:00
47139.15,47150.35,47107,47127.35,14-03-2024 12:05
47124.65,47141.45,47087.2,47128,14-03-2024 12:10
47128.5,47150.5,47112.95,47119.95,14-03-2024 12:15
47120.75,47174.45,47099.8,47171.25,14-03-2024 12:20
47174,47191.85,47149.8,47187.65,14-03-2024 12:25
47186.25,47192.1,47117,47150.9,14-03-2024 12:30
47149.85,47155.45,47086,47120.9,14-03-2024 12:35
47126.7,47126.7,46979.8,46981.85,14-03-2024 12:40
46984.55,46985.4,46915.4,46943.95,14-03-2024 12:45
46941.9,47025.5,46931.5,46991.85,14-03-2024 12:50
46993.35,47060.9,46985.55,47046.45,14-03-2024 12:55
47050.4,47097.55,47020.9,47089.7,14-03-2024 13:00
47090.4,47090.4,47019.3,47024.85,14-03-2024 13:05
47017.3,47060.2,47016.2,47044.65,14-03-2024 13:10
47043.2,47070.2,47012.3,47043.3,14-03-2024 13:15
47043.65,47068.85,47026.5,47054.15,14-03-2024 13:20
47053.85,47072.9,47047.7,47064.3,14-03-2024 13:25
47065.65,47070.3,46988.05,47006.05,14-03-2024 13:30
47003.9,47022.95,46912.85,46944.45,14-03-2024 13:35
46949,46965.8,46887.5,46903.55,14-03-2024 13:40
46904,46955.5,46848.25,46955.5,14-03-2024 13:45
46954.85,46970.95,46886.6,46886.6,14-03-2024 13:50
46886.05,46911.3,46865.6,46887.05,14-03-2024 13:55
46885.8,46894.7,46783.95,46853.05,14-03-2024 14:00
46849.8,46857.8,46791,46814.85,14-03-2024 14:05
46813.35,46832.1,46761.6,46803.55,14-03-2024 14:10
46801.75,46853.5,46770.2,46773.5,14-03-2024 14:15
46777.1,46905.35,46766,46873.1,14-03-2024 14:20
46871.4,46894.1,46770.25,46831,14-03-2024 14:25
46830.15,46851.45,46795.8,46826.4,14-03-2024 14:30
46830.15,46831.3,46793.2,46808.05,14-03-2024 14:35
46807,46819.55,46736.45,46742.55,14-03-2024 14:40
46742.3,46760.3,46691.7,46709.45,14-03-2024 14:45
46704.95,46777.7,46688.35,46770.9,14-03-2024 14:50
46772.9,46793.85,46733.3,46783.6,14-03-2024 14:55
46781.7,46821.8,46739.9,46790,14-03-2024 15:00
46783.95,46795.15,46741.75,46790.15,14-03-2024 15:05
46791.4,46819.6,46755.75,46799.6,14-03-2024 15:10
46795.1,46845.4,46788.55,46801.55,14-03-2024 15:15
46802.75,46810.65,46754.7,46770.75,14-03-2024 15:20
46765.9,46834.85,46742.55,46834.7,14-03-2024 15:25
46572.1,46767.05,46533.7,46757.9,15-03-2024 09:15
46757.3,46802.55,46718.5,46780.15,15-03-2024 09:20
46780,46780,46713.6,46729.2,15-03-2024 09:25
46726.5,46752.55,46666.35,46676.25,15-03-2024 09:30
46673.25,46684,46544,46550.5,15-03-2024 09:35
46550.5,46597.95,46484,46595.45,15-03-2024 09:40
46595.15,46653.45,46511.35,46519.35,15-03-2024 09:45
46515.35,46537.95,46418.75,46473.7,15-03-2024 09:50
46476.5,46511.25,46463.85,46495.2,15-03-2024 09:55
46494.3,46558.5,46463.7,46534.25,15-03-2024 10:00
46532.85,46557.6,46483.5,46512.7,15-03-2024 10:05
46512.5,46523.95,46470.2,46499.55,15-03-2024 10:10
46497.9,46515.3,46382.25,46407.4,15-03-2024 10:15
46409.1,46417.6,46354,46411.55,15-03-2024 10:20
46409.6,46416.4,46366.25,46379.2,15-03-2024 10:25
46379.75,46399.7,46348.35,46348.35,15-03-2024 10:30
46350.95,46397.15,46310.5,46386.2,15-03-2024 10:35
46384.85,46424.1,46367.25,46411.85,15-03-2024 10:40
46417,46574.75,46397.75,46530,15-03-2024 10:45
46530.15,46538.2,46508.15,46520.9,15-03-2024 10:50
46523.65,46523.65,46407.4,46432.95,15-03-2024 10:55
46430.05,46444.2,46383.5,46398.15,15-03-2024 11:00
46391.85,46412.45,46326.85,46326.85,15-03-2024 11:05
46327.2,46391.1,46324.75,46379.5,15-03-2024 11:10
46384.45,46450.25,46350.3,46438.35,15-03-2024 11:15
46437.75,46440.9,46377.2,46384.4,15-03-2024 11:20
46385.45,46442.7,46375.3,46412.95,15-03-2024 11:25
46409.65,46441,46399.35,46408.95,15-03-2024 11:30
46410.05,46455.7,46407.1,46449.25,15-03-2024 11:35
46457.55,46457.55,46418.55,46432.15,15-03-2024 11:40
46432.4,46474.2,46425.3,46452.6,15-03-2024 11:45
46452.45,46452.5,46385.3,46404.05,15-03-2024 11:50
46403.35,46405.65,46334.25,46350.3,15-03-2024 11:55
46355.5,46363.5,46332.35,46355,15-03-2024 12:00
46354.45,46409.05,46351.4,46371.35,15-03-2024 12:05
46367.3,46374.15,46327.6,46365.2,15-03-2024 12:10
46365.5,46400.75,46347.95,46367.7,15-03-2024 12:15
46371,46375.1,46332.65,46368.2,15-03-2024 12:20
46367.3,46378.3,46337.7,46357.4,15-03-2024 12:25
46357.15,46385.2,46348.4,46374.9,15-03-2024 12:30
46375,46393.05,46355.9,46360.25,15-03-2024 12:35
46362.25,46379.6,46340.95,46365.3,15-03-2024 12:40
46361.55,46438.75,46356.5,46403.8,15-03-2024 12:45
46405.8,46439.35,46401.9,46437.85,15-03-2024 12:50
46433.8,46499.7,46419.95,46479.45,15-03-2024 12:55
46485.9,46499.3,46420.4,46433.1,15-03-2024 13:00
46425.75,46476.25,46419.3,46459.25,15-03-2024 13:05
46458.45,46488.55,46409.8,46439.2,15-03-2024 13:10
46437.1,46451.4,46407.1,46416.05,15-03-2024 13:15
46414.15,46436.6,46407.8,46431.5,15-03-2024 13:20
46429.7,46450.9,46424.65,46431,15-03-2024 13:25
46430.7,46503.45,46416.35,46500.6,15-03-2024 13:30
46499.15,46574.75,46491.2,46544.9,15-03-2024 13:35
46541.4,46555.1,46517.35,46538.95,15-03-2024 13:40
46543.5,46682.25,46542.5,46658.9,15-03-2024 13:45
46657.1,46708.15,46615.65,46639.15,15-03-2024 13:50
46633.75,46651.2,46542.9,46568.9,15-03-2024 13:55
46565.25,46634.6,46565.2,46603.25,15-03-2024 14:00
46605,46628.9,46580.05,46616.45,15-03-2024 14:05
46619.25,46651.95,46568.95,46569.2,15-03-2024 14:10
46570.35,46604.55,46520.4,46521.35,15-03-2024 14:15
46525.2,46549.45,46494.05,46517.3,15-03-2024 14:20
46514.2,46562,46494.55,46535.3,15-03-2024 14:25
46529.15,46542.45,46381.7,46401.25,15-03-2024 14:30
46399.3,46475.2,46395.35,46466.85,15-03-2024 14:35
46472.75,46497.75,46447.15,46467.6,15-03-2024 14:40
46469.55,46515.8,46452.2,46497.05,15-03-2024 14:45
46489.5,46501.05,46460.1,46485.15,15-03-2024 14:50
46483.8,46525.25,46436.75,46525.25,15-03-2024 14:55
46518.2,46639.55,46394.65,46639.55,15-03-2024 15:00
46640.55,46675.35,46524.7,46562.45,15-03-2024 15:05
46563.85,46596.65,46530.15,46561.95,15-03-2024 15:10
46559.35,46673.7,46559.35,46649.05,15-03-2024 15:15
46642.3,46645.75,46583.9,46604.05,15-03-2024 15:20
46605.9,46659.25,46512.8,46542.05,15-03-2024 15:25
46458.75,46553.75,46439.8,46537.9,18-03-2024 09:15
46539.4,46579.95,46500,46551.9,18-03-2024 09:20
46552.85,46677.85,46551.5,46635.2,18-03-2024 09:25
46629.4,46654.25,46437.15,46490.6,18-03-2024 09:30
46487.15,46514.45,46405.4,46423.8,18-03-2024 09:35
46429.25,46478.85,46408.8,46456.3,18-03-2024 09:40
46451.7,46468.7,46365.05,46388.05,18-03-2024 09:45
46380.55,46449.25,46371.25,46436.6,18-03-2024 09:50
46436.95,46580.45,46436.95,46558.1,18-03-2024 09:55
46554.95,46580.45,46504.55,46534.45,18-03-2024 10:00
46526.3,46532.6,46396.7,46408.65,18-03-2024 10:05
46411.25,46411.25,46304.4,46374.25,18-03-2024 10:10
46375.4,46530.75,46367.7,46455,18-03-2024 10:15
46455.4,46501.55,46439.8,46471.05,18-03-2024 10:20
46472.1,46472.1,46432.95,46448.1,18-03-2024 10:25
46446.9,46489.2,46421.8,46435.7,18-03-2024 10:30
46436.8,46454.5,46398,46411.2,18-03-2024 10:35
46413.75,46431.45,46397.85,46422.95,18-03-2024 10:40
46424.55,46485.15,46409,46437.35,18-03-2024 10:45
46436.65,46485.65,46429.65,46454.35,18-03-2024 10:50
46456,46461.5,46410.45,46452.05,18-03-2024 10:55
46451.6,46464.25,46420.5,46435.4,18-03-2024 11:00
46435.2,46447.95,46410.75,46415.35,18-03-2024 11:05
46413.75,46437.95,46205.85,46205.85,18-03-2024 11:10
46200.7,46266.9,46022.15,46190.85,18-03-2024 11:15
46195.55,46261.65,46189.05,46198.85,18-03-2024 11:20
46194.5,46209.55,46148.6,46199.7,18-03-2024 11:25
46203.3,46210,46162.15,46187.5,18-03-2024 11:30
46187.6,46268,46172.15,46253.85,18-03-2024 11:35
46250.4,46302.3,46247.4,46302.3,18-03-2024 11:40
46298.85,46344.9,46293.05,46313.1,18-03-2024 11:45
46315.7,46339.45,46301.15,46305.2,18-03-2024 11:50
46307.8,46307.8,46252.75,46261.9,18-03-2024 11:55
46262.8,46551.95,46249.05,46501.6,18-03-2024 12:00
46496.2,46699.85,46459.45,46618,18-03-2024 12:05
46619.6,46643.75,46561.55,46589.45,18-03-2024 12:10
46591.95,46656,46573.8,46622.75,18-03-2024 12:15
46621.75,46702.1,46598.7,46696.9,18-03-2024 12:20
46705.8,46739.25,46663.9,46688.25,18-03-2024 12:25
46690,46716.75,46613.75,46618.3,18-03-2024 12:30
46621.1,46660.2,46575.65,46583.95,18-03-2024 12:35
46591.55,46622.55,46543.05,46557.55,18-03-2024 12:40
46561.1,46586.05,46520.2,46541.75,18-03-2024 12:45
46544.15,46597.05,46522.2,46581.65,18-03-2024 12:50
46579.6,46626.5,46579.6,46591.45,18-03-2024 12:55
46594.15,46620.3,46584.7,46586.05,18-03-2024 13:00
46586.35,46609.25,46531.3,46600.05,18-03-2024 13:05
46601.1,46638.5,46588.8,46622.3,18-03-2024 13:10
46626.2,46649.65,46605.15,46614.85,18-03-2024 13:15
46615.1,46622,46594.15,46618.3,18-03-2024 13:20
46620.05,46620.05,46586.45,46588.8,18-03-2024 13:25
46588.15,46631.95,46584.95,46631.95,18-03-2024 13:30
46635.5,46640.5,46580.45,46607.85,18-03-2024 13:35
46609.45,46609.45,46572.35,46585.75,18-03-2024 13:40
46586.6,46595.15,46543.35,46593.95,18-03-2024 13:45
46591.85,46602.8,46570.35,46594.4,18-03-2024 13:50
46596.1,46644.9,46588.65,46626.2,18-03-2024 13:55
46627.85,46630.3,46601.8,46603.95,18-03-2024 14:00
46605.15,46605.15,46571,46594.65,18-03-2024 14:05
46594.2,46619.25,46570.9,46573.9,18-03-2024 14:10
46577.25,46593.85,46565,46584.4,18-03-2024 14:15
46584.4,46686.8,46582.25,46681.15,18-03-2024 14:20
46681.6,46712.15,46666.1,46694.35,18-03-2024 14:25
46696.35,46727.3,46665.55,46709,18-03-2024 14:30
46711.45,46722.9,46675.25,46693.45,18-03-2024 14:35
46692.1,46705.65,46664.65,46680.85,18-03-2024 14:40
46681.75,46681.8,46639.3,46668.25,18-03-2024 14:45
46668.1,46669.55,46611.8,46617.75,18-03-2024 14:50
46619.8,46667.2,46589.9,46621.3,18-03-2024 14:55
46622.1,46624.6,46579.65,46581.75,18-03-2024 15:00
46583.55,46584.05,46489.45,46565.95,18-03-2024 15:05
46564.6,46575.3,46528.75,46554.15,18-03-2024 15:10
46549.1,46610.75,46549.1,46587.5,18-03-2024 15:15
46584.7,46623.45,46576.7,46619.4,18-03-2024 15:20
46619.15,46628.65,46605.25,46617.9,18-03-2024 15:25
46421.9,46558.45,46412.2,46501.65,19-03-2024 09:15
46501.75,46540.5,46466.85,46523.1,19-03-2024 09:20
46517.9,46599.9,46490.85,46502.25,19-03-2024 09:25
46502.95,46570,46486.5,46523.5,19-03-2024 09:30
46523.75,46563.25,46513.35,46542.9,19-03-2024 09:35
46544.5,46602.35,46526.45,46580.55,19-03-2024 09:40
46580.65,46580.65,46511.05,46517.65,19-03-2024 09:45
46519.9,46530.15,46490.55,46518.95,19-03-2024 09:50
46515.6,46532.55,46408.8,46426,19-03-2024 09:55
46424.65,46445.25,46404.25,46429.15,19-03-2024 10:00
46426.2,46457.9,46344.5,46377.95,19-03-2024 10:05
46384.4,46414.8,46374.45,46413.9,19-03-2024 10:10
46415.1,46419.9,46378.95,46394.9,19-03-2024 10:15
46395.7,46405.65,46329.2,46369.5,19-03-2024 10:20
46371.4,46396.05,46362.1,46365.05,19-03-2024 10:25
46360.25,46553.5,46322.5,46474.45,19-03-2024 10:30
46468.15,46509.1,46424.8,46456.35,19-03-2024 10:35
46457.2,46463.15,46425.45,46458.05,19-03-2024 10:40
46455.75,46460.75,46404.3,46404.3,19-03-2024 10:45
46407.55,46434.9,46393.1,46405.8,19-03-2024 10:50
46406.5,46417.8,46391.55,46410.75,19-03-2024 10:55
46411.7,46457.35,46367.25,46377.7,19-03-2024 11:00
46377.65,46413.1,46363.15,46409.1,19-03-2024 11:05
46404.8,46433.05,46395.6,46418.2,19-03-2024 11:10
46415.55,46517.4,46415.55,46511.2,19-03-2024 11:15
46514.15,46524.45,46478.6,46482.2,19-03-2024 11:20
46477.25,46485.5,46458.3,46483.05,19-03-2024 11:25
46484.9,46497.9,46444.55,46461.1,19-03-2024 11:30
46459.5,46467.35,46408.05,46421.2,19-03-2024 11:35
46424.5,46432.4,46399.8,46407.8,19-03-2024 11:40
46399.5,46426.45,46395.35,46419,19-03-2024 11:45
46416.45,46451.2,46413.55,46437.55,19-03-2024 11:50
46433.45,46439.15,46411.75,46423.7,19-03-2024 11:55
46422.75,46445.8,46394.9,46427.1,19-03-2024 12:00
46428.35,46433.35,46400.7,46404.3,19-03-2024 12:05
46404.15,46435.6,46397.9,46419.9,19-03-2024 12:10
46419.4,46461.1,46413.55,46442.4,19-03-2024 12:15
46443.55,46453.35,46428.55,46445.95,19-03-2024 12:20
46444.35,46466.35,46412.8,46414.6,19-03-2024 12:25
46418.9,46445,46409.35,46442.3,19-03-2024 12:30
46445.4,46469,46431.9,46438.45,19-03-2024 12:35
46439.85,46444.55,46423,46431.05,19-03-2024 12:40
46431.75,46477.3,46428.3,46451.15,19-03-2024 12:45
46450.45,46480.5,46445.75,46454.75,19-03-2024 12:50
46455.75,46456.5,46437.8,46440.65,19-03-2024 12:55
46440.85,46452.65,46411.5,46432.75,19-03-2024 13:00
46431.3,46455.5,46422.6,46454.55,19-03-2024 13:05
46454.95,46457.45,46417.8,46432.8,19-03-2024 13:10
46434.25,46444.2,46422.5,46435.4,19-03-2024 13:15
46439.55,46439.95,46414.85,46421.6,19-03-2024 13:20
46422.05,46435.15,46401.35,46410.45,19-03-2024 13:25
46412.95,46456.25,46402.9,46446.75,19-03-2024 13:30
46447.75,46453.65,46431.15,46437.7,19-03-2024 13:35
46437.9,46447.5,46421.7,46431.9,19-03-2024 13:40
46433.65,46433.65,46407.7,46411.7,19-03-2024 13:45
46412.3,46434.75,46401.1,46422.85,19-03-2024 13:50
46421.05,46425.05,46397.05,46408.75,19-03-2024 13:55
46408.3,46410.5,46302.1,46356.2,19-03-2024 14:00
46354.65,46368.75,46332.6,46360.2,19-03-2024 14:05
46360.85,46373.8,46328.65,46333.15,19-03-2024 14:10
46334.15,46334.15,46258.75,46295.5,19-03-2024 14:15
46295.15,46376.85,46289.05,46361.25,19-03-2024 14:20
46359.55,46395.4,46344.15,46353.45,19-03-2024 14:25
46348.65,46398.8,46340.75,46390.5,19-03-2024 14:30
46392.2,46396.35,46354.7,46369.4,19-03-2024 14:35
46370,46390.65,46361.6,46373.55,19-03-2024 14:40
46373.1,46392.95,46363.3,46379.8,19-03-2024 14:45
46384.95,46396.55,46364.65,46368.65,19-03-2024 14:50
46372.2,46423.6,46367.6,46407.4,19-03-2024 14:55
46405.2,46451.15,46372.45,46425.3,19-03-2024 15:00
46424.4,46464.2,46378.4,46412.1,19-03-2024 15:05
46415.85,46415.85,46320.05,46373.95,19-03-2024 15:10
46368.95,46387.65,46351.9,46351.9,19-03-2024 15:15
46351.35,46362.8,46338.2,46343.95,19-03-2024 15:20
46344.6,46362.4,46331.15,46333.1,19-03-2024 15:25
46392.9,46498.25,46328.8,46480.1,20-03-2024 09:15
46482.8,46523.35,46459.85,46517.35,20-03-2024 09:20
46512.85,46523.25,46452.65,46490.7,20-03-2024 09:25
46487.75,46554.85,46453.25,46548.45,20-03-2024 09:30
46551.65,46570.25,46520.95,46555.3,20-03-2024 09:35
46549.7,46557.45,46483.7,46493.1,20-03-2024 09:40
46494.7,46503.65,46433,46466.9,20-03-2024 09:45
46468.3,46490.3,46409.4,46420.2,20-03-2024 09:50
46424.35,46446.7,46362.1,46375.6,20-03-2024 09:55
46373.65,46379.35,46233.25,46297.7,20-03-2024 10:00
46294.5,46301.35,46175.85,46189.3,20-03-2024 10:05
46191.35,46221.3,46107.15,46137.05,20-03-2024 10:10
46136.5,46179.3,46125.55,46174.1,20-03-2024 10:15
46168.1,46176.4,46075.05,46116.5,20-03-2024 10:20
46120.25,46149.05,46098.45,46111.25,20-03-2024 10:25
46112.6,46123.4,46053.55,46099.35,20-03-2024 10:30
46099.9,46117.5,46080.3,46106.3,20-03-2024 10:35
46105.05,46136.2,45828.8,45913.45,20-03-2024 10:40
45914.2,45914.2,45843.3,45874.95,20-03-2024 10:45
45870.6,45959.65,45868.85,45949.35,20-03-2024 10:50
45949.65,46140.25,45934.7,46083.1,20-03-2024 10:55
46101.15,46177.5,46071.55,46129.45,20-03-2024 11:00
46128.85,46181.1,46112.3,46175.4,20-03-2024 11:05
46172.85,46178.65,46117.4,46137.5,20-03-2024 11:10
46138.25,46170.05,46107.15,46154.5,20-03-2024 11:15
46158.8,46159.75,46059.95,46066.15,20-03-2024 11:20
46067.7,46130,46051.3,46130,20-03-2024 11:25
46124.35,46132.1,46094.35,46094.35,20-03-2024 11:30
46094.9,46123.1,46093.65,46116.35,20-03-2024 11:35
46119.05,46248.95,46106.9,46248.95,20-03-2024 11:40
46250.2,46289.4,46227.55,46241.4,20-03-2024 11:45
46250.1,46308.5,46226,46293,20-03-2024 11:50
46298.75,46298.75,46243.95,46274.65,20-03-2024 11:55
46273.65,46285.15,46253.1,46271.3,20-03-2024 12:00
46271.85,46301.2,46243.9,46296.2,20-03-2024 12:05
46295.85,46298.25,46256.35,46283.6,20-03-2024 12:10
46289.6,46424.65,46271.1,46377.5,20-03-2024 12:15
46383.85,46445.15,46368.3,46399.45,20-03-2024 12:20
46404.85,46448.05,46377.65,46377.65,20-03-2024 12:25
46383.25,46402.75,46355.4,46399.5,20-03-2024 12:30
46408.2,46438.05,46393.3,46432.95,20-03-2024 12:35
46433.6,46491.4,46411.5,46461.8,20-03-2024 12:40
46461.65,46468.85,46436.2,46459.05,20-03-2024 12:45
46460.95,46477.75,46446.9,46474.45,20-03-2024 12:50
46478.1,46478.1,46386.65,46400.4,20-03-2024 12:55
46404,46427.85,46372.45,46411.3,20-03-2024 13:00
46414.85,46451.6,46403.7,46449.05,20-03-2024 13:05
46450.3,46590.05,46438.4,46542.65,20-03-2024 13:10
46551.15,46551.4,46502.95,46530.55,20-03-2024 13:15
46535.9,46655.55,46524.55,46632.6,20-03-2024 13:20
46635.3,46649.1,46581.25,46588.65,20-03-2024 13:25
46593.65,46593.65,46516.5,46528.55,20-03-2024 13:30
46532.8,46568.1,46518.55,46561.7,20-03-2024 13:35
46562.25,46594.7,46541.15,46591.15,20-03-2024 13:40
46597,46630.2,46504.7,46504.7,20-03-2024 13:45
46491.85,46525.3,46475.95,46488.6,20-03-2024 13:50
46495.25,46500.3,46434,46440.65,20-03-2024 13:55
46436.2,46450.85,46394.9,46394.9,20-03-2024 14:00
46398.75,46419.6,46371.8,46397.25,20-03-2024 14:05
46403,46408.25,46310.6,46342.15,20-03-2024 14:10
46343.6,46417.55,46319.35,46398.3,20-03-2024 14:15
46400.9,46404.7,46229.5,46249.95,20-03-2024 14:20
46251.5,46282.2,46213.75,46264,20-03-2024 14:25
46272.5,46272.55,46204.15,46214,20-03-2024 14:30
46216.9,46256.3,46200,46233.2,20-03-2024 14:35
46242.05,46302,46214.95,46287.05,20-03-2024 14:40
46288,46315.45,46246.65,46283.3,20-03-2024 14:45
46291.3,46305.5,46251.45,46271.45,20-03-2024 14:50
46271.5,46325.35,46242.5,46316.65,20-03-2024 14:55
46320.4,46366,46255,46333.45,20-03-2024 15:00
46340.9,46343.15,46240,46282.55,20-03-2024 15:05
46278.8,46318.25,46236.6,46316.95,20-03-2024 15:10
46314.85,46384.65,46271.5,46378.75,20-03-2024 15:15
46374.7,46412,46305.5,46342.1,20-03-2024 15:20
46338.45,46386.3,46309.6,46370.2,20-03-2024 15:25
46674.85,46795.25,46674.85,46767.75,21-03-2024 09:15
46767.45,46840.5,46712.85,46760.95,21-03-2024 09:20
46762,46849.55,46729.7,46771.15,21-03-2024 09:25
46769.75,46808.95,46709.85,46718.15,21-03-2024 09:30
46720.95,46850.3,46720.95,46824.2,21-03-2024 09:35
46823.45,46828.6,46780.05,46809.25,21-03-2024 09:40
46809.7,46832.6,46751.2,46768.5,21-03-2024 09:45
46773.6,46815.2,46756.5,46802.4,21-03-2024 09:50
46800.35,46822.85,46766.65,46782,21-03-2024 09:55
46782.05,46809.9,46777.25,46809.9,21-03-2024 10:00
46814.6,46938.05,46803.9,46929.55,21-03-2024 10:05
46928.75,46979.35,46915.15,46951.45,21-03-2024 10:10
46947.45,46990.25,46947.45,46954.3,21-03-2024 10:15
46954.6,46977.8,46864,46929.85,21-03-2024 10:20
46929.55,46930.7,46842.8,46848.9,21-03-2024 10:25
46841.55,46889.25,46825.25,46852.6,21-03-2024 10:30
46848,46892.95,46837.55,46867.45,21-03-2024 10:35
46873.95,46882.25,46760.3,46793.5,21-03-2024 10:40
46796.9,46857.2,46776.35,46839.15,21-03-2024 10:45
46842.7,46850.1,46817.3,46834.95,21-03-2024 10:50
46830.8,46845.7,46802.9,46824.45,21-03-2024 10:55
46825.95,46870.6,46816.9,46867.1,21-03-2024 11:00
46871.05,46901.75,46860,46887.75,21-03-2024 11:05
46890.95,46898.8,46864.35,46875.7,21-03-2024 11:10
46873.85,46882.8,46847.4,46848.3,21-03-2024 11:15
46846.8,46869.95,46834.6,46861.65,21-03-2024 11:20
46862.2,46898.55,46857.05,46872.3,21-03-2024 11:25
46872.15,46881.8,46818.45,46859.1,21-03-2024 11:30
46861.55,46874.95,46828.55,46830.8,21-03-2024 11:35
46823.55,46850.2,46785.3,46804.9,21-03-2024 11:40
46803.15,46847.05,46798.9,46842.7,21-03-2024 11:45
46843.5,46847.45,46762.65,46781.15,21-03-2024 11:50
46776.45,46791.8,46753.35,46780.85,21-03-2024 11:55
46782.85,46782.85,46714.85,46742.2,21-03-2024 12:00
46741.55,46745.35,46639.95,46639.95,21-03-2024 12:05
46639.3,46666,46605.05,46627.3,21-03-2024 12:10
46628.35,46714.1,46570.15,46695.45,21-03-2024 12:15
46692.85,46700.4,46655.7,46690.8,21-03-2024 12:20
46690.9,46691.65,46638.1,46663,21-03-2024 12:25
46665,46702.5,46664.15,46681.75,21-03-2024 12:30
46682.4,46768.85,46679.75,46748.9,21-03-2024 12:35
46747.95,46752.75,46706.15,46738.1,21-03-2024 12:40
46740.3,46756.7,46677.35,46688.95,21-03-2024 12:45
46691,46701.95,46670.55,46690.4,21-03-2024 12:50
46692.85,46729.15,46688.1,46707.85,21-03-2024 12:55
46706.5,46746.8,46706.5,46735,21-03-2024 13:00
46732.05,46747.65,46699,46734.8,21-03-2024 13:05
46732.15,46748.55,46717.4,46727.75,21-03-2024 13:10
46724.35,46748.15,46687.4,46737.85,21-03-2024 13:15
46736.8,46742.45,46699.75,46712.9,21-03-2024 13:20
46714.85,46751.5,46711.05,46733.55,21-03-2024 13:25
46729.95,46748,46701.25,46748,21-03-2024 13:30
46745.65,46778.05,46735.55,46761.55,21-03-2024 13:35
46755.95,46777.2,46700,46717.55,21-03-2024 13:40
46716.55,46729.8,46662.85,46678.45,21-03-2024 13:45
46677.1,46703.4,46645.65,46659.25,21-03-2024 13:50
46661.6,46705.7,46660.3,46695.5,21-03-2024 13:55
46692.95,46743.15,46684,46728.75,21-03-2024 14:00
46727.85,46737.7,46663.55,46663.55,21-03-2024 14:05
46662.4,46703.3,46662.4,46680.75,21-03-2024 14:10
46685.95,46717.9,46677.45,46701.95,21-03-2024 14:15
46703.3,46740,46691.95,46707.1,21-03-2024 14:20
46706,46736.25,46640.25,46649.4,21-03-2024 14:25
46649.5,46713.05,46645.4,46661.8,21-03-2024 14:30
46667.25,46686.15,46653.8,46678.05,21-03-2024 14:35
46675.8,46697.2,46659.75,46680.7,21-03-2024 14:40
46680.6,46690.1,46659.15,46667.3,21-03-2024 14:45
46666.9,46689.55,46633.35,46677.15,21-03-2024 14:50
46676.95,46699.05,46651.6,46683.25,21-03-2024 14:55
46683.4,46698.9,46643.8,46676.35,21-03-2024 15:00
46676.15,46700.85,46635.55,46684,21-03-2024 15:05
46673.95,46725.45,46669,46704.5,21-03-2024 15:10
46697.95,46712.9,46686.95,46693.8,21-03-2024 15:15
46695.25,46705.9,46673.95,46702.85,21-03-2024 15:20
46703.65,46713.05,46670.75,46679.25,21-03-2024 15:25
46634.9,46744.65,46632.4,46695,22-03-2024 09:15
46696.35,46735.45,46686.85,46726.35,22-03-2024 09:20
46725.35,46731.8,46566.8,46597.35,22-03-2024 09:25
46589,46660.85,46582.1,46649.55,22-03-2024 09:30
46656.15,46844,46641.35,46824.45,22-03-2024 09:35
46821.15,46862.3,46777.5,46777.5,22-03-2024 09:40
46764.1,46791.15,46634.95,46761.35,22-03-2024 09:45
46749.45,46811.8,46706.45,46782.55,22-03-2024 09:50
46782.45,46830.7,46765.3,46829.7,22-03-2024 09:55
46829.15,46867.85,46796.1,46835.6,22-03-2024 10:00
46836,46857,46775.95,46818.9,22-03-2024 10:05
46821,46894.5,46789,46848.05,22-03-2024 10:10
46845.8,46894.8,46824.9,46872.2,22-03-2024 10:15
46876.2,46886.6,46803.75,46857.55,22-03-2024 10:20
46856.85,46918.05,46819.1,46882.2,22-03-2024 10:25
46883.35,46911.3,46877.4,46889.65,22-03-2024 10:30
46888.05,46910.4,46847.05,46910.4,22-03-2024 10:35
46922.5,46938.85,46851.95,46855.45,22-03-2024 10:40
46856.25,46873.5,46825.65,46847.35,22-03-2024 10:45
46846.55,46897.65,46839.25,46888.45,22-03-2024 10:50
46891.4,46908.45,46823.85,46840.05,22-03-2024 10:55
46839.65,46909.15,46834.15,46901.25,22-03-2024 11:00
46898.7,46924.1,46880.1,46914.8,22-03-2024 11:05
46916.15,46916.15,46870.3,46870.3,22-03-2024 11:10
46870.45,46912.35,46870.45,46908.25,22-03-2024 11:15
46910.35,46914.3,46882.95,46899.3,22-03-2024 11:20
46898.95,46901.4,46878.5,46896.75,22-03-2024 11:25
46894.35,46943.35,46882.55,46916.35,22-03-2024 11:30
46913.3,46948.5,46906.45,46926.8,22-03-2024 11:35
46926.4,46936.75,46905.1,46910.05,22-03-2024 11:40
46909.05,46920.6,46889,46918.4,22-03-2024 11:45
46917.65,46925.55,46894.2,46908.05,22-03-2024 11:50
46912.45,46923.8,46901.05,46918.8,22-03-2024 11:55
46911.3,46921.2,46866.2,46866.2,22-03-2024 12:00
46868.5,46894,46851.1,46882.4,22-03-2024 12:05
46884.5,46901.8,46840.3,46859.75,22-03-2024 12:10
46858.6,46866.6,46812.75,46820.35,22-03-2024 12:15
46819.95,46876.5,46816.4,46863.5,22-03-2024 12:20
46861.1,46883.25,46854.1,46854.1,22-03-2024 12:25
46856.25,46879.9,46826.7,46867.55,22-03-2024 12:30
46863.15,46870.6,46841,46844.25,22-03-2024 12:35
46848.35,46874.5,46840.55,46851.05,22-03-2024 12:40
46849,46878.1,46849,46870.4,22-03-2024 12:45
46871.9,46878.85,46849.4,46873.9,22-03-2024 12:50
46874.2,46875.1,46855.7,46862.05,22-03-2024 12:55
46863.95,46919.15,46857.55,46899.6,22-03-2024 13:00
46900.25,46906.35,46866.65,46884.65,22-03-2024 13:05
46885.6,46897.1,46872,46882.45,22-03-2024 13:10
46881.5,46907.95,46877.15,46885.95,22-03-2024 13:15
46884.85,46897.85,46864.25,46874.65,22-03-2024 13:20
46871.45,46881.4,46850.3,46878.1,22-03-2024 13:25
46880.5,46892.15,46850.5,46859.05,22-03-2024 13:30
46856.45,46874.6,46826.85,46830.95,22-03-2024 13:35
46831.2,46850.95,46809.25,46840.55,22-03-2024 13:40
46839.85,46848.65,46812.65,46826.7,22-03-2024 13:45
46829.9,46847.6,46811.15,46831.95,22-03-2024 13:50
46824.3,46866.05,46824.3,46841.4,22-03-2024 13:55
46831.6,46849.85,46821.85,46837.5,22-03-2024 14:00
46833.55,46863.85,46825.1,46858.65,22-03-2024 14:05
46847.4,46870.45,46828.95,46855.75,22-03-2024 14:10
46851.7,46901.45,46851.7,46878.25,22-03-2024 14:15
46882.9,46908.5,46865.55,46892.95,22-03-2024 14:20
46886.15,46918.5,46872.3,46900.8,22-03-2024 14:25
46899.7,46905.35,46864,46871,22-03-2024 14:30
46874.45,46895.95,46864.2,46871.55,22-03-2024 14:35
46875.55,46908.6,46866.5,46906.6,22-03-2024 14:40
46899,46974.15,46899,46924.8,22-03-2024 14:45
46920.3,46925.5,46881.35,46905.15,22-03-2024 14:50
46900.75,46913.05,46878.05,46886.7,22-03-2024 14:55
46881.55,46908.65,46837.8,46890.2,22-03-2024 15:00
46883.55,46892.4,46855.7,46860.8,22-03-2024 15:05
46856.9,46883.2,46801.15,46845.1,22-03-2024 15:10
46848.05,46867.65,46831,46861.5,22-03-2024 15:15
46862.85,46863.5,46812.25,46851.5,22-03-2024 15:20
46851.4,46866.05,46830.55,46849.05,22-03-2024 15:25
46552.95,46788.35,46552.95,46706.15,26-03-2024 09:15
46707.95,46745.4,46694.85,46733.85,26-03-2024 09:20
46731.5,46769.55,46698.8,46743.75,26-03-2024 09:25
46740.5,46767.5,46696.65,46727.55,26-03-2024 09:30
46735.5,46778.4,46708.2,46774.1,26-03-2024 09:35
46769,46769,46686.1,46713.45,26-03-2024 09:40
46714.1,46738.15,46691.35,46727.85,26-03-2024 09:45
46724,46735.4,46667.95,46709.5,26-03-2024 09:50
46714.45,46714.45,46681.55,46689.3,26-03-2024 09:55
46688.25,46716.3,46621.55,46682.3,26-03-2024 10:00
46682.35,46689.85,46622.65,46628.3,26-03-2024 10:05
46629,46643.85,46594.05,46638.15,26-03-2024 10:10
46634.55,46675.5,46614.8,46637.15,26-03-2024 10:15
46636,46656.7,46616.85,46629.1,26-03-2024 10:20
46628.85,46672.25,46605.5,46661.8,26-03-2024 10:25
46659.85,46725.65,46656.95,46670.85,26-03-2024 10:30
46670.65,46678.15,46641.05,46645.75,26-03-2024 10:35
46651.45,46654.5,46620.85,46631.4,26-03-2024 10:40
46633.05,46646.6,46620.15,46646.3,26-03-2024 10:45
46646.9,46654.75,46620.6,46641.45,26-03-2024 10:50
46641.05,46646.55,46623.05,46630.3,26-03-2024 10:55
46630,46649.5,46608.95,46647.2,26-03-2024 11:00
46649.9,46649.9,46616,46640.05,26-03-2024 11:05
46640.85,46659.8,46623.6,46636.5,26-03-2024 11:10
46635.2,46667.35,46621.95,46653.4,26-03-2024 11:15
46651.55,46669.15,46640.9,46662.4,26-03-2024 11:20
46663.1,46694.65,46656.7,46680.65,26-03-2024 11:25
46680.85,46713.85,46669.6,46705.75,26-03-2024 11:30
46704.85,46732.55,46689.2,46695.1,26-03-2024 11:35
46693.1,46732.9,46680.45,46731.75,26-03-2024 11:40
46730.9,46753.95,46728.75,46745.15,26-03-2024 11:45
46745.5,46753.75,46717.2,46722.5,26-03-2024 11:50
46719.65,46732.15,46691.15,46698.4,26-03-2024 11:55
46698.5,46720.95,46693.95,46701.85,26-03-2024 12:00
46702.7,46724.55,46695.8,46709.65,26-03-2024 12:05
46709.3,46713.8,46662.95,46680.75,26-03-2024 12:10
46681.45,46697.3,46675.95,46689.5,26-03-2024 12:15
46686.1,46718.85,46681.35,46711.9,26-03-2024 12:20
46718.2,46730.1,46704.45,46712.3,26-03-2024 12:25
46715.2,46726.3,46685.9,46704.05,26-03-2024 12:30
46701.95,46718.55,46691.55,46708.6,26-03-2024 12:35
46709.3,46716.15,46693.9,46706.9,26-03-2024 12:40
46703.55,46746.7,46693.6,46730.95,26-03-2024 12:45
46730.05,46752.1,46720.7,46746.25,26-03-2024 12:50
46744.5,46751.9,46706.95,46725.6,26-03-2024 12:55
46727.85,46745.65,46716.15,46733.15,26-03-2024 13:00
46725.6,46735.15,46696.2,46728.85,26-03-2024 13:05
46728.35,46734.45,46709.8,46710.25,26-03-2024 13:10
46711.4,46724.4,46702,46711.3,26-03-2024 13:15
46712.2,46720.25,46681.15,46684.05,26-03-2024 13:20
46681.9,46701.2,46644.35,46663.2,26-03-2024 13:25
46662.8,46673.75,46630.85,46657.4,26-03-2024 13:30
46656.65,46670.75,46632.8,46644.15,26-03-2024 13:35
46641,46647.9,46618.75,46627.5,26-03-2024 13:40
46624.65,46632.7,46597.9,46605.5,26-03-2024 13:45
46602.85,46612.2,46586.55,46596,26-03-2024 13:50
46595.1,46639.65,46584.6,46629.15,26-03-2024 13:55
46629.05,46660.7,46620.4,46659.4,26-03-2024 14:00
46656.65,46681.6,46634.9,46656.45,26-03-2024 14:05
46655.1,46658.85,46628.9,46634.85,26-03-2024 14:10
46637.3,46643.3,46611.45,46638.65,26-03-2024 14:15
46637.9,46663.25,46634,46641.5,26-03-2024 14:20
46639.15,46661.25,46624.7,46646.05,26-03-2024 14:25
46649.45,46656.95,46587.9,46615.5,26-03-2024 14:30
46619.45,46626.6,46536.5,46545.3,26-03-2024 14:35
46545.85,46567.5,46529.05,46554.05,26-03-2024 14:40
46555.5,46582.35,46545.45,46557,26-03-2024 14:45
46552.6,46573.75,46548.15,46568.1,26-03-2024 14:50
46570.4,46596.95,46556.8,46583.1,26-03-2024 14:55
46579.8,46591.05,46546.65,46571,26-03-2024 15:00
46573.65,46640.9,46570.35,46634.7,26-03-2024 15:05
46633.15,46647.45,46588.95,46609.35,26-03-2024 15:10
46608.45,46619.25,46584.75,46594.9,26-03-2024 15:15
46594.7,46634.1,46594.7,46629.8,26-03-2024 15:20
46631.95,46647.5,46573.05,46617.45,26-03-2024 15:25
46643.45,46748.65,46643.45,46709.6,27-03-2024 09:15
46707.75,46725,46684.65,46701.4,27-03-2024 09:20
46701.7,46739.7,46690.05,46732.6,27-03-2024 09:25
46734.4,46789.05,46726.85,46784.8,27-03-2024 09:30
46786.15,46806.1,46760.7,46762.9,27-03-2024 09:35
46762.3,46824.7,46756.4,46807.45,27-03-2024 09:40
46806,46811.95,46780.3,46787.75,27-03-2024 09:45
46790.55,46829.35,46771.15,46791.95,27-03-2024 09:50
46792.55,46824.4,46776.5,46817.3,27-03-2024 09:55
46819.35,46896.2,46810.05,46890.35,27-03-2024 10:00
46891.05,46920.6,46868.4,46908.65,27-03-2024 10:05
46907,46912.4,46856.7,46871.25,27-03-2024 10:10
46875.5,46903.4,46860.05,46893.6,27-03-2024 10:15
46896.45,46929.55,46888.55,46927.5,27-03-2024 10:20
46927.65,46930.4,46870.3,46873.3,27-03-2024 10:25
46880.55,46906.85,46840.6,46901.25,27-03-2024 10:30
46900.9,46946.55,46875.95,46888.3,27-03-2024 10:35
46885.85,46911.5,46869.55,46883,27-03-2024 10:40
46883.3,46895.15,46838.45,46854.75,27-03-2024 10:45
46849.3,46855.1,46785.25,46819.85,27-03-2024 10:50
46821,46843.7,46798.1,46811,27-03-2024 10:55
46806.2,46845.4,46804.3,46838.45,27-03-2024 11:00
46840.6,46848.95,46800.4,46810.8,27-03-2024 11:05
46804,46807.5,46743.75,46796.4,27-03-2024 11:10
46789.3,46826.7,46778.85,46817.65,27-03-2024 11:15
46816.25,46824.9,46794.1,46795.75,27-03-2024 11:20
46795.4,46811.55,46778,46801.75,27-03-2024 11:25
46797.95,46806.7,46776.4,46779.9,27-03-2024 11:30
46780.1,46807.15,46768.75,46801.05,27-03-2024 11:35
46801.6,46819.25,46797.35,46814.6,27-03-2024 11:40
46814.8,46823,46800.7,46815.7,27-03-2024 11:45
46816.95,46833.35,46807.65,46823.35,27-03-2024 11:50
46826.3,46826.3,46790.9,46796.8,27-03-2024 11:55
46794.45,46806.8,46775.55,46781.25,27-03-2024 12:00
46782.95,46798.65,46776.4,46785.8,27-03-2024 12:05
46784,46796.7,46764.4,46792.55,27-03-2024 12:10
46791.2,46810.15,46785.25,46802.75,27-03-2024 12:15
46799.8,46808.5,46782.85,46792,27-03-2024 12:20
46790.2,46791.8,46760.5,46765.85,27-03-2024 12:25
46766.25,46782.15,46754.25,46769.7,27-03-2024 12:30
46767.45,46792.05,46767.45,46776.05,27-03-2024 12:35
46776.2,46790.95,46767,46770.1,27-03-2024 12:40
46762,46787.7,46762,46771.55,27-03-2024 12:45
46772.5,46782,46762.65,46781.05,27-03-2024 12:50
46781.05,46813,46779.35,46813,27-03-2024 12:55
46808.5,46827.35,46800.8,46811.65,27-03-2024 13:00
46806.95,46817.8,46779.4,46791.5,27-03-2024 13:05
46786.7,46800.45,46765.5,46794.3,27-03-2024 13:10
46791.2,46802.1,46772.6,46785.55,27-03-2024 13:15
46784.3,46788.85,46764.6,46778.75,27-03-2024 13:20
46781.6,46783.35,46751.3,46768.05,27-03-2024 13:25
46766.55,46797.45,46763,46796.35,27-03-2024 13:30
46797.25,46809.35,46784,46799.35,27-03-2024 13:35
46802.9,46814.85,46785.5,46803.55,27-03-2024 13:40
46811.5,46825.5,46800.1,46808.65,27-03-2024 13:45
46810.7,46811.95,46779.75,46800.7,27-03-2024 13:50
46803.25,46814.85,46776.85,46787.9,27-03-2024 13:55
46788.65,46799.5,46771.9,46783.65,27-03-2024 14:00
46791.05,46797.35,46776.7,46789.15,27-03-2024 14:05
46786.45,46792.7,46754.55,46763.8,27-03-2024 14:10
46761.4,46774.3,46737.25,46749.05,27-03-2024 14:15
46751.5,46754.7,46710.2,46728.2,27-03-2024 14:20
46725.9,46747.4,46719.55,46730.45,27-03-2024 14:25
46732.75,46735.45,46697.65,46710.15,27-03-2024 14:30
46710.8,46737.55,46697,46730.95,27-03-2024 14:35
46729.9,46761.55,46728.1,46758.1,27-03-2024 14:40
46756.9,46759.1,46718.45,46719.45,27-03-2024 14:45
46714.95,46741.2,46696.6,46721.55,27-03-2024 14:50
46721,46764.35,46689.15,46741.55,27-03-2024 14:55
46742.25,46752.15,46692.3,46722.1,27-03-2024 15:00
46724.9,46736.75,46671.9,46705.45,27-03-2024 15:05
46705.3,46788.3,46696.95,46787.4,27-03-2024 15:10
46789.3,46882.65,46772.2,46874.6,27-03-2024 15:15
46875.5,46956.1,46857.6,46862.75,27-03-2024 15:20
46866.2,46937.45,46835.55,46851.15,27-03-2024 15:25
46827.85,46998.9,46827.85,46988.8,28-03-2024 09:15
46987.4,47065.8,46982.25,47047.65,28-03-2024 09:20
47054.85,47089.75,47040.3,47056.35,28-03-2024 09:25
47055.9,47093.4,47027.05,47093.4,28-03-2024 09:30
47087,47107.95,47054.1,47093.45,28-03-2024 09:35
47092,47148.95,47066.4,47148.95,28-03-2024 09:40
47147.15,47176.55,47106.15,47166.05,28-03-2024 09:45
47162.8,47177.1,47118.35,47136.9,28-03-2024 09:50
47135.7,47136.6,47087.85,47113.05,28-03-2024 09:55
47119.75,47130.25,47104.55,47120.5,28-03-2024 10:00
47119.05,47155.25,47119.05,47134.3,28-03-2024 10:05
47135.4,47163.55,47128.05,47161.45,28-03-2024 10:10
47162,47237.7,47160.75,47204.7,28-03-2024 10:15
47207,47257.3,47203,47211.5,28-03-2024 10:20
47207.25,47218.55,47173.4,47198.3,28-03-2024 10:25
47201.3,47218.9,47182,47213.95,28-03-2024 10:30
47213.45,47281.3,47205.5,47263.65,28-03-2024 10:35
47260.55,47303.75,47260.55,47285.95,28-03-2024 10:40
47286.7,47296.85,47246,47287.7,28-03-2024 10:45
47288.8,47303.25,47262.65,47271.6,28-03-2024 10:50
47271.85,47296.25,47268.15,47282.4,28-03-2024 10:55
47282.95,47331.9,47280.8,47325.05,28-03-2024 11:00
47328.6,47345,47319.3,47340.55,28-03-2024 11:05
47339.4,47347.25,47322.7,47346.05,28-03-2024 11:10
47346.6,47350.2,47284.5,47294.85,28-03-2024 11:15
47293.6,47313.55,47284.15,47298.8,28-03-2024 11:20
47297.4,47320.85,47296.85,47309.95,28-03-2024 11:25
47310.05,47311.35,47267.65,47277.65,28-03-2024 11:30
47274.9,47283.9,47238.3,47241.6,28-03-2024 11:35
47243.65,47273,47233.95,47254.6,28-03-2024 11:40
47256.2,47275.75,47246.95,47252.65,28-03-2024 11:45
47253.5,47287.7,47247.05,47269.2,28-03-2024 11:50
47267.65,47269.75,47197.3,47235.4,28-03-2024 11:55
47244.3,47250.8,47211.25,47237.7,28-03-2024 12:00
47235.6,47244.6,47195.05,47202.15,28-03-2024 12:05
47200.7,47212.85,47184.65,47207.4,28-03-2024 12:10
47207.5,47222.3,47179.25,47190.8,28-03-2024 12:15
47193.15,47239.85,47185.5,47231.2,28-03-2024 12:20
47230.1,47249.85,47208.05,47208.05,28-03-2024 12:25
47215.5,47243.4,47201.3,47238.4,28-03-2024 12:30
47238.85,47345.5,47237.1,47297.55,28-03-2024 12:35
47299.15,47346.75,47299.15,47329.35,28-03-2024 12:40
47329.1,47381.1,47314.7,47364,28-03-2024 12:45
47361.05,47361.05,47318.6,47332.75,28-03-2024 12:50
47332.45,47333.5,47287.85,47291.3,28-03-2024 12:55
47291.2,47330.15,47284.45,47293.75,28-03-2024 13:00
47291.65,47348.3,47291.25,47331.4,28-03-2024 13:05
47326.8,47341.65,47299.45,47337.8,28-03-2024 13:10
47337.85,47346.45,47320.9,47328.65,28-03-2024 13:15
47326.15,47354.25,47318.3,47342.95,28-03-2024 13:20
47341.3,47363.3,47321.8,47325.5,28-03-2024 13:25
47325.4,47367.1,47325.4,47355.65,28-03-2024 13:30
47356.75,47366.6,47332.45,47336.5,28-03-2024 13:35
47338.5,47360.85,47334.9,47347.65,28-03-2024 13:40
47345.4,47349.8,47321.5,47325.65,28-03-2024 13:45
47326.25,47370.95,47318.95,47349.4,28-03-2024 13:50
47348.65,47366.25,47332.25,47346.45,28-03-2024 13:55
47345.85,47382.3,47336.95,47370.05,28-03-2024 14:00
47368.6,47404,47343.65,47386,28-03-2024 14:05
47384.7,47422.95,47372.8,47407.35,28-03-2024 14:10
47407.35,47438.1,47389.4,47427.1,28-03-2024 14:15
47426.1,47440.45,47385.85,47390.65,28-03-2024 14:20
47389.7,47422.1,47377.65,47406.75,28-03-2024 14:25
47406.8,47420.1,47391.65,47406.7,28-03-2024 14:30
47409.15,47432.6,47380.75,47432.6,28-03-2024 14:35
47426.15,47432.65,47403.9,47416.3,28-03-2024 14:40
47407.45,47417.3,47323.5,47334.1,28-03-2024 14:45
47332.2,47347.7,47277.15,47295.75,28-03-2024 14:50
47289.45,47294.7,47229.45,47233.85,28-03-2024 14:55
47235.2,47241.05,47141.05,47148.6,28-03-2024 15:00
47153.3,47206.85,47071.6,47072.4,28-03-2024 15:05
47081.45,47130.05,46997.55,47036.7,28-03-2024 15:10
47038.3,47083.7,47029.15,47065.9,28-03-2024 15:15
47072.95,47164.8,47056.45,47144.95,28-03-2024 15:20
47146.35,47165.8,47121.2,47146.75,28-03-2024 15:25
47391.05,47634.5,47373.1,47609.35,01-04-2024 09:15
47608.6,47632.4,47565.95,47589.25,01-04-2024 09:20
47588,47616.55,47557.75,47566.5,01-04-2024 09:25
47562.85,47606,47548.8,47606,01-04-2024 09:30
47609.45,47642.15,47576.55,47591.65,01-04-2024 09:35
47579.05,47592.3,47479.35,47515.45,01-04-2024 09:40
47514.35,47558.25,47494.7,47498,01-04-2024 09:45
47500.15,47543.6,47488.35,47529.75,01-04-2024 09:50
47533.85,47586.8,47516.5,47585.7,01-04-2024 09:55
47584.95,47596.35,47516.75,47525.95,01-04-2024 10:00
47524.45,47554.55,47510.6,47534.85,01-04-2024 10:05
47533.3,47559.15,47526.35,47543.55,01-04-2024 10:10
47542.35,47553.2,47523.55,47549.55,01-04-2024 10:15
47547.4,47575.6,47496.45,47553.3,01-04-2024 10:20
47550.45,47567.2,47538.9,47554.65,01-04-2024 10:25
47554.8,47562.5,47534.6,47560.8,01-04-2024 10:30
47561.95,47612.25,47546.65,47555.65,01-04-2024 10:35
47557.4,47572.45,47542.55,47555.5,01-04-2024 10:40
47556.15,47564.6,47528.45,47535.3,01-04-2024 10:45
47536.5,47570.95,47530.4,47557.3,01-04-2024 10:50
47558.8,47559.25,47531.1,47551.05,01-04-2024 10:55
47551.8,47555.7,47506.35,47512.5,01-04-2024 11:00
47511.75,47533.5,47493.3,47506.1,01-04-2024 11:05
47505.9,47570.15,47485.05,47563.65,01-04-2024 11:10
47566.65,47589.05,47564.5,47568.15,01-04-2024 11:15
47571.1,47581.8,47556.7,47559.6,01-04-2024 11:20
47556.7,47574.6,47540.45,47567.2,01-04-2024 11:25
47569.75,47582.55,47556.95,47571.25,01-04-2024 11:30
47572.5,47581.35,47551.65,47570.55,01-04-2024 11:35
47565.1,47576.45,47553.95,47571.75,01-04-2024 11:40
47570.8,47578.05,47548.95,47559.5,01-04-2024 11:45
47561.75,47573.1,47553.6,47566.65,01-04-2024 11:50
47568.35,47587.5,47537.2,47564.45,01-04-2024 11:55
47566.15,47581.9,47553.7,47565.3,01-04-2024 12:00
47567.75,47581.5,47555.35,47560.15,01-04-2024 12:05
47564.1,47572.85,47544.55,47547.7,01-04-2024 12:10
47547.55,47551.8,47530.2,47548.05,01-04-2024 12:15
47544.55,47568.4,47544.55,47564.95,01-04-2024 12:20
47564.5,47572.5,47547.4,47550.85,01-04-2024 12:25
47550.2,47562.45,47542,47552.55,01-04-2024 12:30
47551.9,47557.2,47537.45,47542.85,01-04-2024 12:35
47541.4,47554.55,47535.7,47544.7,01-04-2024 12:40
47543.4,47543.4,47519.4,47525.8,01-04-2024 12:45
47525.85,47528.95,47468.75,47468.85,01-04-2024 12:50
47470.05,47520.95,47457.25,47499.45,01-04-2024 12:55
47500.25,47511.3,47478.6,47484.75,01-04-2024 13:00
47485.25,47486.25,47432.3,47462.55,01-04-2024 13:05
47462.05,47481.95,47455.1,47466.8,01-04-2024 13:10
47468.1,47510.85,47461,47505.45,01-04-2024 13:15
47508.2,47510.35,47489.05,47499.55,01-04-2024 13:20
47501.3,47511.75,47493.65,47506.35,01-04-2024 13:25
47508.2,47562.8,47508.2,47534.9,01-04-2024 13:30
47536.4,47539.3,47506.25,47530.1,01-04-2024 13:35
47530.45,47535.8,47506.3,47527.4,01-04-2024 13:40
47523.95,47532.4,47498.5,47520.25,01-04-2024 13:45
47515.75,47515.75,47476.15,47495,01-04-2024 13:50
47491.35,47504.7,47486.7,47487.45,01-04-2024 13:55
47488.3,47524.4,47483.8,47524.4,01-04-2024 14:00
47523.4,47536.15,47506.6,47517.35,01-04-2024 14:05
47512.25,47524.1,47486.55,47498.55,01-04-2024 14:10
47505.5,47513.4,47486.3,47503.05,01-04-2024 14:15
47501.5,47502.7,47471.75,47475.95,01-04-2024 14:20
47476.7,47508.6,47474.65,47495.85,01-04-2024 14:25
47495,47500.25,47460.25,47460.25,01-04-2024 14:30
47459.9,47512.15,47447.9,47508.1,01-04-2024 14:35
47505.85,47526.75,47474.05,47480.45,01-04-2024 14:40
47478.65,47527.2,47470.45,47520.1,01-04-2024 14:45
47519.45,47538.95,47508.55,47538.95,01-04-2024 14:50
47534.85,47559.75,47522.45,47554.3,01-04-2024 14:55
47553.1,47578.65,47545.8,47550.25,01-04-2024 15:00
47553.15,47570.3,47528.25,47562.25,01-04-2024 15:05
47560.7,47591.5,47551.55,47583.85,01-04-2024 15:10
47585.8,47646.8,47582.35,47637.25,01-04-2024 15:15
47639.6,47639.6,47577.75,47582.65,01-04-2024 15:20
47573.6,47583.3,47542.6,47558.7,01-04-2024 15:25
47490.75,47528.3,47419.1,47438.65,02-04-2024 09:15
47433.8,47459.1,47408.55,47456.55,02-04-2024 09:20
47458.2,47541.25,47456.95,47494.35,02-04-2024 09:25
47497.7,47680.8,47484.4,47667.6,02-04-2024 09:30
47670.05,47683.9,47611.6,47658.45,02-04-2024 09:35
47658.35,47696.35,47639.9,47688.7,02-04-2024 09:40
47689.25,47707.35,47560.75,47626,02-04-2024 09:45
47626.2,47660.35,47617.05,47621.55,02-04-2024 09:50
47618.5,47637.05,47575.25,47580.55,02-04-2024 09:55
47584.8,47625.5,47574.55,47624.6,02-04-2024 10:00
47620.6,47632.4,47596.65,47611.6,02-04-2024 10:05
47610.25,47611.7,47564.85,47575.75,02-04-2024 10:10
47577.9,47603.1,47569.2,47594.8,02-04-2024 10:15
47591.1,47627.5,47576.85,47580.95,02-04-2024 10:20
47582.3,47586.9,47558.75,47586.1,02-04-2024 10:25
47586.55,47606.45,47572.75,47585.4,02-04-2024 10:30
47585.85,47590.5,47546.4,47557.25,02-04-2024 10:35
47560,47605.5,47552.3,47596.15,02-04-2024 10:40
47593.5,47622.45,47582.85,47603.7,02-04-2024 10:45
47606.85,47616.65,47570.8,47580.3,02-04-2024 10:50
47572.45,47592.3,47565,47568.85,02-04-2024 10:55
47568,47617.85,47550.85,47615,02-04-2024 11:00
47615.65,47697.35,47591.6,47602.3,02-04-2024 11:05
47601.5,47629.4,47585.45,47623.25,02-04-2024 11:10
47619.55,47631.55,47603.85,47607.45,02-04-2024 11:15
47606.55,47620.95,47599.1,47609.85,02-04-2024 11:20
47611.85,47629.2,47601.1,47615.7,02-04-2024 11:25
47618.2,47638.1,47608.45,47630.05,02-04-2024 11:30
47629.45,47639.5,47617.75,47635.4,02-04-2024 11:35
47633.85,47649.2,47602.25,47605.75,02-04-2024 11:40
47607.05,47618.25,47586.8,47612.8,02-04-2024 11:45
47612.1,47627.65,47604.55,47618.9,02-04-2024 11:50
47618.95,47620.5,47600.55,47603.7,02-04-2024 11:55
47603.85,47623.65,47596.5,47619.1,02-04-2024 12:00
47618.65,47628.95,47597.7,47602.25,02-04-2024 12:05
47605.55,47606.8,47582.3,47598.85,02-04-2024 12:10
47597.65,47624.1,47584.65,47618.6,02-04-2024 12:15
47620.15,47622.75,47588.75,47593.3,02-04-2024 12:20
47593.3,47600.85,47579.25,47589.1,02-04-2024 12:25
47590.1,47616.95,47590.1,47608.95,02-04-2024 12:30
47609.35,47643.7,47601,47643.1,02-04-2024 12:35
47644.5,47663.1,47637.6,47651.5,02-04-2024 12:40
47654.7,47661.4,47631.6,47631.6,02-04-2024 12:45
47633.55,47651.5,47612.25,47640.8,02-04-2024 12:50
47644.4,47644.45,47604.95,47608.8,02-04-2024 12:55
47610,47633.95,47598.4,47613.2,02-04-2024 13:00
47613.2,47613.25,47549.95,47584.55,02-04-2024 13:05
47584.1,47594.9,47573.35,47573.35,02-04-2024 13:10
47576.5,47596.7,47564.25,47570.05,02-04-2024 13:15
47572.35,47601.85,47565.25,47601.85,02-04-2024 13:20
47605.55,47610.05,47593.45,47604.95,02-04-2024 13:25
47605.95,47631.35,47589.8,47612.3,02-04-2024 13:30
47611.05,47625.35,47589.5,47612.9,02-04-2024 13:35
47612.5,47612.5,47590.5,47595.15,02-04-2024 13:40
47594.15,47594.2,47572.75,47574.45,02-04-2024 13:45
47574.5,47577.35,47544.8,47563.4,02-04-2024 13:50
47562.45,47581.3,47537.75,47537.75,02-04-2024 13:55
47538.4,47553.9,47501.7,47527.3,02-04-2024 14:00
47529.7,47548.3,47515.8,47544.35,02-04-2024 14:05
47544.5,47557.95,47531.2,47543.9,02-04-2024 14:10
47545.1,47556.8,47529.05,47553.75,02-04-2024 14:15
47553.5,47558.15,47533.05,47538.6,02-04-2024 14:20
47542.4,47586.5,47525.1,47568.55,02-04-2024 14:25
47572.9,47593.7,47555.15,47555.15,02-04-2024 14:30
47559.8,47560.4,47504.15,47521.1,02-04-2024 14:35
47526.3,47546.1,47515.65,47531.25,02-04-2024 14:40
47531.55,47544.8,47517.5,47518.95,02-04-2024 14:45
47518.75,47536.7,47494.6,47535.6,02-04-2024 14:50
47533.3,47543.15,47518.3,47534.6,02-04-2024 14:55
47532.75,47562.85,47490.6,47534.9,02-04-2024 15:00
47530.5,47555,47509.5,47534.9,02-04-2024 15:05
47536.55,47589.55,47507.85,47531.35,02-04-2024 15:10
47530.35,47569.65,47525.25,47568.75,02-04-2024 15:15
47568.1,47576.5,47551.85,47561,02-04-2024 15:20
47561,47582.3,47545.2,47562.6,02-04-2024 15:25
47350.25,47451.5,47311.6,47352.25,03-04-2024 09:15
47349.6,47357.05,47297.35,47316.9,03-04-2024 09:20
47312.9,47331.5,47279.8,47288.7,03-04-2024 09:25
47290.3,47341.55,47288.05,47330.05,03-04-2024 09:30
47336.35,47348.95,47308.9,47339.35,03-04-2024 09:35
47338.6,47362.2,47300.25,47335.95,03-04-2024 09:40
47330.9,47346.6,47324.15,47331.8,03-04-2024 09:45
47332.15,47383.25,47329.2,47371.85,03-04-2024 09:50
47371.55,47407.3,47349.55,47372.05,03-04-2024 09:55
47373.3,47425.2,47354.2,47416.15,03-04-2024 10:00
47416.9,47430.15,47397.95,47415.05,03-04-2024 10:05
47410.75,47517.95,47403.35,47493,03-04-2024 10:10
47494.45,47505.15,47459.55,47493.15,03-04-2024 10:15
47496.2,47536.6,47489.95,47512.5,03-04-2024 10:20
47509.4,47516.55,47476.7,47510.7,03-04-2024 10:25
47505.4,47522.2,47490.35,47502.75,03-04-2024 10:30
47502.1,47504.2,47474.5,47488.4,03-04-2024 10:35
47484.3,47510.9,47457.7,47490.25,03-04-2024 10:40
47485.15,47491.2,47428.85,47438.15,03-04-2024 10:45
47434.5,47493.7,47434.5,47484.9,03-04-2024 10:50
47483.85,47517.15,47479.2,47511.35,03-04-2024 10:55
47513.15,47530.05,47499,47509.9,03-04-2024 11:00
47510.2,47515.4,47493.9,47507.75,03-04-2024 11:05
47510.75,47515.8,47489.55,47490.1,03-04-2024 11:10
47490.55,47522.45,47481.2,47512.05,03-04-2024 11:15
47515.6,47527.7,47491.6,47522.95,03-04-2024 11:20
47522.65,47543.55,47498.9,47506.7,03-04-2024 11:25
47509.15,47524.4,47500.8,47521.85,03-04-2024 11:30
47520.4,47523.3,47502.2,47516.55,03-04-2024 11:35
47515.1,47518.25,47493,47499.3,03-04-2024 11:40
47501.75,47528.25,47493,47504.25,03-04-2024 11:45
47504.75,47509.65,47482.9,47491.3,03-04-2024 11:50
47492.25,47510.45,47490.75,47505.35,03-04-2024 11:55
47507.2,47523.25,47504.3,47513.95,03-04-2024 12:00
47514.35,47530.95,47508.6,47522.55,03-04-2024 12:05
47519.85,47625.95,47519.05,47623.6,03-04-2024 12:10
47624.5,47648.65,47608.9,47610.8,03-04-2024 12:15
47609.55,47618.45,47561.8,47593.85,03-04-2024 12:20
47595.35,47601.8,47573.1,47585.6,03-04-2024 12:25
47588.5,47611,47587.2,47605.95,03-04-2024 12:30
47607.75,47613,47567.15,47581,03-04-2024 12:35
47581.1,47631.7,47571.45,47624.95,03-04-2024 12:40
47624.05,47635.65,47601.05,47613.55,03-04-2024 12:45
47612.65,47626.25,47602.3,47617.75,03-04-2024 12:50
47617.6,47623.85,47588.8,47619.5,03-04-2024 12:55
47616.25,47621,47587.15,47593.9,03-04-2024 13:00
47599.45,47622.05,47591.7,47604.85,03-04-2024 13:05
47599.5,47615.55,47595.9,47599.9,03-04-2024 13:10
47594.05,47623.35,47594.05,47611.6,03-04-2024 13:15
47611.1,47624.5,47591.1,47616.4,03-04-2024 13:20
47609.95,47644.55,47606.2,47634.5,03-04-2024 13:25
47633.55,47645,47609.6,47616.6,03-04-2024 13:30
47615.7,47673.85,47608.5,47665.65,03-04-2024 13:35
47660.3,47676.95,47623.75,47636.9,03-04-2024 13:40
47639.15,47645,47617,47632.65,03-04-2024 13:45
47631.25,47640.9,47582.75,47595.05,03-04-2024 13:50
47593.1,47604.9,47577.6,47582.85,03-04-2024 13:55
47580.55,47584.9,47525.95,47549.55,03-04-2024 14:00
47547.55,47556.05,47526.5,47548.15,03-04-2024 14:05
47551.2,47600.95,47546.8,47582.15,03-04-2024 14:10
47585.95,47595.3,47570,47581.95,03-04-2024 14:15
47578.1,47624.35,47571.3,47618.1,03-04-2024 14:20
47622.05,47638.85,47592.95,47626.7,03-04-2024 14:25
47630.15,47638.35,47537.45,47563.45,03-04-2024 14:30
47562.15,47588.2,47539.7,47549.25,03-04-2024 14:35
47546.05,47578.6,47525.7,47549.5,03-04-2024 14:40
47550.95,47607.5,47548.9,47603.75,03-04-2024 14:45
47599.15,47622.6,47580.9,47611.45,03-04-2024 14:50
47605.75,47637.9,47594.45,47635.25,03-04-2024 14:55
47637,47647.5,47562.3,47603.8,03-04-2024 15:00
47604.55,47643.6,47585.85,47612,03-04-2024 15:05
47612.95,47639.15,47601.95,47626.55,03-04-2024 15:10
47626.7,47662.55,47626.7,47633.1,03-04-2024 15:15
47633.8,47651.95,47621.95,47641.8,03-04-2024 15:20
47642.8,47663.75,47623.4,47661.1,03-04-2024 15:25
48086.2,48254.65,47933.4,48133.35,04-04-2024 09:15
48134,48140.45,48097.85,48119.85,04-04-2024 09:20
48118.65,48118.85,48062.3,48065,04-04-2024 09:25
48055.7,48064.25,47971.05,47979.45,04-04-2024 09:30
47988.1,48013.85,47936.65,47978.5,04-04-2024 09:35
47979.05,48006.5,47930.6,47943.1,04-04-2024 09:40
47944.7,47984.6,47928.8,47975,04-04-2024 09:45
47977.75,48033.5,47822.1,47853.55,04-04-2024 09:50
47857.3,47888.55,47809.4,47856.4,04-04-2024 09:55
47851.4,47894.5,47840.45,47886.05,04-04-2024 10:00
47884.5,47929.25,47871.1,47887.45,04-04-2024 10:05
47887.05,47907.4,47772.4,47772.4,04-04-2024 10:10
47769.5,47894.1,47769.5,47889.15,04-04-2024 10:15
47882.25,47899.1,47852.55,47872.45,04-04-2024 10:20
47869.9,47890.05,47833.65,47842.9,04-04-2024 10:25
47842.2,47884.8,47833.9,47861.05,04-04-2024 10:30
47860.5,47890.95,47841.65,47854.85,04-04-2024 10:35
47855.65,47894.65,47850.45,47861.15,04-04-2024 10:40
47851.8,47892.25,47851.8,47875.85,04-04-2024 10:45
47879.2,47893.3,47732.55,47758.8,04-04-2024 10:50
47746.8,47855.65,47712.7,47839.5,04-04-2024 10:55
47841.3,47865.5,47832.85,47856.05,04-04-2024 11:00
47857.3,47860,47792.45,47836.95,04-04-2024 11:05
47836.45,47934.3,47808.95,47926,04-04-2024 11:10
47928.75,47943.05,47896.05,47926.75,04-04-2024 11:15
47925.95,47937.8,47890.55,47895.4,04-04-2024 11:20
47897.65,47923.85,47891.2,47909.25,04-04-2024 11:25
47915,47926.05,47804.9,47851.15,04-04-2024 11:30
47838,47874.15,47821.8,47863.55,04-04-2024 11:35
47870.05,47887.3,47839.4,47878.1,04-04-2024 11:40
47881.4,47904.65,47854.4,47890.2,04-04-2024 11:45
47884.6,47893.6,47848.35,47869.65,04-04-2024 11:50
47871.15,47871.15,47824.5,47844.3,04-04-2024 11:55
47846.5,47869.4,47820.3,47832.15,04-04-2024 12:00
47821.35,47858.65,47810.3,47854.55,04-04-2024 12:05
47851.95,47876.5,47812.4,47849.7,04-04-2024 12:10
47849.7,47875.1,47842.55,47863.4,04-04-2024 12:15
47862.35,47895.9,47861.9,47888.3,04-04-2024 12:20
47887.55,47894.95,47866.8,47884.1,04-04-2024 12:25
47890.2,47928.6,47886.35,47894.4,04-04-2024 12:30
47893.65,47947.1,47844.15,47940.2,04-04-2024 12:35
47948.1,48047.6,47921.35,48035.9,04-04-2024 12:40
48038.95,48053.95,48012.2,48032.3,04-04-2024 12:45
48034.8,48047.1,48008.65,48012.65,04-04-2024 12:50
48019.6,48036.05,47983.75,48003.7,04-04-2024 12:55
48003.95,48034.2,47982.4,47982.4,04-04-2024 13:00
47985.05,48003.35,47971,47989.3,04-04-2024 13:05
47991.4,48024.25,47972.9,48016.9,04-04-2024 13:10
48009.2,48030.5,48005.95,48007.9,04-04-2024 13:15
48005.85,48064.6,47987.05,48054.55,04-04-2024 13:20
48060.2,48096.4,48047.2,48077.65,04-04-2024 13:25
48084.35,48145.7,48069.05,48072.95,04-04-2024 13:30
48079.2,48114.6,48069.9,48101.95,04-04-2024 13:35
48100.8,48102.9,48062.3,48075.95,04-04-2024 13:40
48071.05,48079.65,47974.15,48010.55,04-04-2024 13:45
48008.3,48022.55,47896.15,47946.75,04-04-2024 13:50
47942.55,47985.45,47930.9,47969.55,04-04-2024 13:55
47966.2,48024.9,47965.15,48004,04-04-2024 14:00
48001.65,48022.9,47977.3,47977.3,04-04-2024 14:05
47982.95,48006.85,47966.1,47992.75,04-04-2024 14:10
47990.45,48019.9,47983.8,48009.15,04-04-2024 14:15
48002.35,48024.9,47975.55,48010.1,04-04-2024 14:20
48016.5,48033.65,47987.95,48021.8,04-04-2024 14:25
48027.2,48061.55,48015.9,48045.2,04-04-2024 14:30
48048.3,48081.35,48022.05,48075,04-04-2024 14:35
48077.5,48116.75,48066.65,48115.1,04-04-2024 14:40
48117.5,48125.6,48066.65,48087.2,04-04-2024 14:45
48088.2,48092.6,48020,48044.95,04-04-2024 14:50
48049.15,48063.15,48007.4,48007.4,04-04-2024 14:55
48024.9,48047.15,47984.8,48027.8,04-04-2024 15:00
48030.65,48070.75,48030.65,48058.2,04-04-2024 15:05
48063.4,48068.9,48029.85,48051,04-04-2024 15:10
48053.1,48113.2,48039.25,48103.75,04-04-2024 15:15
48105.85,48124.4,48085.8,48113.1,04-04-2024 15:20
48118.1,48139.9,48109.2,48126.2,04-04-2024 15:25
48104.65,48104.65,47894.5,47969.05,05-04-2024 09:15
47970.95,48047.25,47924.45,48041.15,05-04-2024 09:20
48037.95,48097.6,48014.95,48076.35,05-04-2024 09:25
48070.85,48106.05,48028.4,48030.9,05-04-2024 09:30
48036.35,48084.3,48006.15,48069.3,05-04-2024 09:35
48068.25,48089.35,48027.65,48083.65,05-04-2024 09:40
48087.6,48114,48068.55,48075.35,05-04-2024 09:45
48075.35,48131.25,48060.9,48099.45,05-04-2024 09:50
48098.4,48113.15,48079.75,48098,05-04-2024 09:55
48100.85,48146,48051.6,48146,05-04-2024 10:00
48150,48163.75,48043.1,48055.3,05-04-2024 10:05
48056.35,48110.55,48056.35,48091.85,05-04-2024 10:10
48092.2,48097.65,48052.5,48053.95,05-04-2024 10:15
48056.35,48124.9,48055.8,48121,05-04-2024 10:20
48121.2,48165.7,48117,48144.25,05-04-2024 10:25
48144.75,48182.15,48132.1,48149.2,05-04-2024 10:30
48152.95,48168.8,48109.8,48168.8,05-04-2024 10:35
48165.5,48172.45,48134.15,48157.4,05-04-2024 10:40
48158.8,48162.2,48139.8,48147.85,05-04-2024 10:45
48147.75,48197.9,48146.45,48178.5,05-04-2024 10:50
48178.15,48208.25,48168.55,48195.85,05-04-2024 10:55
48198,48200.6,48165.7,48170.45,05-04-2024 11:00
48172.45,48204.6,48165.4,48204.6,05-04-2024 11:05
48204.2,48268.05,48198.95,48237.85,05-04-2024 11:10
48236.65,48263.45,48229.3,48251.05,05-04-2024 11:15
48252.75,48252.75,48164.3,48190.25,05-04-2024 11:20
48193.7,48214.05,48172.25,48195.25,05-04-2024 11:25
48195.35,48213.95,48187.4,48207,05-04-2024 11:30
48208,48237.65,48201.45,48230.15,05-04-2024 11:35
48229.4,48232.3,48201.85,48206.9,05-04-2024 11:40
48207.55,48227.2,48200.3,48215.9,05-04-2024 11:45
48217.8,48254.3,48207.3,48252.85,05-04-2024 11:50
48252.45,48287.75,48241.9,48254.55,05-04-2024 11:55
48253.8,48256.45,48226.9,48238.3,05-04-2024 12:00
48246.6,48274.4,48229.15,48268.45,05-04-2024 12:05
48269.55,48290.45,48259,48266.4,05-04-2024 12:10
48265.75,48267.35,48238.05,48260.55,05-04-2024 12:15
48258.8,48264.55,48232.85,48239.6,05-04-2024 12:20
48240.85,48263.45,48233.65,48240.2,05-04-2024 12:25
48239.7,48240.7,48204.1,48224.7,05-04-2024 12:30
48222.3,48234.8,48194.65,48197.5,05-04-2024 12:35
48203.6,48244.95,48194.2,48212.6,05-04-2024 12:40
48214.6,48230.45,48206.6,48222.85,05-04-2024 12:45
48222.85,48241,48209.8,48224.5,05-04-2024 12:50
48225.15,48241.85,48211.2,48214.6,05-04-2024 12:55
48215.6,48220.55,48186.9,48190.55,05-04-2024 13:00
48194.1,48217.1,48162,48215.2,05-04-2024 13:05
48216.7,48232.65,48179.3,48185.35,05-04-2024 13:10
48183.5,48206.65,48173.95,48194.5,05-04-2024 13:15
48200.15,48257.75,48199.35,48228.15,05-04-2024 13:20
48229.65,48247.1,48222,48238.45,05-04-2024 13:25
48242.7,48265.3,48237.85,48254.9,05-04-2024 13:30
48252.7,48258.65,48212.5,48212.5,05-04-2024 13:35
48216.2,48255.5,48208.2,48232.5,05-04-2024 13:40
48233.15,48241.8,48206,48207.95,05-04-2024 13:45
48211.8,48245.85,48207.7,48225,05-04-2024 13:50
48225.4,48247.7,48222.6,48240.9,05-04-2024 13:55
48240.55,48363.4,48234.95,48332.25,05-04-2024 14:00
48328,48343.1,48295.05,48298.4,05-04-2024 14:05
48300.2,48306.2,48253.85,48268.8,05-04-2024 14:10
48269,48284.85,48254.7,48272.55,05-04-2024 14:15
48276.15,48294.65,48264.1,48273.1,05-04-2024 14:20
48273.9,48322.3,48257.9,48305.15,05-04-2024 14:25
48304.95,48355.85,48289.8,48341.6,05-04-2024 14:30
48346.55,48351.2,48288.5,48315.55,05-04-2024 14:35
48316.9,48330,48291.05,48312.7,05-04-2024 14:40
48313.85,48337.45,48309.95,48325.7,05-04-2024 14:45
48327.5,48338.6,48315.75,48319.4,05-04-2024 14:50
48321.45,48420.55,48304.3,48410.2,05-04-2024 14:55
48414.95,48489.5,48393.5,48410.7,05-04-2024 15:00
48412.15,48501.55,48411.75,48488.9,05-04-2024 15:05
48492.5,48554.5,48478.75,48518.55,05-04-2024 15:10
48515.35,48527.2,48484.05,48505.7,05-04-2024 15:15
48508.5,48555.75,48480.8,48554.55,05-04-2024 15:20
48553.75,48557.4,48519.35,48520.95,05-04-2024 15:25
48586.75,48629.05,48536,48554.15,08-04-2024 09:15
48550.7,48573.9,48477.8,48492.7,08-04-2024 09:20
48489.2,48504.1,48445.45,48456.1,08-04-2024 09:25
48461.05,48539.8,48442.5,48512.5,08-04-2024 09:30
48511,48577.1,48507.55,48565.8,08-04-2024 09:35
48565.85,48568.55,48490.9,48520.9,08-04-2024 09:40
48519.5,48540,48497.6,48521.05,08-04-2024 09:45
48521.05,48528.45,48461.5,48461.5,08-04-2024 09:50
48468.15,48509.1,48424.65,48449.15,08-04-2024 09:55
48449.75,48499.7,48438.65,48480.1,08-04-2024 10:00
48479.1,48506.6,48474.95,48487.95,08-04-2024 10:05
48487.8,48543.9,48477.55,48524.5,08-04-2024 10:10
48529.6,48544,48517.6,48528.95,08-04-2024 10:15
48525.15,48529.2,48497.95,48510.85,08-04-2024 10:20
48510.3,48530.25,48498.25,48523.8,08-04-2024 10:25
48521.7,48539.15,48508,48537.5,08-04-2024 10:30
48531.65,48554.55,48514.85,48529.9,08-04-2024 10:35
48530.45,48538.05,48498.85,48518.9,08-04-2024 10:40
48519.45,48520.8,48496.1,48516.6,08-04-2024 10:45
48517.1,48543.35,48505.75,48519.55,08-04-2024 10:50
48515.45,48557.25,48515.45,48542.6,08-04-2024 10:55
48542.65,48547.7,48524.75,48546.1,08-04-2024 11:00
48547.35,48562.6,48534.1,48548.4,08-04-2024 11:05
48548.35,48565.5,48538.35,48562,08-04-2024 11:10
48561.45,48570.55,48545.5,48558,08-04-2024 11:15
48559.8,48577.1,48547.7,48557.15,08-04-2024 11:20
48555.85,48574.15,48541.15,48549.65,08-04-2024 11:25
48549.6,48566.05,48543.8,48548.85,08-04-2024 11:30
48548.35,48572.55,48532.2,48572,08-04-2024 11:35
48571.8,48595.15,48557.55,48591.05,08-04-2024 11:40
48592.8,48594.1,48560.75,48567.9,08-04-2024 11:45
48568.25,48583.1,48558.35,48567.95,08-04-2024 11:50
48568.45,48570.7,48543.6,48557.8,08-04-2024 11:55
48558.6,48569.5,48547.25,48552.3,08-04-2024 12:00
48550.85,48558.15,48535.15,48551.1,08-04-2024 12:05
48550.55,48564.75,48539.95,48563.85,08-04-2024 12:10
48562.9,48632.8,48561.7,48627.2,08-04-2024 12:15
48625.9,48626.25,48597.75,48603.65,08-04-2024 12:20
48602.35,48618.45,48590.95,48609.2,08-04-2024 12:25
48608.9,48629.45,48604.6,48627.9,08-04-2024 12:30
48626.95,48666.1,48625.25,48664.55,08-04-2024 12:35
48665.6,48668.25,48647.45,48659.3,08-04-2024 12:40
48660.75,48660.75,48630.25,48643.6,08-04-2024 12:45
48643.6,48665.95,48631.75,48659.6,08-04-2024 12:50
48658,48661.8,48640.95,48649.75,08-04-2024 12:55
48650.2,48691.1,48642.7,48673.25,08-04-2024 13:00
48677.25,48681.3,48660.55,48664.3,08-04-2024 13:05
48664.3,48689,48654.1,48669.45,08-04-2024 13:10
48672.75,48705,48658.25,48703.3,08-04-2024 13:15
48699.9,48716.95,48689.9,48700.35,08-04-2024 13:20
48704,48704.4,48499.8,48511.9,08-04-2024 13:25
48511.4,48596.7,48509.5,48568.7,08-04-2024 13:30
48569.5,48627.75,48558.8,48615.55,08-04-2024 13:35
48613.55,48618.05,48589.1,48599.5,08-04-2024 13:40
48601.3,48603.65,48547.55,48577.85,08-04-2024 13:45
48579.05,48582.25,48549.35,48568.6,08-04-2024 13:50
48568.05,48570.9,48541.45,48559.1,08-04-2024 13:55
48558.75,48575,48533.05,48569.8,08-04-2024 14:00
48569.1,48599,48558.7,48559.15,08-04-2024 14:05
48558.15,48574.8,48543.6,48567.3,08-04-2024 14:10
48570.2,48597.9,48563.75,48588.55,08-04-2024 14:15
48585.9,48593.35,48573.3,48583.25,08-04-2024 14:20
48583.3,48604.3,48574.15,48579.05,08-04-2024 14:25
48577.3,48624.55,48577.3,48618,08-04-2024 14:30
48613.65,48620.65,48585.35,48604.85,08-04-2024 14:35
48605.55,48615.9,48574.65,48576.45,08-04-2024 14:40
48577.1,48596.85,48567.05,48585.5,08-04-2024 14:45
48585.5,48594.15,48570.4,48590.85,08-04-2024 14:50
48593,48613.5,48570.9,48608.3,08-04-2024 14:55
48605.75,48622.65,48562.65,48580.9,08-04-2024 15:00
48581.7,48590.85,48548.4,48583.5,08-04-2024 15:05
48585.85,48614.15,48568.25,48605.85,08-04-2024 15:10
48606.85,48608.5,48578.5,48595.05,08-04-2024 15:15
48594.35,48599.55,48572.8,48587.2,08-04-2024 15:20
48586.45,48590,48535.35,48565.75,08-04-2024 15:25
48810.8,48812.15,48622.05,48665.45,09-04-2024 09:15
48673.8,48680.1,48625.95,48645.85,09-04-2024 09:20
48646,48670,48621.85,48654,09-04-2024 09:25
48656.5,48675.05,48640.45,48649.45,09-04-2024 09:30
48651.65,48714.85,48634.85,48689.55,09-04-2024 09:35
48689.05,48719,48674.35,48706.25,09-04-2024 09:40
48707.2,48733,48699.1,48729.4,09-04-2024 09:45
48729.85,48786.4,48728.8,48784.15,09-04-2024 09:50
48785.15,48786.2,48725.9,48741.15,09-04-2024 09:55
48742.15,48829.75,48740.15,48825.4,09-04-2024 10:00
48825.65,48856.65,48817.5,48831.6,09-04-2024 10:05
48832.25,48834.1,48802.3,48823.55,09-04-2024 10:10
48824.8,48850.95,48791.7,48804.3,09-04-2024 10:15
48807.65,48831.7,48797.6,48814.55,09-04-2024 10:20
48813.75,48849.95,48806.35,48833.4,09-04-2024 10:25
48832.65,48845.55,48822,48834.85,09-04-2024 10:30
48836.85,48911.95,48812.85,48899.5,09-04-2024 10:35
48901.2,48940.35,48889.35,48899.9,09-04-2024 10:40
48901.4,48904.05,48863.5,48874.25,09-04-2024 10:45
48873.05,48903.9,48870.8,48892.8,09-04-2024 10:50
48892.8,48901.15,48860.85,48865,09-04-2024 10:55
48862.85,48892.65,48854.35,48876.8,09-04-2024 11:00
48877.7,48882.7,48844.9,48853,09-04-2024 11:05
48851.5,48863.4,48818.4,48826.8,09-04-2024 11:10
48827.25,48869,48816.95,48866.75,09-04-2024 11:15
48864.8,48886.65,48861.65,48873.5,09-04-2024 11:20
48873.4,48888.1,48868.05,48874.15,09-04-2024 11:25
48872.65,48881.95,48859,48874.1,09-04-2024 11:30
48876.65,48960.75,48869.7,48926.85,09-04-2024 11:35
48928.2,48947.15,48908.2,48910.65,09-04-2024 11:40
48913.35,48920.8,48897,48916.1,09-04-2024 11:45
48916.6,48933.6,48909.85,48923.5,09-04-2024 11:50
48920.2,48937.35,48915.25,48931.45,09-04-2024 11:55
48933.85,48951.95,48926.1,48946.75,09-04-2024 12:00
48943.3,48949.15,48929.4,48942.45,09-04-2024 12:05
48939.5,48951.45,48873.7,48907.5,09-04-2024 12:10
48908,48929,48896.2,48902.55,09-04-2024 12:15
48902.75,48915.35,48881.95,48885.25,09-04-2024 12:20
48883.95,48923.55,48877.05,48907.6,09-04-2024 12:25
48907.4,48916.25,48828.5,48832.4,09-04-2024 12:30
48836.75,48859.1,48799.4,48803.9,09-04-2024 12:35
48805.8,48857.1,48799.3,48853.05,09-04-2024 12:40
48851.05,48880.9,48845.6,48852,09-04-2024 12:45
48860.8,48885.3,48851.4,48857.2,09-04-2024 12:50
48857.35,48883.7,48849.05,48866.1,09-04-2024 12:55
48870.2,48888.55,48846.3,48884.95,09-04-2024 13:00
48885.55,48891.2,48869.6,48880.75,09-04-2024 13:05
48877.85,48879.3,48833.6,48836.1,09-04-2024 13:10
48834.3,48847.25,48803.15,48803.7,09-04-2024 13:15
48804.1,48835.6,48797.35,48812.45,09-04-2024 13:20
48814,48838.5,48799.9,48830.8,09-04-2024 13:25
48829.25,48829.8,48768.4,48784.1,09-04-2024 13:30
48786.25,48803.7,48769.8,48772.35,09-04-2024 13:35
48770.65,48794.65,48749,48752,09-04-2024 13:40
48751.45,48757.4,48656.45,48675.45,09-04-2024 13:45
48672.55,48714.2,48663.35,48693.1,09-04-2024 13:50
48693.7,48714.15,48681.85,48709.3,09-04-2024 13:55
48708.7,48723,48695,48699.4,09-04-2024 14:00
48697.9,48708.85,48606.7,48618,09-04-2024 14:05
48618.3,48646.05,48571.05,48593.75,09-04-2024 14:10
48593.4,48680.2,48568.25,48680.2,09-04-2024 14:15
48680.1,48766.1,48665.1,48747.7,09-04-2024 14:20
48744.65,48768.6,48715.3,48728.7,09-04-2024 14:25
48730.95,48732.45,48706.5,48724.25,09-04-2024 14:30
48724.05,48738.05,48702.5,48714.4,09-04-2024 14:35
48715.4,48725.25,48678.45,48716.9,09-04-2024 14:40
48716.1,48743.95,48709.1,48740.65,09-04-2024 14:45
48742.35,48751.8,48702.7,48703.8,09-04-2024 14:50
48702.95,48734.2,48688.95,48732.5,09-04-2024 14:55
48731.1,48732.9,48685.9,48717.8,09-04-2024 15:00
48716.95,48722.15,48687.85,48700.1,09-04-2024 15:05
48704.25,48740.2,48697,48737.15,09-04-2024 15:10
48736.8,48761.4,48726.2,48757.75,09-04-2024 15:15
48757.25,48771,48747.35,48760.15,09-04-2024 15:20
48757.95,48767.5,48699.8,48710.45,09-04-2024 15:25
48879.55,48879.55,48686.65,48696.4,10-04-2024 09:15
48695.8,48752.2,48669.25,48748.85,10-04-2024 09:20
48743.9,48832.85,48732.4,48825.45,10-04-2024 09:25
48827.25,48889.95,48804.15,48861.3,10-04-2024 09:30
48865.9,48917.1,48803.45,48875.5,10-04-2024 09:35
48876.4,48896.3,48834.8,48883.4,10-04-2024 09:40
48881.65,48907.75,48855.8,48889.85,10-04-2024 09:45
48894.05,48942.05,48824.45,48866.95,10-04-2024 09:50
48865.95,48886.9,48850.75,48876.65,10-04-2024 09:55
48879.6,48885.9,48795.9,48807.25,10-04-2024 10:00
48807.2,48825.15,48773.15,48823.05,10-04-2024 10:05
48820.85,48887.75,48808.2,48883.4,10-04-2024 10:10
48880,48893.75,48847.95,48862.5,10-04-2024 10:15
48862.45,48874.25,48839.05,48862.25,10-04-2024 10:20
48860.85,48899.65,48845.65,48854,10-04-2024 10:25
48854.55,48892.85,48849.3,48881.2,10-04-2024 10:30
48881.45,48903.95,48875.05,48882.2,10-04-2024 10:35
48885.05,48966.95,48870.3,48918.4,10-04-2024 10:40
48915.25,48931.9,48898.1,48908.7,10-04-2024 10:45
48909.25,48925.9,48893.75,48895.2,10-04-2024 10:50
48903.8,48918.65,48887.5,48907.95,10-04-2024 10:55
48906.5,48923.05,48895.75,48917.25,10-04-2024 11:00
48915.4,48937.95,48906.8,48927.65,10-04-2024 11:05
48930,48954.25,48897.7,48904.85,10-04-2024 11:10
48903.7,48915.15,48867.15,48878.35,10-04-2024 11:15
48874.25,48890.4,48850.85,48860.15,10-04-2024 11:20
48856.3,48888.3,48847.45,48882.1,10-04-2024 11:25
48883.05,48914.05,48872.9,48901.05,10-04-2024 11:30
48899.2,48913.45,48880.15,48888.35,10-04-2024 11:35
48887.4,48896.55,48877.65,48882.85,10-04-2024 11:40
48881.5,48888.45,48855.45,48873.05,10-04-2024 11:45
48874.15,48874.15,48827.5,48860.2,10-04-2024 11:50
48859.3,48882.15,48852.1,48865.35,10-04-2024 11:55
48867.95,48877.25,48858.15,48875.75,10-04-2024 12:00
48872,48895.65,48867,48878.3,10-04-2024 12:05
48875.05,48890.4,48863.6,48889.6,10-04-2024 12:10
48884.2,48886.7,48861.2,48870.1,10-04-2024 12:15
48872.25,48877.8,48857.3,48862.6,10-04-2024 12:20
48861.9,48881.25,48833.2,48867.8,10-04-2024 12:25
48867.55,48885.6,48843.35,48861.1,10-04-2024 12:30
48857.6,48862.35,48823,48832.9,10-04-2024 12:35
48831.5,48858.25,48815.75,48850,10-04-2024 12:40
48849.2,48857.15,48820.85,48836.35,10-04-2024 12:45
48835.35,48841.75,48808.7,48831.1,10-04-2024 12:50
48827.7,48844.8,48812.35,48841.55,10-04-2024 12:55
48842.45,48902.45,48835.2,48882.6,10-04-2024 13:00
48884.95,48895.1,48866.25,48878.15,10-04-2024 13:05
48877.4,48888.2,48860.2,48882.35,10-04-2024 13:10
48880.95,48917.75,48868,48897.85,10-04-2024 13:15
48896.65,48912.8,48890.1,48904,10-04-2024 13:20
48903.05,48911.8,48881.45,48889.1,10-04-2024 13:25
48891.5,48918.3,48879.35,48886.1,10-04-2024 13:30
48882.4,48901.35,48874.75,48891.6,10-04-2024 13:35
48889.25,48906.9,48878.1,48903.8,10-04-2024 13:40
48905.25,48909.7,48859.6,48866.35,10-04-2024 13:45
48868.65,48887.2,48856.7,48881.55,10-04-2024 13:50
48881.75,48919.9,48874.55,48917.6,10-04-2024 13:55
48913.05,48926.8,48898.45,48909.1,10-04-2024 14:00
48906.8,48937.05,48901.3,48932.6,10-04-2024 14:05
48932.9,48932.9,48892.1,48893.1,10-04-2024 14:10
48895.1,48921.65,48885.55,48914.45,10-04-2024 14:15
48917.1,48931.25,48897.9,48920.8,10-04-2024 14:20
48918.95,48936.8,48901.75,48926.4,10-04-2024 14:25
48925.95,49010.05,48907.2,48988.95,10-04-2024 14:30
48988.5,49006.4,48952.25,48972.5,10-04-2024 14:35
48966.05,48994.1,48953.6,48987.45,10-04-2024 14:40
48980.95,48988.9,48941.25,48969.55,10-04-2024 14:45
48968.85,48993.45,48954.3,48978.75,10-04-2024 14:50
48978.95,48999.25,48966.4,48983.25,10-04-2024 14:55
48978.85,49034.35,48947.7,49018.8,10-04-2024 15:00
49015.5,49057.4,48986.25,49035.45,10-04-2024 15:05
49036.4,49036.4,48971.5,49007.45,10-04-2024 15:10
49010.6,49010.6,48942.2,48955.4,10-04-2024 15:15
48955.9,48964.5,48923.95,48945.4,10-04-2024 15:20
48941.8,48946.4,48899.55,48912,10-04-2024 15:25
48671.2,48882.65,48669,48867.05,12-04-2024 09:15
48861.6,48863.55,48831.15,48836.05,12-04-2024 09:20
48834.6,48869.25,48818.05,48860.2,12-04-2024 09:25
48858.2,48877.7,48815.25,48827.45,12-04-2024 09:30
48830.25,48834.95,48789.45,48811.7,12-04-2024 09:35
48812.6,48814.75,48701.8,48729.75,12-04-2024 09:40
48727.05,48740.65,48665.65,48683.1,12-04-2024 09:45
48687.4,48750.6,48665.15,48713.35,12-04-2024 09:50
48711.2,48744.65,48668.9,48717.8,12-04-2024 09:55
48714.95,48727.25,48687.45,48709.4,12-04-2024 10:00
48703.3,48719.2,48648.35,48685.5,12-04-2024 10:05
48680,48710.9,48648,48677.1,12-04-2024 10:10
48677.65,48683,48640.2,48653.1,12-04-2024 10:15
48656.65,48668.7,48597.65,48612.3,12-04-2024 10:20
48612.15,48672.1,48606,48669.15,12-04-2024 10:25
48670.55,48722.65,48658.1,48695.95,12-04-2024 10:30
48694.15,48732.35,48688.2,48709.65,12-04-2024 10:35
48714.6,48719.7,48686.3,48699.95,12-04-2024 10:40
48693.95,48703.55,48652.7,48664.35,12-04-2024 10:45
48664.4,48686.05,48651.25,48657.5,12-04-2024 10:50
48657.85,48690,48655.35,48683.75,12-04-2024 10:55
48683.5,48693.35,48673.5,48693.35,12-04-2024 11:00
48691.05,48705.35,48683.65,48701.45,12-04-2024 11:05
48702.55,48703,48670.45,48683.95,12-04-2024 11:10
48683.85,48741.65,48675.7,48722,12-04-2024 11:15
48723.1,48732.1,48701.1,48722.7,12-04-2024 11:20
48720.8,48723.7,48685.85,48698.05,12-04-2024 11:25
48698.05,48717.15,48680.2,48709.3,12-04-2024 11:30
48712.4,48722.65,48704.45,48715.45,12-04-2024 11:35
48715.5,48725.55,48697.6,48725.55,12-04-2024 11:40
48725.3,48742.35,48719.1,48723.45,12-04-2024 11:45
48723.7,48750.55,48715.7,48746.7,12-04-2024 11:50
48739.4,48788.7,48729.7,48782.25,12-04-2024 11:55
48780.95,48784.5,48753.7,48770.4,12-04-2024 12:00
48770.05,48795.7,48763.25,48789.3,12-04-2024 12:05
48790.35,48800.25,48766.15,48786.65,12-04-2024 12:10
48787.25,48797.35,48603,48663.05,12-04-2024 12:15
48662.65,48704.95,48645,48673.85,12-04-2024 12:20
48673.7,48682.55,48632.05,48674.85,12-04-2024 12:25
48680.4,48740.5,48663.4,48735.85,12-04-2024 12:30
48735.15,48737,48623.35,48636.65,12-04-2024 12:35
48636.7,48653.25,48565.35,48613.85,12-04-2024 12:40
48612.65,48614.2,48581.45,48587.6,12-04-2024 12:45
48587.3,48613.8,48547.65,48611.35,12-04-2024 12:50
48611.45,48626.6,48588.45,48626.6,12-04-2024 12:55
48626.3,48650.45,48614.6,48624.2,12-04-2024 13:00
48626.75,48635.9,48586.5,48610,12-04-2024 13:05
48607.8,48637.75,48587.8,48614.1,12-04-2024 13:10
48614.65,48626.3,48597.35,48624.6,12-04-2024 13:15
48624.95,48629.65,48590.35,48605.2,12-04-2024 13:20
48607.9,48645.55,48589.45,48629.95,12-04-2024 13:25
48633,48646.6,48616.75,48636.55,12-04-2024 13:30
48638.9,48643.95,48596.1,48607.3,12-04-2024 13:35
48608.75,48608.75,48570.75,48586.75,12-04-2024 13:40
48586.25,48619.7,48573.5,48601.85,12-04-2024 13:45
48608.25,48628.95,48600.85,48622.45,12-04-2024 13:50
48624.95,48646.35,48590.45,48637.65,12-04-2024 13:55
48641,48644.05,48608.2,48619.5,12-04-2024 14:00
48621.1,48625.8,48599.3,48600.2,12-04-2024 14:05
48601,48605.9,48527,48552.8,12-04-2024 14:10
48547.95,48596.3,48541.55,48564.65,12-04-2024 14:15
48564,48582.5,48546.2,48581.7,12-04-2024 14:20
48582.95,48594.6,48560.5,48560.5,12-04-2024 14:25
48563.15,48623.1,48563.15,48616.2,12-04-2024 14:30
48618.25,48665.15,48592.65,48655.65,12-04-2024 14:35
48662.15,48665.55,48567.15,48572.6,12-04-2024 14:40
48575.4,48590.45,48559.95,48559.95,12-04-2024 14:45
48565.9,48591,48559.7,48559.7,12-04-2024 14:50
48564.1,48603,48553.7,48596.2,12-04-2024 14:55
48593.1,48595.1,48547.75,48592.45,12-04-2024 15:00
48591.45,48614.8,48570.9,48598.1,12-04-2024 15:05
48595.15,48602.4,48559.65,48572.15,12-04-2024 15:10
48570.05,48577.75,48554.85,48568.85,12-04-2024 15:15
48570.4,48579.35,48526.75,48541.15,12-04-2024 15:20
48539.95,48558.55,48477.55,48477.55,12-04-2024 15:25
48057.5,48255.5,47999,48037.95,15-04-2024 09:15
48035.05,48071.45,47974.35,47981,15-04-2024 09:20
47981.95,48043.2,47965.2,48010,15-04-2024 09:25
48009.3,48021.7,47937.25,47950.9,15-04-2024 09:30
47951.2,47962.75,47904.95,47912.35,15-04-2024 09:35
47921.4,47969.4,47907.25,47951.1,15-04-2024 09:40
47950.2,47968.15,47919.85,47959.2,15-04-2024 09:45
47957.45,47975.6,47919.25,47944.95,15-04-2024 09:50
47947.6,48039.05,47930.8,48001.55,15-04-2024 09:55
47998.55,48016.05,47964.5,47980.25,15-04-2024 10:00
47978.35,48019.8,47959.95,47978.55,15-04-2024 10:05
47979.95,47984.45,47928.1,47981.95,15-04-2024 10:10
47982.4,48015.6,47956.3,48009.4,15-04-2024 10:15
48008.6,48033.85,47962.3,47967.15,15-04-2024 10:20
47967.2,47995.8,47962.25,47974.45,15-04-2024 10:25
47982.9,47993.8,47953.2,47987.45,15-04-2024 10:30
47988.6,48008.8,47981.65,48002.95,15-04-2024 10:35
48003.75,48044.5,48002.3,48032.7,15-04-2024 10:40
48035.55,48047.25,48019.2,48037.4,15-04-2024 10:45
48035.05,48069.15,48023.4,48053.35,15-04-2024 10:50
48053.45,48119.65,48045.55,48110.6,15-04-2024 10:55
48117.35,48117.35,48081.75,48087.4,15-04-2024 11:00
48086.35,48094.35,48054.35,48060.15,15-04-2024 11:05
48058.9,48077.6,48027.65,48027.65,15-04-2024 11:10
48028.3,48045.75,47998.95,48031.6,15-04-2024 11:15
48034.7,48057.15,48009.7,48050.9,15-04-2024 11:20
48052.1,48058,48028.1,48049.1,15-04-2024 11:25
48049.35,48065.85,48036.7,48042,15-04-2024 11:30
48043.6,48069.45,48017.7,48069.45,15-04-2024 11:35
48067.45,48067.45,48036.45,48038.75,15-04-2024 11:40
48037.7,48047.3,48016.05,48026.2,15-04-2024 11:45
48026.9,48040.1,48000.2,48032.05,15-04-2024 11:50
48032.05,48055.2,48028,48049.55,15-04-2024 11:55
48048.7,48066,48029.95,48049.25,15-04-2024 12:00
48052.95,48057.4,48031.7,48046.5,15-04-2024 12:05
48046.95,48074.1,48040.4,48065.8,15-04-2024 12:10
48064.55,48067.05,48034.9,48042.45,15-04-2024 12:15
48040.15,48071.3,48036.15,48062.05,15-04-2024 12:20
48060.55,48061.65,48028.9,48034.6,15-04-2024 12:25
48034.4,48052.65,48020.75,48039,15-04-2024 12:30
48038.6,48054.65,48010.65,48014.6,15-04-2024 12:35
48017,48029.9,48004.35,48027.2,15-04-2024 12:40
48028.45,48054.3,48018.9,48038.3,15-04-2024 12:45
48035.4,48044.5,47981.55,47995.4,15-04-2024 12:50
47998.25,48005.3,47972.9,47981.65,15-04-2024 12:55
47983.85,47994.7,47960.1,47965.75,15-04-2024 13:00
47965.6,47996.75,47956.9,47992.8,15-04-2024 13:05
47989.25,48007.75,47975.95,47979.4,15-04-2024 13:10
47983.6,48014.95,47970.65,48009.9,15-04-2024 13:15
48011.65,48020.85,47987,48002.35,15-04-2024 13:20
48004.65,48004.65,47982.85,47989.3,15-04-2024 13:25
47995.3,48003.1,47968.6,47976,15-04-2024 13:30
47977.65,47983.8,47947.35,47950.9,15-04-2024 13:35
47952.95,47980.5,47933.55,47977.1,15-04-2024 13:40
47977.95,48010.05,47977,47993.25,15-04-2024 13:45
47989.1,48006.8,47973.05,47977.2,15-04-2024 13:50
47977.85,47997.95,47968.1,47978.75,15-04-2024 13:55
47978.4,47983.1,47951.95,47963.65,15-04-2024 14:00
47963.95,47997.15,47946.25,47978.35,15-04-2024 14:05
47979.4,47979.4,47954.8,47960.7,15-04-2024 14:10
47960.7,47970.95,47944.8,47954.2,15-04-2024 14:15
47956.3,47959.25,47917.45,47919.65,15-04-2024 14:20
47918.75,47926.45,47848.2,47862.15,15-04-2024 14:25
47863.45,47885.6,47827.75,47828.85,15-04-2024 14:30
47834.65,47887.35,47824.85,47878.2,15-04-2024 14:35
47877.95,47881.9,47831.55,47839.75,15-04-2024 14:40
47839.65,47848.2,47750.4,47770.35,15-04-2024 14:45
47774.15,47798.4,47754.1,47791.65,15-04-2024 14:50
47791.7,47837.55,47783.5,47829.3,15-04-2024 14:55
47830.45,47835.3,47745.3,47783.85,15-04-2024 15:00
47781.1,47792.05,47752.75,47782.1,15-04-2024 15:05
47777.7,47783.3,47748.5,47770.2,15-04-2024 15:10
47772.45,47807.3,47743.6,47773.95,15-04-2024 15:15
47771.65,47783.1,47760.65,47771.7,15-04-2024 15:20
47772.45,47787.45,47725.8,47757.35,15-04-2024 15:25
47436.7,47519.05,47316.55,47361.7,16-04-2024 09:15
47360.7,47426.55,47345.55,47423.7,16-04-2024 09:20
47425.95,47427.7,47372.75,47411.95,16-04-2024 09:25
47414.65,47426.25,47347.25,47411.3,16-04-2024 09:30
47413.25,47446.3,47394,47428.55,16-04-2024 09:35
47427.05,47471.15,47394.85,47431.3,16-04-2024 09:40
47430.8,47475.75,47401.75,47437.3,16-04-2024 09:45
47437.3,47527,47429.8,47514.7,16-04-2024 09:50
47516.5,47531.3,47490.35,47508.9,16-04-2024 09:55
47511.1,47543.65,47474.35,47478.35,16-04-2024 10:00
47480.35,47566.1,47475.8,47546.85,16-04-2024 10:05
47545.85,47571.3,47521.6,47523.9,16-04-2024 10:10
47521,47521,47492.1,47501.45,16-04-2024 10:15
47500.8,47516.35,47440.55,47443.6,16-04-2024 10:20
47446.2,47495.2,47435.2,47491.85,16-04-2024 10:25
47492.3,47515.65,47483.5,47498.5,16-04-2024 10:30
47499.25,47515.95,47485.85,47488.3,16-04-2024 10:35
47488.2,47512.05,47476.5,47487.3,16-04-2024 10:40
47488.85,47515.65,47476.5,47515.45,16-04-2024 10:45
47513.85,47543.1,47505.3,47541.65,16-04-2024 10:50
47541.55,47544.15,47501.65,47524.65,16-04-2024 10:55
47522.2,47531.95,47499.15,47507.75,16-04-2024 11:00
47507.3,47522.9,47498.7,47514.5,16-04-2024 11:05
47514.7,47533.8,47505.35,47530.65,16-04-2024 11:10
47532.85,47570.25,47525.55,47549.35,16-04-2024 11:15
47551.8,47553.35,47529.25,47538.85,16-04-2024 11:20
47539.85,47547.05,47459.7,47488.85,16-04-2024 11:25
47488.35,47495.65,47470.65,47491.15,16-04-2024 11:30
47493.85,47510.65,47474.7,47488.35,16-04-2024 11:35
47488.7,47500.95,47471,47481.05,16-04-2024 11:40
47480.4,47491.2,47455.1,47487.95,16-04-2024 11:45
47488.55,47493.65,47470.15,47477,16-04-2024 11:50
47475.45,47480.3,47438.2,47438.75,16-04-2024 11:55
47438.65,47448.15,47395.75,47413,16-04-2024 12:00
47413.15,47434.35,47399.95,47431.2,16-04-2024 12:05
47429.7,47473.7,47426.2,47468.6,16-04-2024 12:10
47468.95,47475.1,47449.6,47457.85,16-04-2024 12:15
47458,47466.6,47425.25,47437.3,16-04-2024 12:20
47432.7,47443.6,47416.3,47423.3,16-04-2024 12:25
47426.05,47446.55,47414.8,47422.3,16-04-2024 12:30
47426.95,47455.1,47418.85,47434.3,16-04-2024 12:35
47431.45,47438.9,47418.05,47422.5,16-04-2024 12:40
47421.25,47452.45,47413.5,47417.65,16-04-2024 12:45
47418.1,47448.05,47413.3,47421.15,16-04-2024 12:50
47420.6,47459.85,47417.7,47455.65,16-04-2024 12:55
47451.75,47452.4,47420.65,47441.05,16-04-2024 13:00
47440.95,47453.45,47425.45,47452.65,16-04-2024 13:05
47453,47453,47427.8,47436.3,16-04-2024 13:10
47434.6,47441.95,47406.7,47420.2,16-04-2024 13:15
47421.25,47434.15,47408.85,47419.75,16-04-2024 13:20
47420.4,47440.45,47410.95,47436.7,16-04-2024 13:25
47434.95,47449.1,47420.35,47441.6,16-04-2024 13:30
47441.85,47458.85,47417.7,47457.85,16-04-2024 13:35
47458.25,47504.15,47448.5,47460.5,16-04-2024 13:40
47461,47486.6,47459.6,47474.6,16-04-2024 13:45
47475.6,47493.55,47458.55,47476,16-04-2024 13:50
47476.65,47486.85,47463.35,47474.5,16-04-2024 13:55
47474.95,47504.75,47458.1,47503,16-04-2024 14:00
47502.05,47517.65,47478.85,47481.1,16-04-2024 14:05
47479.55,47516.3,47468.85,47487.85,16-04-2024 14:10
47486.65,47507.2,47462.65,47462.65,16-04-2024 14:15
47463.05,47475.8,47435,47446.35,16-04-2024 14:20
47445.7,47474.75,47430.5,47470.2,16-04-2024 14:25
47470,47486.05,47463.3,47474.55,16-04-2024 14:30
47475.75,47485,47454.45,47467.3,16-04-2024 14:35
47467.35,47478.55,47451.75,47465.65,16-04-2024 14:40
47464.75,47467.95,47426.9,47436.55,16-04-2024 14:45
47434.3,47438.15,47392.65,47402.05,16-04-2024 14:50
47400.65,47438,47397.25,47423.2,16-04-2024 14:55
47424.9,47485.55,47412.6,47437.75,16-04-2024 15:00
47434.1,47489.95,47434.1,47454.3,16-04-2024 15:05
47456.8,47525.35,47451.35,47524.25,16-04-2024 15:10
47524.75,47552.5,47504.3,47529,16-04-2024 15:15
47530.05,47541.2,47513.55,47522.15,16-04-2024 15:20
47523.3,47609,47521.65,47598.25,16-04-2024 15:25
47592.7,47829.75,47578.35,47758.45,18-04-2024 09:15
47757.15,47788.45,47738.9,47771.2,18-04-2024 09:20
47769.75,47773.7,47734.9,47748.9,18-04-2024 09:25
47747.35,47747.35,47640.7,47647,18-04-2024 09:30
47647.45,47699.2,47615.15,47629.6,18-04-2024 09:35
47629.85,47659.6,47563.1,47590.7,18-04-2024 09:40
47587.2,47615.5,47527.55,47543.6,18-04-2024 09:45
47545.1,47599.9,47545.1,47570.4,18-04-2024 09:50
47570.55,47653.3,47560.8,47647.6,18-04-2024 09:55
47649,47683,47631.65,47635.5,18-04-2024 10:00
47633.1,47650.6,47574.9,47625.3,18-04-2024 10:05
47627.25,47627.85,47568.85,47577.15,18-04-2024 10:10
47575.5,47589.65,47540.65,47565.05,18-04-2024 10:15
47563.15,47575.35,47465.3,47507.65,18-04-2024 10:20
47507.7,47521.8,47479.6,47519.45,18-04-2024 10:25
47516.2,47567.1,47479.6,47558.15,18-04-2024 10:30
47556,47604.55,47547.05,47568.5,18-04-2024 10:35
47564.95,47571.65,47539.05,47556.8,18-04-2024 10:40
47553.75,47561.45,47521.45,47544.8,18-04-2024 10:45
47543.35,47559.65,47515.35,47559.25,18-04-2024 10:50
47554.5,47566.9,47539.65,47563.95,18-04-2024 10:55
47564.7,47624.3,47563.45,47620.3,18-04-2024 11:00
47618.9,47722.65,47616.85,47700.8,18-04-2024 11:05
47702.8,47748.95,47700.75,47719.8,18-04-2024 11:10
47716.65,47741.25,47689.2,47690.8,18-04-2024 11:15
47691.75,47700.9,47667.35,47689.2,18-04-2024 11:20
47688.9,47703.45,47656,47656.95,18-04-2024 11:25
47659.1,47688.6,47618.45,47653.8,18-04-2024 11:30
47655.4,47699.35,47649.75,47669.3,18-04-2024 11:35
47667.45,47672.4,47623.55,47654.65,18-04-2024 11:40
47654.55,47676.8,47639,47657.75,18-04-2024 11:45
47658.55,47681.6,47653.1,47669.25,18-04-2024 11:50
47671.4,47713.55,47671.4,47702.3,18-04-2024 11:55
47703.75,47713.95,47666.65,47673.5,18-04-2024 12:00
47671.4,47686.6,47639.2,47652,18-04-2024 12:05
47652.95,47671.65,47610.55,47614.95,18-04-2024 12:10
47616.25,47653.15,47609.8,47651.15,18-04-2024 12:15
47651.35,47669.1,47633.3,47634.4,18-04-2024 12:20
47633.75,47649.5,47618,47647.05,18-04-2024 12:25
47645.85,47666.05,47627.85,47663.3,18-04-2024 12:30
47663.7,47680.15,47653.4,47679.85,18-04-2024 12:35
47678.7,47714.75,47665.2,47693.5,18-04-2024 12:40
47691.85,47697.95,47646.35,47650.55,18-04-2024 12:45
47649.7,47664.05,47628.85,47656.15,18-04-2024 12:50
47656.05,47694.7,47652.2,47664.4,18-04-2024 12:55
47664,47680.2,47658.45,47670,18-04-2024 13:00
47670.45,47690.5,47644.7,47644.7,18-04-2024 13:05
47645,47672.8,47639.35,47666.85,18-04-2024 13:10
47663.1,47701.9,47663.1,47701.05,18-04-2024 13:15
47700.2,47716.85,47667.35,47677.4,18-04-2024 13:20
47674.65,47689.4,47267.05,47346.95,18-04-2024 13:25
47345.3,47522.75,47133.15,47502.85,18-04-2024 13:30
47499.65,47527.1,47293.35,47386.9,18-04-2024 13:35
47384.4,47421,47251.75,47277.7,18-04-2024 13:40
47276.85,47360.7,47263.8,47354.55,18-04-2024 13:45
47355.6,47389.15,47269.05,47378,18-04-2024 13:50
47378.9,47419.1,47339.35,47359.75,18-04-2024 13:55
47355.2,47378.05,47307.6,47346.15,18-04-2024 14:00
47346,47351.6,47286.55,47300.9,18-04-2024 14:05
47298.15,47364.95,47283.95,47351,18-04-2024 14:10
47349.15,47414.8,47344.65,47376.75,18-04-2024 14:15
47373.5,47405.45,47342.9,47374.45,18-04-2024 14:20
47374.05,47390.6,47334,47363.1,18-04-2024 14:25
47362.3,47370.65,47246.05,47253.2,18-04-2024 14:30
47256.15,47277.1,47175,47184.45,18-04-2024 14:35
47184.95,47212.65,47029.5,47052,18-04-2024 14:40
47051.75,47152.85,47047.65,47134.35,18-04-2024 14:45
47145.75,47188.1,47094.7,47110.8,18-04-2024 14:50
47107.75,47122.75,47070.35,47091.5,18-04-2024 14:55
47095.5,47120.5,47050.65,47067.7,18-04-2024 15:00
47070.55,47086.15,47034.1,47055.6,18-04-2024 15:05
47053.9,47060.1,46982.95,46995.9,18-04-2024 15:10
46995.7,47135.2,46982.15,47126.95,18-04-2024 15:15
47134.7,47152.8,47083.25,47148.5,18-04-2024 15:20
47147.95,47174.05,47105.35,47131.8,18-04-2024 15:25
46744.95,46744.95,46579.05,46686.1,19-04-2024 09:15
46686.95,46775.7,46622.1,46770.4,19-04-2024 09:20
46780.35,46827.75,46718.45,46803.7,19-04-2024 09:25
46800.75,46819.5,46737.85,46816.7,19-04-2024 09:30
46816.5,46855.8,46774.25,46824.6,19-04-2024 09:35
46820.65,46838.4,46755.05,46785.3,19-04-2024 09:40
46782.1,46952.5,46750.8,46909.25,19-04-2024 09:45
46912.85,46918.95,46829.1,46830.75,19-04-2024 09:50
46826.1,46873.55,46771.75,46851.65,19-04-2024 09:55
46854.85,46921.85,46848.65,46888.75,19-04-2024 10:00
46887.5,46950.4,46851.05,46946.95,19-04-2024 10:05
46942.1,46947.1,46864.6,46903.75,19-04-2024 10:10
46904.35,46907.75,46803.35,46869.15,19-04-2024 10:15
46870.05,46882.85,46823.8,46833.5,19-04-2024 10:20
46835.25,46855.8,46809.05,46810.3,19-04-2024 10:25
46813.8,46895.85,46804.4,46853.8,19-04-2024 10:30
46859.1,46870.85,46796.75,46815.85,19-04-2024 10:35
46813.55,46840.15,46792.5,46821.6,19-04-2024 10:40
46819.45,46844.55,46803.65,46832.25,19-04-2024 10:45
46827.6,46850.55,46810.85,46840.65,19-04-2024 10:50
46839.35,46892.95,46800.45,46858.75,19-04-2024 10:55
46856.1,46894.8,46855.3,46875.75,19-04-2024 11:00
46874.65,46919.5,46853.4,46911.5,19-04-2024 11:05
46908.05,46927.9,46879.55,46884.75,19-04-2024 11:10
46885.3,46898.35,46863.65,46895.15,19-04-2024 11:15
46895.65,46937.4,46870.75,46931.2,19-04-2024 11:20
46930,46956.7,46916.25,46930.05,19-04-2024 11:25
46931.3,46948.2,46900.85,46919.55,19-04-2024 11:30
46919.2,46953.25,46909.05,46949.2,19-04-2024 11:35
46949.4,47045.4,46944.4,47008.65,19-04-2024 11:40
47011.6,47014.6,46981.75,46989.2,19-04-2024 11:45
46988.5,46991.7,46870.2,46896.2,19-04-2024 11:50
46898.8,46947.05,46889.1,46942.2,19-04-2024 11:55
46941.8,46958.95,46887.1,46916.05,19-04-2024 12:00
46914.45,46941.6,46907.7,46919.7,19-04-2024 12:05
46918,46966.3,46906.3,46966.3,19-04-2024 12:10
46963.7,47019.15,46939.45,47015.4,19-04-2024 12:15
47016.25,47135.1,47004.75,47127.7,19-04-2024 12:20
47130.45,47156.7,47085.2,47091.8,19-04-2024 12:25
47091.05,47122.25,47050.15,47072.1,19-04-2024 12:30
47071.2,47202.35,47070.65,47202.35,19-04-2024 12:35
47200.2,47243.25,47181.1,47238.1,19-04-2024 12:40
47235.15,47280.95,47200.35,47280.95,19-04-2024 12:45
47279.2,47357.3,47260.35,47270.45,19-04-2024 12:50
47266.4,47349.25,47259.75,47321.15,19-04-2024 12:55
47326.5,47345.55,47272.5,47303.7,19-04-2024 13:00
47304.2,47306.7,47225.75,47263.05,19-04-2024 13:05
47265.9,47318.8,47245,47295.85,19-04-2024 13:10
47294.95,47302.65,47222.75,47244.9,19-04-2024 13:15
47242.8,47324.35,47203.25,47303.95,19-04-2024 13:20
47305.95,47305.95,47261.15,47268.95,19-04-2024 13:25
47267.85,47295.6,47229,47287.9,19-04-2024 13:30
47293.2,47300.65,47254.35,47281.9,19-04-2024 13:35
47283.65,47291.45,47234.1,47277.55,19-04-2024 13:40
47277.8,47402,47268,47394.9,19-04-2024 13:45
47395.5,47533.8,47391.6,47533.8,19-04-2024 13:50
47525.05,47536.1,47481.35,47512.15,19-04-2024 13:55
47510.1,47551.65,47471.3,47485.8,19-04-2024 14:00
47481.4,47630,47474.5,47618.3,19-04-2024 14:05
47618.1,47653.95,47542.45,47542.45,19-04-2024 14:10
47550.95,47571.45,47462.7,47493.1,19-04-2024 14:15
47491.05,47510.75,47442.3,47464.25,19-04-2024 14:20
47460.9,47520.9,47418.5,47462.25,19-04-2024 14:25
47460.15,47512.25,47451.35,47471.7,19-04-2024 14:30
47462.15,47499.05,47439.45,47466.4,19-04-2024 14:35
47462.95,47484.95,47375.35,47400.6,19-04-2024 14:40
47389.9,47489.4,47381.25,47479.35,19-04-2024 14:45
47478.9,47565.85,47461.85,47529.5,19-04-2024 14:50
47528.8,47553.55,47491.95,47534.45,19-04-2024 14:55
47540.25,47548.4,47474.9,47520.65,19-04-2024 15:00
47522.1,47613.45,47506.85,47605.65,19-04-2024 15:05
47607.85,47635.45,47581.75,47628.1,19-04-2024 15:10
47631.95,47641.1,47607.4,47609.2,19-04-2024 15:15
47611.75,47625.25,47551.85,47579.85,19-04-2024 15:20
47584.4,47668.7,47563.4,47614.15,19-04-2024 15:25
48145.7,48146.3,47824.35,47835.05,22-04-2024 09:15
47826.8,47924.25,47826.8,47870.15,22-04-2024 09:20
47869.65,47910.6,47826.85,47836.15,22-04-2024 09:25
47837.65,47879.8,47801.8,47817.15,22-04-2024 09:30
47816.9,47839.75,47745.75,47767.7,22-04-2024 09:35
47770.6,47797.9,47710.85,47732.8,22-04-2024 09:40
47730.15,47742.5,47671.25,47717,22-04-2024 09:45
47716.55,47767.95,47695.4,47726.7,22-04-2024 09:50
47725.3,47801.85,47722.6,47769.15,22-04-2024 09:55
47771.7,47814.8,47677.25,47704.5,22-04-2024 10:00
47699.55,47777.25,47684.55,47740.2,22-04-2024 10:05
47741.5,47783.75,47718.5,47750.45,22-04-2024 10:10
47751.85,47777.35,47715.05,47725.8,22-04-2024 10:15
47723.6,47725.8,47676.3,47701.8,22-04-2024 10:20
47706.85,47707.25,47628.45,47657.1,22-04-2024 10:25
47656.75,47695.4,47652.9,47682.55,22-04-2024 10:30
47683.35,47711.8,47669,47684.05,22-04-2024 10:35
47685.5,47758,47684.05,47750.8,22-04-2024 10:40
47749.35,47767.1,47728.4,47760.25,22-04-2024 10:45
47760.05,47804.7,47745.05,47778.25,22-04-2024 10:50
47777.45,47802.9,47763.3,47781.05,22-04-2024 10:55
47774.3,47835.25,47754.3,47822.05,22-04-2024 11:00
47821.8,47842,47804.45,47838.05,22-04-2024 11:05
47833.25,47842.6,47806.8,47822.6,22-04-2024 11:10
47822.8,47845.4,47787.7,47809.1,22-04-2024 11:15
47810.1,47838.25,47798.1,47838.25,22-04-2024 11:20
47836.8,47839,47812.05,47812.05,22-04-2024 11:25
47819.8,47856.25,47810.6,47849.5,22-04-2024 11:30
47851.25,47859.15,47837.5,47845,22-04-2024 11:35
47845.6,47855.5,47804.95,47804.95,22-04-2024 11:40
47806.4,47846.95,47803.9,47842.65,22-04-2024 11:45
47843.45,47860.1,47839.6,47856.45,22-04-2024 11:50
47857.15,47886.35,47854.2,47872.1,22-04-2024 11:55
47868.7,47876.8,47852.05,47861.3,22-04-2024 12:00
47860.85,47862.45,47842.95,47851.9,22-04-2024 12:05
47850.8,47852.45,47813.4,47825.7,22-04-2024 12:10
47821.9,47850.7,47819.1,47835.7,22-04-2024 12:15
47835.05,47843.9,47814.9,47840.7,22-04-2024 12:20
47840.4,47846.6,47760.9,47800.9,22-04-2024 12:25
47803.15,47827.5,47791.75,47826.05,22-04-2024 12:30
47825.1,47830.3,47792.55,47808.45,22-04-2024 12:35
47807.5,47825.6,47794.5,47802.95,22-04-2024 12:40
47801.75,47808.85,47758.4,47764.85,22-04-2024 12:45
47761.8,47786.35,47757.35,47769,22-04-2024 12:50
47771.1,47793.6,47765.85,47783.25,22-04-2024 12:55
47784.25,47798.65,47753.25,47780.25,22-04-2024 13:00
47783.25,47802,47744.35,47757.25,22-04-2024 13:05
47758.15,47785,47746.45,47783.3,22-04-2024 13:10
47782.4,47806,47774.3,47803.25,22-04-2024 13:15
47807.15,47818.65,47791.6,47793.65,22-04-2024 13:20
47788.95,47800.5,47766.7,47800.25,22-04-2024 13:25
47800.65,47838.85,47794.35,47818.75,22-04-2024 13:30
47818.5,47844.4,47814.75,47827.45,22-04-2024 13:35
47828.3,47847,47805.45,47831.15,22-04-2024 13:40
47833.8,47859.55,47818.7,47853.2,22-04-2024 13:45
47853.35,47854.15,47823.85,47828.15,22-04-2024 13:50
47825.35,47873.05,47822.6,47850.05,22-04-2024 13:55
47850.1,47882.35,47834.05,47866.5,22-04-2024 14:00
47867.3,47869.3,47840.8,47853.85,22-04-2024 14:05
47851.85,47855.3,47830.55,47837.45,22-04-2024 14:10
47834.45,47857.65,47813.7,47839,22-04-2024 14:15
47841.55,47852.3,47811.15,47820.25,22-04-2024 14:20
47824.6,47848.15,47790.1,47793.65,22-04-2024 14:25
47799.6,47829.4,47782.65,47824.85,22-04-2024 14:30
47827.2,47854.7,47823.35,47845,22-04-2024 14:35
47846.6,47946.15,47838.35,47944.4,22-04-2024 14:40
47944.95,47958.45,47902.65,47933.2,22-04-2024 14:45
47937.85,47942.05,47870,47870,22-04-2024 14:50
47876.25,47884.95,47841.35,47850.05,22-04-2024 14:55
47850.3,47895.85,47849.25,47890.8,22-04-2024 15:00
47887.75,47926.15,47881.5,47913.9,22-04-2024 15:05
47910.85,47962.65,47905.8,47959.95,22-04-2024 15:10
47954.6,47954.8,47916.7,47930.3,22-04-2024 15:15
47928.4,47978.75,47902.5,47970.65,22-04-2024 15:20
47968.7,48009.55,47956.8,47999.85,22-04-2024 15:25
48299.6,48302.7,48022.45,48069.35,23-04-2024 09:15
48071.15,48114.7,48005,48048.5,23-04-2024 09:20
48037.9,48089.75,48022.65,48045.25,23-04-2024 09:25
48045,48060.55,47993.6,48014.35,23-04-2024 09:30
48005.55,48019.75,47968.85,48011.45,23-04-2024 09:35
48011.1,48034.3,48002.25,48010.35,23-04-2024 09:40
48012.15,48014.7,47942.75,47960.25,23-04-2024 09:45
47961.8,47995.85,47942.8,47958.55,23-04-2024 09:50
47961.15,48013.95,47949.7,48008.85,23-04-2024 09:55
48009.9,48057.05,48007.4,48049.4,23-04-2024 10:00
48050.9,48072.75,48036.15,48057.5,23-04-2024 10:05
48057.6,48078.85,48030.8,48069.6,23-04-2024 10:10
48069.4,48084.5,48049.3,48059.6,23-04-2024 10:15
48059.05,48067.3,48043.6,48064.2,23-04-2024 10:20
48065.05,48065.45,47978.85,48001.75,23-04-2024 10:25
47998.65,48010.25,47989.05,48000.1,23-04-2024 10:30
48000.55,48020.85,47984.65,48018.2,23-04-2024 10:35
48019.4,48022.95,47958.05,47959.85,23-04-2024 10:40
47959.9,47984.85,47937.45,47945.05,23-04-2024 10:45
47941.25,47970.5,47941.25,47970.35,23-04-2024 10:50
47991.2,47998.65,47969.8,47974.25,23-04-2024 10:55
47972.55,47978.85,47942.35,47947.45,23-04-2024 11:00
47945.75,47982.25,47945.75,47974.35,23-04-2024 11:05
47972.85,47998.7,47959.35,47982.75,23-04-2024 11:10
47985.45,48004.65,47976.7,47996.2,23-04-2024 11:15
48001.2,48026.2,47986.3,48018.6,23-04-2024 11:20
48012.95,48024.3,47996.35,48015.55,23-04-2024 11:25
48014.65,48029.6,47994.85,47996.4,23-04-2024 11:30
47999.35,48010,47993.25,47996.7,23-04-2024 11:35
47995.55,48017.35,47992.7,48009.55,23-04-2024 11:40
48011.6,48023.95,47976.5,47984.05,23-04-2024 11:45
47984.6,48003.65,47983.15,47998.8,23-04-2024 11:50
47998.4,48010.7,47989.1,48000.45,23-04-2024 11:55
47997.9,48016,47982.9,47993.55,23-04-2024 12:00
47995.2,48017.9,47987.3,48017.9,23-04-2024 12:05
48018.2,48054.5,48009.8,48047.6,23-04-2024 12:10
48046.85,48068.45,48040.85,48063.45,23-04-2024 12:15
48065.7,48086.65,48055.3,48074.5,23-04-2024 12:20
48073.65,48088.85,48055.75,48064.8,23-04-2024 12:25
48063.25,48072.35,48050.65,48055.8,23-04-2024 12:30
48056,48068.9,48036.5,48060.5,23-04-2024 12:35
48059.2,48067.8,48029.2,48040,23-04-2024 12:40
48034.05,48040.15,48008.95,48032.2,23-04-2024 12:45
48031.15,48058.05,48022.05,48048.65,23-04-2024 12:50
48048.35,48057.25,48038.7,48051.45,23-04-2024 12:55
48052.3,48052.4,47994.1,48008.9,23-04-2024 13:00
48009.65,48019.15,47941.15,47976.15,23-04-2024 13:05
47977.4,47996.5,47947.4,47977.85,23-04-2024 13:10
47981.55,47983.15,47899.3,47912.85,23-04-2024 13:15
47917.15,47950.9,47903.35,47949.9,23-04-2024 13:20
47949.55,47999.1,47941.1,47988.3,23-04-2024 13:25
47986.1,48001.75,47971.15,47984.05,23-04-2024 13:30
47980.9,47997.4,47967.1,47994.75,23-04-2024 13:35
47996.25,48023,47983.3,47998.5,23-04-2024 13:40
48004.75,48012.55,47982.55,47991.8,23-04-2024 13:45
47993.7,47997.1,47969.25,47979.95,23-04-2024 13:50
47983,48002.65,47972.95,47986.2,23-04-2024 13:55
47990.1,48011.45,47981.4,48003.3,23-04-2024 14:00
48005.3,48016.8,47938.55,47951.1,23-04-2024 14:05
47949.85,47981.05,47937.5,47977.15,23-04-2024 14:10
47977.15,48014.3,47971.7,48012.3,23-04-2024 14:15
48013.25,48013.25,47988,47991.85,23-04-2024 14:20
47992.2,48012.05,47967.8,47998.95,23-04-2024 14:25
48001.9,48015.85,47958.7,47972.5,23-04-2024 14:30
47972.2,47997.65,47960.05,47978.2,23-04-2024 14:35
47977,47988.5,47969.15,47983,23-04-2024 14:40
47985.65,48031.75,47977.65,48031.6,23-04-2024 14:45
48029.4,48038.05,47991.2,48000.3,23-04-2024 14:50
47996.85,48039.75,47976.65,48039.7,23-04-2024 14:55
48039.25,48039.75,47970.75,48008.25,23-04-2024 15:00
48004,48013.65,47929.3,47961.3,23-04-2024 15:05
47961.9,48009.65,47932.85,48003.1,23-04-2024 15:10
48004.4,48009.4,47970,47991.6,23-04-2024 15:15
47989.7,47991.5,47933,47957.4,23-04-2024 15:20
47957.3,47964.95,47934.35,47935.6,23-04-2024 15:25
48120.9,48140.55,48032.65,48069.3,24-04-2024 09:15
48069.3,48077.45,48028.7,48068,24-04-2024 09:20
48067.65,48072.75,48032.3,48044.75,24-04-2024 09:25
48040.9,48095.45,48040.9,48065.55,24-04-2024 09:30
48066.15,48106.6,48061.5,48088.25,24-04-2024 09:35
48090.4,48112.05,48069.35,48099.95,24-04-2024 09:40
48101,48150.85,48098.75,48135.2,24-04-2024 09:45
48131.75,48180.85,48122.1,48170.7,24-04-2024 09:50
48170.9,48199.15,48149.35,48179.05,24-04-2024 09:55
48178.85,48194.75,48166.3,48170.4,24-04-2024 10:00
48168.4,48194.1,48160.1,48176.3,24-04-2024 10:05
48176.8,48195.15,48165.9,48166.3,24-04-2024 10:10
48171.25,48231.2,48161.6,48214.65,24-04-2024 10:15
48217.6,48228.35,48203.85,48213.55,24-04-2024 10:20
48212.65,48227.3,48190.7,48209.65,24-04-2024 10:25
48212.15,48216.15,48191.75,48198.15,24-04-2024 10:30
48203.55,48232.05,48191.7,48210.7,24-04-2024 10:35
48210.9,48223.55,48198.65,48217.35,24-04-2024 10:40
48219.55,48230.2,48208.2,48225.55,24-04-2024 10:45
48228.8,48235.2,48193.45,48205.35,24-04-2024 10:50
48204.2,48223.4,48174.65,48211.85,24-04-2024 10:55
48213.85,48215.9,48190.75,48199.85,24-04-2024 11:00
48194.75,48216.1,48190.7,48215.65,24-04-2024 11:05
48214.6,48217.9,48189.6,48197.5,24-04-2024 11:10
48195.75,48202.45,48169.35,48180.5,24-04-2024 11:15
48180.3,48197.2,48170.55,48191.8,24-04-2024 11:20
48194,48220,48185.6,48198.75,24-04-2024 11:25
48197,48203.85,48178.25,48195.45,24-04-2024 11:30
48197.8,48214.05,48187.8,48191.2,24-04-2024 11:35
48192.7,48207.9,48180.2,48188.6,24-04-2024 11:40
48183.65,48201.75,48174.1,48191.4,24-04-2024 11:45
48193.15,48200.35,48169.5,48182.95,24-04-2024 11:50
48182.95,48206.5,48160.75,48198.7,24-04-2024 11:55
48193.75,48206.6,48180.55,48184.65,24-04-2024 12:00
48184.8,48216.65,48181.4,48200.8,24-04-2024 12:05
48198.9,48205.15,48183.3,48200.15,24-04-2024 12:10
48198.2,48198.45,48177.05,48192.8,24-04-2024 12:15
48191.9,48200.1,48182.65,48184.7,24-04-2024 12:20
48183.4,48209.3,48181.05,48193.25,24-04-2024 12:25
48190.15,48192.75,48173.4,48176.75,24-04-2024 12:30
48178,48196.3,48170,48190.5,24-04-2024 12:35
48192.45,48199.6,48183.6,48199.1,24-04-2024 12:40
48199.85,48202.6,48169.05,48174.9,24-04-2024 12:45
48173.55,48198.5,48157.25,48174.7,24-04-2024 12:50
48176.75,48185.65,48166.1,48171.05,24-04-2024 12:55
48169.6,48185.6,48164.05,48178.2,24-04-2024 13:00
48176.6,48191.2,48175.7,48190.7,24-04-2024 13:05
48190.05,48203.85,48179.6,48203.25,24-04-2024 13:10
48202.4,48217.15,48192.8,48210.55,24-04-2024 13:15
48209.15,48220.65,48204.85,48215.4,24-04-2024 13:20
48214.35,48228.05,48202.35,48220.45,24-04-2024 13:25
48220.1,48225,48188.8,48213.7,24-04-2024 13:30
48211.5,48217.45,48182.55,48210.15,24-04-2024 13:35
48205.65,48227.5,48201.6,48205.95,24-04-2024 13:40
48205.4,48210,48196.05,48203.6,24-04-2024 13:45
48199.9,48214.05,48193.5,48208.5,24-04-2024 13:50
48208.15,48224.95,48186,48188.55,24-04-2024 13:55
48184.7,48206.6,48183.25,48201.25,24-04-2024 14:00
48200.8,48211.55,48184.75,48195.8,24-04-2024 14:05
48196.6,48210.1,48190.7,48205.85,24-04-2024 14:10
48204.8,48215.55,48194.9,48207.55,24-04-2024 14:15
48204,48219.85,48195.7,48202.55,24-04-2024 14:20
48201.65,48209.65,48185.25,48187.7,24-04-2024 14:25
48185.2,48206.05,48149.3,48171.15,24-04-2024 14:30
48165.2,48174.1,48142.8,48168.7,24-04-2024 14:35
48170.55,48184.45,48150.6,48167.45,24-04-2024 14:40
48167.3,48193.15,48153.55,48193.15,24-04-2024 14:45
48192.2,48201.1,48170.05,48200.2,24-04-2024 14:50
48190,48204.75,48176.55,48202.55,24-04-2024 14:55
48197.15,48223.1,48132.75,48186.3,24-04-2024 15:00
48183.1,48246.2,48162.7,48201.55,24-04-2024 15:05
48199.55,48241.45,48163.45,48176.55,24-04-2024 15:10
48178.05,48199.3,48160.5,48195.2,24-04-2024 15:15
48191.7,48202.85,48152.15,48167.35,24-04-2024 15:20
48170.1,48208,48166.65,48195.35,24-04-2024 15:25
47772.65,48075.4,47737.2,47948.15,25-04-2024 09:15
47945.55,47971.1,47926.9,47942.05,25-04-2024 09:20
47938.4,48026.55,47934.65,48026.55,25-04-2024 09:25
48016.5,48142.05,47980.4,48121.5,25-04-2024 09:30
48120.65,48181.25,48111.35,48174.8,25-04-2024 09:35
48177.5,48184.4,48108.85,48135.35,25-04-2024 09:40
48131.45,48146.4,48091.25,48107.9,25-04-2024 09:45
48108.2,48112.8,48052.6,48102.55,25-04-2024 09:50
48100.85,48170.75,48100.05,48157,25-04-2024 09:55
48159.6,48216.15,48142.6,48209.25,25-04-2024 10:00
48208.5,48220.8,48173.25,48193.25,25-04-2024 10:05
48193.15,48320.1,48193.15,48302.45,25-04-2024 10:10
48299.5,48348.05,48272.75,48318.75,25-04-2024 10:15
48316.95,48326.55,48267.1,48299.2,25-04-2024 10:20
48297.1,48305.3,48238.8,48261.05,25-04-2024 10:25
48258.7,48285.65,48228,48246,25-04-2024 10:30
48237.65,48283.45,48235,48265.6,25-04-2024 10:35
48260.85,48284.85,48214.25,48239.9,25-04-2024 10:40
48240.55,48253.7,48197.85,48217.65,25-04-2024 10:45
48225.75,48240.65,48087,48105.75,25-04-2024 10:50
48108.55,48158.6,48096.7,48137.85,25-04-2024 10:55
48143.95,48180.55,48118.5,48180.55,25-04-2024 11:00
48179.4,48281.3,48156.4,48274.75,25-04-2024 11:05
48275.25,48319.3,48263.6,48288.75,25-04-2024 11:10
48290.2,48302.45,48267.15,48292.95,25-04-2024 11:15
48293.15,48293.15,48186.7,48206.15,25-04-2024 11:20
48206.45,48241.3,48188.4,48227.45,25-04-2024 11:25
48225.35,48254.05,48215.05,48222.2,25-04-2024 11:30
48218.35,48239.8,48194.9,48213.2,25-04-2024 11:35
48211.9,48219.3,48179.8,48198.15,25-04-2024 11:40
48193.45,48218.95,48188.95,48196.3,25-04-2024 11:45
48195.55,48206.6,48168.8,48202.15,25-04-2024 11:50
48203.6,48205.9,48130.9,48136.35,25-04-2024 11:55
48135.8,48175.1,48129.1,48146.95,25-04-2024 12:00
48146,48161.25,48134.45,48149.5,25-04-2024 12:05
48147.45,48165.05,48128,48161.75,25-04-2024 12:10
48164.75,48192.9,48151.45,48181.9,25-04-2024 12:15
48179.2,48185.15,48155,48173.35,25-04-2024 12:20
48172.85,48221.85,48157.5,48198.9,25-04-2024 12:25
48197.7,48237.45,48196.3,48207.45,25-04-2024 12:30
48207.4,48265.55,48196.1,48265.55,25-04-2024 12:35
48260.65,48284.3,48218.15,48228.4,25-04-2024 12:40
48228.95,48237.35,48202.55,48213.05,25-04-2024 12:45
48216.95,48249.6,48208.6,48241.9,25-04-2024 12:50
48241.55,48323.8,48238.95,48285.95,25-04-2024 12:55
48284.8,48370.35,48261.75,48365.35,25-04-2024 13:00
48354.7,48363.7,48310.2,48327.2,25-04-2024 13:05
48326.8,48363.05,48320.6,48357.85,25-04-2024 13:10
48360.1,48381.55,48359.25,48377.25,25-04-2024 13:15
48378.15,48387.8,48324.3,48332.1,25-04-2024 13:20
48334.2,48364,48320.35,48342.7,25-04-2024 13:25
48343,48370.25,48313.3,48357.95,25-04-2024 13:30
48356.4,48408.35,48343.15,48368.15,25-04-2024 13:35
48368.2,48432.4,48358.7,48432.4,25-04-2024 13:40
48427.25,48487.3,48410.8,48461,25-04-2024 13:45
48460.95,48468.75,48436.3,48443.85,25-04-2024 13:50
48447.6,48450.8,48392.75,48401.15,25-04-2024 13:55
48401.75,48460.75,48381.6,48459.45,25-04-2024 14:00
48458.7,48537.35,48443.25,48516.65,25-04-2024 14:05
48515.5,48566.15,48509.65,48531.3,25-04-2024 14:10
48531.35,48556.7,48503.95,48503.95,25-04-2024 14:15
48511.7,48573.05,48506.1,48543.8,25-04-2024 14:20
48541.3,48577.15,48527.95,48568.1,25-04-2024 14:25
48568.45,48618.8,48528.7,48602.2,25-04-2024 14:30
48605.65,48625.45,48548.6,48559.9,25-04-2024 14:35
48560.3,48583.4,48526.9,48579.1,25-04-2024 14:40
48581.05,48581.05,48537.6,48562.75,25-04-2024 14:45
48560.95,48565.95,48536.85,48547.95,25-04-2024 14:50
48547.7,48583.8,48530.25,48563.45,25-04-2024 14:55
48569.35,48569.35,48514.95,48535.25,25-04-2024 15:00
48533.4,48538.8,48491.4,48495.35,25-04-2024 15:05
48496.35,48511.45,48481.1,48482.8,25-04-2024 15:10
48482.95,48498.05,48448.85,48449,25-04-2024 15:15
48449.25,48475.2,48435.5,48457.7,25-04-2024 15:20
48458.5,48504.55,48452.95,48497.3,25-04-2024 15:25
48660,48663.95,48466.85,48471.7,26-04-2024 09:15
48470.9,48570.8,48466.05,48552.6,26-04-2024 09:20
48548.45,48620,48525.05,48620,26-04-2024 09:25
48619.2,48623.95,48544.8,48582.9,26-04-2024 09:30
48575.6,48660.3,48570.75,48649.95,26-04-2024 09:35
48650,48679.65,48607.9,48619.5,26-04-2024 09:40
48618.35,48647.2,48576.05,48595.6,26-04-2024 09:45
48595.45,48602.4,48540.1,48583.35,26-04-2024 09:50
48584,48597,48550.15,48564.95,26-04-2024 09:55
48570.2,48571.6,48458.65,48482.85,26-04-2024 10:00
48484.05,48501.2,48411.45,48440.3,26-04-2024 10:05
48440.05,48480,48433.7,48475.3,26-04-2024 10:10
48469.9,48524.6,48439.4,48490.95,26-04-2024 10:15
48487.55,48501.8,48435.85,48450.8,26-04-2024 10:20
48446.65,48460.1,48369.75,48444.8,26-04-2024 10:25
48444,48455.15,48373.45,48377.85,26-04-2024 10:30
48375.15,48403.7,48344.85,48365.7,26-04-2024 10:35
48367.9,48419.65,48361.5,48408.95,26-04-2024 10:40
48407.5,48431.15,48388.8,48406.9,26-04-2024 10:45
48407.3,48410.05,48372.45,48401.2,26-04-2024 10:50
48403.25,48430.05,48399.35,48421.2,26-04-2024 10:55
48426.4,48442.25,48393.9,48393.9,26-04-2024 11:00
48400.8,48416.15,48352.5,48363.9,26-04-2024 11:05
48363.8,48395.25,48340.45,48388.95,26-04-2024 11:10
48388.2,48412.6,48381.35,48402.2,26-04-2024 11:15
48397.2,48425.45,48374.35,48423.55,26-04-2024 11:20
48424.4,48433.45,48400.9,48431.6,26-04-2024 11:25
48431.2,48453.6,48421.75,48431.45,26-04-2024 11:30
48432.8,48445.95,48415.65,48422.2,26-04-2024 11:35
48422.5,48439.1,48408.75,48414.85,26-04-2024 11:40
48414.85,48439.15,48409.25,48418.7,26-04-2024 11:45
48419.15,48431.1,48405.95,48419,26-04-2024 11:50
48418.55,48419.5,48374.85,48387.7,26-04-2024 11:55
48385.85,48417.95,48361.25,48408.05,26-04-2024 12:00
48407.5,48418.25,48387.2,48413,26-04-2024 12:05
48415.6,48422.8,48388.5,48400.85,26-04-2024 12:10
48399.9,48422.1,48379.05,48403.9,26-04-2024 12:15
48406.95,48431.45,48400.5,48429.55,26-04-2024 12:20
48430.2,48445.3,48415.35,48425.9,26-04-2024 12:25
48428.3,48473.65,48381.45,48467,26-04-2024 12:30
48470.05,48471.65,48436.55,48464.75,26-04-2024 12:35
48465.55,48469.55,48430.1,48451.45,26-04-2024 12:40
48451.75,48460.5,48436.6,48449.65,26-04-2024 12:45
48450,48507.45,48438.5,48506.1,26-04-2024 12:50
48503.7,48508.85,48459.45,48476.5,26-04-2024 12:55
48475.55,48499.15,48459.05,48479,26-04-2024 13:00
48480.5,48490.3,48454.4,48474.05,26-04-2024 13:05
48472.85,48508.8,48470.55,48495.75,26-04-2024 13:10
48490.3,48499,48397.65,48410.15,26-04-2024 13:15
48413.25,48446.55,48405.7,48425.75,26-04-2024 13:20
48423.55,48447.35,48318.1,48354,26-04-2024 13:25
48352.2,48356.8,48278.65,48289.45,26-04-2024 13:30
48290.45,48291.85,48251.4,48277.35,26-04-2024 13:35
48276.3,48313.5,48267.75,48286.35,26-04-2024 13:40
48288.3,48290.25,48230.55,48238.3,26-04-2024 13:45
48239.65,48268.5,48226.45,48243.7,26-04-2024 13:50
48242.55,48267,48220.45,48251.8,26-04-2024 13:55
48255.1,48272.8,48232.2,48265.75,26-04-2024 14:00
48266.5,48270.1,48231.6,48259.95,26-04-2024 14:05
48260.55,48301.45,48248.1,48288.2,26-04-2024 14:10
48293.8,48359.55,48284.9,48341.7,26-04-2024 14:15
48339.95,48344.6,48287.85,48293.85,26-04-2024 14:20
48295.45,48304,48254.95,48266.75,26-04-2024 14:25
48267,48291.95,48261,48272.05,26-04-2024 14:30
48268.45,48307.8,48264.4,48291.45,26-04-2024 14:35
48287.8,48306.1,48266.8,48288.7,26-04-2024 14:40
48285.5,48301.25,48261.85,48291.6,26-04-2024 14:45
48292.95,48302.8,48258.9,48263.2,26-04-2024 14:50
48266.55,48278.8,48239.4,48262.1,26-04-2024 14:55
48261.75,48269.35,48186.2,48220.2,26-04-2024 15:00
48221.8,48226.2,48097.45,48151.65,26-04-2024 15:05
48152,48156.45,48088.25,48154.75,26-04-2024 15:10
48155.4,48206.65,48146.55,48190.7,26-04-2024 15:15
48188.65,48289.05,48185.1,48268.05,26-04-2024 15:20
48267,48352.55,48267,48284.3,26-04-2024 15:25
48359.9,48478.75,48342.7,48406,29-04-2024 09:15
48409.7,48515.45,48401.75,48503.65,29-04-2024 09:20
48495.55,48581.8,48495.55,48574.2,29-04-2024 09:25
48574.65,48592.65,48529.8,48529.8,29-04-2024 09:30
48533.25,48555.75,48520.2,48540.65,29-04-2024 09:35
48541.3,48560.1,48494.3,48511.25,29-04-2024 09:40
48509.4,48520.15,48440.75,48441.5,29-04-2024 09:45
48438.55,48477.45,48415.5,48437.4,29-04-2024 09:50
48436.4,48466.85,48389.65,48408.05,29-04-2024 09:55
48413.05,48441.7,48382.55,48431.5,29-04-2024 10:00
48432.15,48581.4,48430.9,48540.1,29-04-2024 10:05
48542.1,48560.85,48534.25,48556.8,29-04-2024 10:10
48552.05,48667.85,48520.8,48654.05,29-04-2024 10:15
48654.25,48717.85,48635.75,48690.1,29-04-2024 10:20
48687.75,48707.85,48668.75,48696.05,29-04-2024 10:25
48699.4,48778.6,48671.7,48757.2,29-04-2024 10:30
48760.75,48765.85,48718.6,48756.05,29-04-2024 10:35
48753.1,48755.05,48710.2,48714.35,29-04-2024 10:40
48715.25,48728.65,48680.95,48709.55,29-04-2024 10:45
48705.8,48722.7,48683.45,48702.9,29-04-2024 10:50
48703.15,48734.15,48678.15,48702.5,29-04-2024 10:55
48698.85,48720.15,48676.5,48683.65,29-04-2024 11:00
48685.05,48729.5,48681.55,48716.9,29-04-2024 11:05
48718.4,48735.5,48701.75,48720.9,29-04-2024 11:10
48721.35,48830.25,48705.5,48830.25,29-04-2024 11:15
48832.35,48852.75,48803.95,48818.15,29-04-2024 11:20
48814.45,48821.7,48788,48809.85,29-04-2024 11:25
48801.95,48820.25,48792.7,48803.9,29-04-2024 11:30
48802.55,48811.5,48777.9,48799.2,29-04-2024 11:35
48798.15,48901.15,48787.6,48861.6,29-04-2024 11:40
48861.55,48885.4,48847.7,48874.65,29-04-2024 11:45
48871.8,48891.15,48859.05,48873.05,29-04-2024 11:50
48873.25,48941.05,48840.15,48915.55,29-04-2024 11:55
48910.3,48942.7,48910.3,48919.55,29-04-2024 12:00
48918.8,48979.1,48904.75,48951.25,29-04-2024 12:05
48950.3,48973.35,48933.9,48952.1,29-04-2024 12:10
48946.7,48959.15,48910.6,48939.4,29-04-2024 12:15
48940.75,48979.8,48930.1,48970.5,29-04-2024 12:20
48968.6,48976,48943.6,48966.45,29-04-2024 12:25
48962.35,48966,48919.35,48928.45,29-04-2024 12:30
48921.55,48971.9,48902.7,48955.15,29-04-2024 12:35
48953.95,49027.2,48951.65,49015,29-04-2024 12:40
49013.1,49031.85,48987.7,48998.45,29-04-2024 12:45
48996.7,49010.7,48986,49003.55,29-04-2024 12:50
48998.7,49013.1,48958.2,49009.1,29-04-2024 12:55
49011.5,49016.2,48977.7,48987.35,29-04-2024 13:00
48990.65,49008.1,48967.8,49000.8,29-04-2024 13:05
48998.5,49025.5,48978,48996.85,29-04-2024 13:10
48995.25,49016.95,48981.2,49013.95,29-04-2024 13:15
49008.95,49069.45,48999.85,49069.45,29-04-2024 13:20
49061.8,49185.7,49061.8,49157.85,29-04-2024 13:25
49167.35,49212.9,49132.4,49212.9,29-04-2024 13:30
49204,49297.3,49177.5,49281.95,29-04-2024 13:35
49275.2,49359.9,49268.35,49334.8,29-04-2024 13:40
49334.35,49345.1,49272.95,49300.5,29-04-2024 13:45
49300.2,49328.85,49264.2,49315.4,29-04-2024 13:50
49310.95,49388.6,49308.3,49378.6,29-04-2024 13:55
49375.2,49381.75,49335.3,49359.7,29-04-2024 14:00
49357.55,49362.35,49323.15,49329.75,29-04-2024 14:05
49328.65,49399.3,49315.5,49348.45,29-04-2024 14:10
49347.6,49347.6,49301.7,49330.4,29-04-2024 14:15
49331.35,49357.65,49309.5,49324,29-04-2024 14:20
49322.5,49325.9,49270.7,49284.6,29-04-2024 14:25
49286.35,49329.65,49253.75,49324.85,29-04-2024 14:30
49322.5,49358.15,49302.45,49348.85,29-04-2024 14:35
49348.9,49354.85,49310.25,49310.25,29-04-2024 14:40
49310.5,49343.35,49295.1,49335.15,29-04-2024 14:45
49333.15,49423.3,49329.3,49415.85,29-04-2024 14:50
49414.85,49468.1,49404.75,49424.35,29-04-2024 14:55
49424.2,49460.6,49395.65,49402.65,29-04-2024 15:00
49402.9,49465.1,49390.9,49459.65,29-04-2024 15:05
49458.75,49473.6,49443.85,49462.15,29-04-2024 15:10
49462.65,49464.6,49409.55,49441.95,29-04-2024 15:15
49443.3,49450.6,49364.15,49385.95,29-04-2024 15:20
49386.5,49403.55,49359.15,49380.65,29-04-2024 15:25
49477.1,49509.7,49385.8,49438.3,30-04-2024 09:15
49438.2,49468.35,49370.75,49408.4,30-04-2024 09:20
49407.15,49414.05,49354.35,49401.8,30-04-2024 09:25
49405.65,49490,49363.05,49382.4,30-04-2024 09:30
49379.7,49457.35,49372.3,49444.75,30-04-2024 09:35
49450.8,49459.95,49386.85,49395.9,30-04-2024 09:40
49397.15,49476.8,49378.2,49462.7,30-04-2024 09:45
49457.55,49612,49431.85,49591.75,30-04-2024 09:50
49594.05,49651.7,49571.45,49639.1,30-04-2024 09:55
49641.25,49672.85,49595,49612.8,30-04-2024 10:00
49616.9,49638.7,49388.35,49440.5,30-04-2024 10:05
49440.8,49537.45,49432.15,49504.45,30-04-2024 10:10
49522.15,49556.1,49497.65,49521.65,30-04-2024 10:15
49527.2,49544.45,49476.4,49500,30-04-2024 10:20
49502.55,49595.9,49485,49563.25,30-04-2024 10:25
49569.25,49584.55,49524.8,49562.8,30-04-2024 10:30
49557.8,49573.35,49532.15,49551.7,30-04-2024 10:35
49547.95,49575.15,49528.75,49558,30-04-2024 10:40
49560.95,49628.95,49551.4,49605.25,30-04-2024 10:45
49604.65,49659.05,49593.25,49649.2,30-04-2024 10:50
49647.25,49657.7,49565.65,49601.2,30-04-2024 10:55
49600.2,49611.2,49554.25,49576.25,30-04-2024 11:00
49574.05,49584,49478.9,49548.4,30-04-2024 11:05
49554.15,49595.45,49544.8,49587.65,30-04-2024 11:10
49598.35,49617.8,49564.8,49585.2,30-04-2024 11:15
49582.85,49606.95,49570.25,49602.2,30-04-2024 11:20
49596.95,49604.1,49538.5,49542.9,30-04-2024 11:25
49543.1,49554.6,49514.8,49539.55,30-04-2024 11:30
49544.9,49558,49522,49537.8,30-04-2024 11:35
49540.5,49608.7,49536.3,49576,30-04-2024 11:40
49578.1,49591.3,49505.4,49514.95,30-04-2024 11:45
49515.45,49547,49505.6,49520.7,30-04-2024 11:50
49518.05,49583.6,49511.85,49570.2,30-04-2024 11:55
49568.95,49577.55,49515.05,49523.3,30-04-2024 12:00
49523.15,49564.25,49509.9,49557.5,30-04-2024 12:05
49555.4,49578.75,49544.5,49562.6,30-04-2024 12:10
49561.2,49576.65,49536,49540.8,30-04-2024 12:15
49543.75,49546,49511.95,49518.6,30-04-2024 12:20
49519.95,49544.65,49510.95,49529.6,30-04-2024 12:25
49528.7,49574.25,49524.35,49552.6,30-04-2024 12:30
49558.2,49565.8,49536.1,49553.25,30-04-2024 12:35
49551,49554.65,49445.9,49525.25,30-04-2024 12:40
49518.95,49559.3,49518,49554.25,30-04-2024 12:45
49554.55,49566.7,49523.9,49532.55,30-04-2024 12:50
49533.55,49544,49494.05,49514.7,30-04-2024 12:55
49514.1,49555.85,49506.2,49532.1,30-04-2024 13:00
49531.9,49535.45,49451.8,49481.7,30-04-2024 13:05
49481.55,49521.5,49441.9,49463.1,30-04-2024 13:10
49466.5,49488.75,49421.2,49487.8,30-04-2024 13:15
49484.6,49508.8,49433.65,49477.65,30-04-2024 13:20
49477.05,49494.35,49458.45,49483.4,30-04-2024 13:25
49484.2,49562.2,49467.55,49482.75,30-04-2024 13:30
49486.15,49513.25,49474.1,49501.95,30-04-2024 13:35
49503.35,49528.3,49486,49517.8,30-04-2024 13:40
49519.9,49567.35,49488.85,49507.95,30-04-2024 13:45
49502.95,49528.05,49495.35,49505.05,30-04-2024 13:50
49499.2,49591.5,49499.2,49573.75,30-04-2024 13:55
49573.4,49889.55,49573.4,49848.35,30-04-2024 14:00
49845,49953.45,49834.3,49872.8,30-04-2024 14:05
49867.7,49917.45,49793,49913.2,30-04-2024 14:10
49914.35,49974.75,49892.15,49947.5,30-04-2024 14:15
49946.25,49956.6,49879.25,49919.95,30-04-2024 14:20
49917.65,49971.55,49892.6,49936.35,30-04-2024 14:25
49934.6,49954,49855.8,49925.2,30-04-2024 14:30
49923.75,49951.9,49869,49878.05,30-04-2024 14:35
49878.8,49897,49818.1,49818.1,30-04-2024 14:40
49816.1,49839.3,49651.25,49702.25,30-04-2024 14:45
49692,49712,49580.7,49673.55,30-04-2024 14:50
49679.1,49699,49609.95,49617.35,30-04-2024 14:55
49615.2,49621.45,49421.95,49448.95,30-04-2024 15:00
49438.3,49458.9,49373.3,49416.15,30-04-2024 15:05
49422.7,49457.6,49379.1,49410.25,30-04-2024 15:10
49409.1,49409.1,49283.95,49301.05,30-04-2024 15:15
49299.1,49340.2,49265.8,49277.85,30-04-2024 15:20
49276.6,49295.1,49249.9,49291.35,30-04-2024 15:25
49262,49521.3,49221.45,49465,02-05-2024 09:15
49468.65,49468.65,49370.6,49437.95,02-05-2024 09:20
49439.1,49452.1,49377.15,49411.45,02-05-2024 09:25
49410.2,49477.7,49382.5,49413.2,02-05-2024 09:30
49414,49461.8,49379.65,49391.6,02-05-2024 09:35
49390.25,49430.4,49366.4,49429.35,02-05-2024 09:40
49424.6,49465.25,49379.65,49389.6,02-05-2024 09:45
49390.6,49394.2,49292.4,49384.75,02-05-2024 09:50
49376.75,49452.7,49351.9,49426.2,02-05-2024 09:55
49421.65,49451.4,49412.9,49446.3,02-05-2024 10:00
49442.75,49522.6,49419.05,49517.8,02-05-2024 10:05
49515.85,49529.35,49457.2,49476.05,02-05-2024 10:10
49465.1,49475.65,49430.3,49440.85,02-05-2024 10:15
49439.75,49444.45,49379.65,49395.2,02-05-2024 10:20
49387.55,49416.35,49369.35,49407.2,02-05-2024 10:25
49405.9,49440.25,49381.25,49407.6,02-05-2024 10:30
49404.05,49416.85,49370.5,49385.3,02-05-2024 10:35
49383.3,49397.6,49344.45,49390.2,02-05-2024 10:40
49385.05,49392.05,49347.25,49380.25,02-05-2024 10:45
49377.6,49420.1,49355,49400.3,02-05-2024 10:50
49388.6,49414.05,49370,49390.2,02-05-2024 10:55
49383.1,49406.35,49352.35,49376.8,02-05-2024 11:00
49369.5,49382.65,49232,49263.75,02-05-2024 11:05
49260.25,49281.25,49239.3,49249.25,02-05-2024 11:10
49251.9,49275.95,49151.1,49187.6,02-05-2024 11:15
49188.7,49210.25,49123.6,49147.25,02-05-2024 11:20
49137.6,49292.8,49136.25,49292.8,02-05-2024 11:25
49287.85,49350.45,49244.05,49310.85,02-05-2024 11:30
49305.8,49330.1,49288.25,49310.3,02-05-2024 11:35
49306.95,49323.55,49247.9,49256.95,02-05-2024 11:40
49252.05,49270.8,49226.3,49264.6,02-05-2024 11:45
49259.35,49274.6,49231.45,49250.1,02-05-2024 11:50
49243.95,49248,49208.15,49227.95,02-05-2024 11:55
49226.8,49253.55,49224.2,49237.15,02-05-2024 12:00
49240.85,49263.1,49204.4,49214.45,02-05-2024 12:05
49208.05,49257.75,49197.35,49254.35,02-05-2024 12:10
49251.15,49257.55,49225.4,49233.45,02-05-2024 12:15
49229.7,49245.1,49212.6,49223.15,02-05-2024 12:20
49221.5,49292.2,49209.5,49280.8,02-05-2024 12:25
49275.75,49314.35,49270.9,49288.25,02-05-2024 12:30
49283.05,49298.5,49237.95,49248.4,02-05-2024 12:35
49244.5,49263.45,49221.5,49237.5,02-05-2024 12:40
49237.65,49261.3,49178.15,49234.6,02-05-2024 12:45
49231.1,49242.4,49193.3,49223.25,02-05-2024 12:50
49218.2,49262.5,49218.2,49237.7,02-05-2024 12:55
49239.95,49255.2,49234.1,49250,02-05-2024 13:00
49248.45,49280.9,49229.95,49276.85,02-05-2024 13:05
49276.55,49279.5,49244.6,49259,02-05-2024 13:10
49258.5,49259.75,49226.25,49247.75,02-05-2024 13:15
49252.1,49269.2,49236.95,49256.4,02-05-2024 13:20
49251.8,49313.1,49247.95,49294.85,02-05-2024 13:25
49292.55,49308.95,49275.8,49292.2,02-05-2024 13:30
49285.3,49295.75,49245.75,49283.4,02-05-2024 13:35
49282,49296.15,49265.6,49280.15,02-05-2024 13:40
49275.9,49313.55,49256,49309.7,02-05-2024 13:45
49311.05,49344.9,49300.55,49313.55,02-05-2024 13:50
49308.9,49317.55,49253.25,49273.6,02-05-2024 13:55
49265.95,49285.6,49214.6,49257.5,02-05-2024 14:00
49255.05,49303.55,49236,49288.1,02-05-2024 14:05
49286.9,49299.15,49249.35,49254.1,02-05-2024 14:10
49251.6,49275.55,49193.45,49209.1,02-05-2024 14:15
49205.95,49230.25,49182.2,49211.65,02-05-2024 14:20
49214.85,49228.35,49184.6,49205.45,02-05-2024 14:25
49205.4,49258.35,49185.3,49228.1,02-05-2024 14:30
49231.3,49234.5,49180.5,49186.1,02-05-2024 14:35
49189.7,49216.5,49174.3,49199.85,02-05-2024 14:40
49199.55,49231.85,49179.4,49187.9,02-05-2024 14:45
49191.3,49243.05,49186.15,49224.3,02-05-2024 14:50
49223,49255.4,49202.15,49202.65,02-05-2024 14:55
49202.2,49258.85,49176.75,49215.35,02-05-2024 15:00
49202.8,49261.45,49180.7,49252.6,02-05-2024 15:05
49248.85,49253.55,49216.75,49242.65,02-05-2024 15:10
49237.65,49265.6,49222.6,49255.6,02-05-2024 15:15
49251.8,49263.05,49217.85,49244.4,02-05-2024 15:20
49236.65,49261.65,49220.45,49243.55,02-05-2024 15:25
49375.05,49580.65,49373.2,49542.9,03-05-2024 09:15
49539.35,49607.75,49526.25,49582.55,03-05-2024 09:20
49579.75,49596.75,49540.6,49579.7,03-05-2024 09:25
49583.6,49588.65,49496.9,49509.45,03-05-2024 09:30
49507.45,49520.9,49440.8,49448.25,03-05-2024 09:35
49451.5,49477.95,49426.85,49469.75,03-05-2024 09:40
49469.55,49470,49422.55,49431.8,03-05-2024 09:45
49431.85,49447.75,49397.05,49425.5,03-05-2024 09:50
49426.65,49451.4,49381.9,49418.15,03-05-2024 09:55
49417.15,49438.25,49391.9,49398.85,03-05-2024 10:00
49396.25,49415,49289,49325.35,03-05-2024 10:05
49321.65,49326.9,49246.05,49253.7,03-05-2024 10:10
49253.3,49299.45,49224.25,49260.85,03-05-2024 10:15
49258.75,49279.3,49130.8,49176.75,03-05-2024 10:20
49177.35,49201.4,49149.1,49177.8,03-05-2024 10:25
49177.9,49239,49143.8,49208.65,03-05-2024 10:30
49211.45,49233.6,49112.1,49112.1,03-05-2024 10:35
49129.7,49129.9,49048.35,49109.3,03-05-2024 10:40
49113.15,49131.3,49053.7,49103.55,03-05-2024 10:45
49103.3,49152.35,49085.2,49111.05,03-05-2024 10:50
49107.55,49128.8,49022.95,49032.75,03-05-2024 10:55
49031.85,49065.7,49005.3,49042.75,03-05-2024 11:00
49040.6,49092.35,49040,49087.35,03-05-2024 11:05
49086.3,49117.25,49061.35,49096.6,03-05-2024 11:10
49093.2,49099.35,49016.35,49023.1,03-05-2024 11:15
49020.05,49047.1,48917.95,48968.95,03-05-2024 11:20
48967.95,48990.85,48937.65,48952.8,03-05-2024 11:25
48948.7,48956.65,48864.65,48879,03-05-2024 11:30
48880.45,48889.85,48816.8,48871.7,03-05-2024 11:35
48870.25,48945,48858.8,48899.85,03-05-2024 11:40
48898.85,48902.9,48845.85,48852.2,03-05-2024 11:45
48851.4,48896.05,48830.9,48892.95,03-05-2024 11:50
48888.45,48930.65,48872.8,48924.75,03-05-2024 11:55
48921.7,48974.05,48890.45,48946.65,03-05-2024 12:00
48947.45,48962.1,48903.3,48907.2,03-05-2024 12:05
48905.65,48931.7,48877,48914.45,03-05-2024 12:10
48913.3,48958.8,48899.3,48939.35,03-05-2024 12:15
48938.3,48962.95,48924.1,48945.65,03-05-2024 12:20
48947.15,48968.05,48913.7,48919.35,03-05-2024 12:25
48920.6,48947.2,48903.15,48942.15,03-05-2024 12:30
48943.4,48996.1,48933.75,48981.45,03-05-2024 12:35
48982.55,49130.75,48977.8,49119.9,03-05-2024 12:40
49118.15,49120.25,49008.2,49032.35,03-05-2024 12:45
49030.9,49030.9,48828.4,48831.85,03-05-2024 12:50
48830.4,48840.25,48757.3,48792.15,03-05-2024 12:55
48787.25,48787.25,48715.95,48736.85,03-05-2024 13:00
48727.15,48782.45,48727.15,48768.7,03-05-2024 13:05
48767.1,48783.45,48735.8,48747.95,03-05-2024 13:10
48740.3,48780.15,48723.2,48772.8,03-05-2024 13:15
48764.1,48782.7,48748.95,48762.6,03-05-2024 13:20
48760.25,48874.55,48747.85,48825.75,03-05-2024 13:25
48833.7,48858.85,48783.4,48788.8,03-05-2024 13:30
48790.65,48814.4,48659.7,48690.3,03-05-2024 13:35
48680.7,48748,48680.7,48732,03-05-2024 13:40
48734.5,48775.55,48721.55,48752.2,03-05-2024 13:45
48750.95,48785.3,48710.8,48785.3,03-05-2024 13:50
48784.2,48817.2,48750.9,48759.75,03-05-2024 13:55
48760.35,48787.15,48742.75,48771.55,03-05-2024 14:00
48768.05,48831.8,48768.05,48793.25,03-05-2024 14:05
48791.8,48842.1,48770.65,48821.6,03-05-2024 14:10
48817.05,48869.5,48787.35,48787.5,03-05-2024 14:15
48790.25,48796.35,48740.65,48759.8,03-05-2024 14:20
48758.6,48808.45,48731,48794,03-05-2024 14:25
48794.4,48827.95,48765,48818.05,03-05-2024 14:30
48822.85,48863.7,48799.7,48838.05,03-05-2024 14:35
48841.65,48871.5,48785.05,48857.2,03-05-2024 14:40
48852.65,48861.95,48785.1,48813.1,03-05-2024 14:45
48819.65,48846.45,48797.65,48830.65,03-05-2024 14:50
48827.05,48949.55,48827.05,48925,03-05-2024 14:55
48925.05,48941.15,48854.35,48912.5,03-05-2024 15:00
48912.6,48920.8,48867.55,48885.1,03-05-2024 15:05
48890.1,48948.05,48887.2,48940.9,03-05-2024 15:10
48939.2,48997.25,48928.45,48944.6,03-05-2024 15:15
48945.15,48963.1,48906.25,48921.6,03-05-2024 15:20
48923.35,48938.2,48853.9,48877.85,03-05-2024 15:25
49174.55,49181.45,48943.5,48955.3,06-05-2024 09:15
48948.1,49061.65,48909.9,49057.35,06-05-2024 09:20
49053.3,49192.1,49052.95,49192.1,06-05-2024 09:25
49192.9,49252.65,49148.75,49173.3,06-05-2024 09:30
49174.95,49177.6,48984.35,48993.95,06-05-2024 09:35
48998.7,49105.65,48874.65,49098.55,06-05-2024 09:40
49090.7,49097.5,48976.25,49017.05,06-05-2024 09:45
49016.8,49118.7,49007.7,49101.3,06-05-2024 09:50
49099.45,49131.7,49045.85,49056.2,06-05-2024 09:55
49054.25,49116.9,49028.9,49102.5,06-05-2024 10:00
49104.9,49120.15,49060.45,49092.35,06-05-2024 10:05
49081.5,49121.55,49061,49103.8,06-05-2024 10:10
49107.5,49107.7,49026.05,49075.5,06-05-2024 10:15
49075.5,49131.2,49044.85,49117.35,06-05-2024 10:20
49114.5,49199.5,49097.35,49183.7,06-05-2024 10:25
49182,49193.8,49133.15,49174.45,06-05-2024 10:30
49177.5,49184.4,49120.9,49161.9,06-05-2024 10:35
49158.15,49188.35,49147.4,49164,06-05-2024 10:40
49161.75,49170.55,49129.1,49156.3,06-05-2024 10:45
49150.9,49165.85,49133,49156.65,06-05-2024 10:50
49157.1,49231.6,49148.8,49196.15,06-05-2024 10:55
49196.05,49210,49161.2,49179.6,06-05-2024 11:00
49177.85,49212.25,49148.65,49158.1,06-05-2024 11:05
49162.7,49164.1,49090.75,49094.8,06-05-2024 11:10
49094.45,49137.85,49090.35,49128.35,06-05-2024 11:15
49123.9,49140.95,49032.95,49050.1,06-05-2024 11:20
49046.95,49071.35,49018.2,49069.1,06-05-2024 11:25
49068.5,49069.75,49014.85,49036.85,06-05-2024 11:30
49031.9,49062.8,49022.15,49029.35,06-05-2024 11:35
49026,49058.15,49018.4,49042.3,06-05-2024 11:40
49041.1,49053.25,49015.4,49051.4,06-05-2024 11:45
49051.9,49076,49042.65,49062.3,06-05-2024 11:50
49060.65,49110.75,49042.25,49105.8,06-05-2024 11:55
49105,49107.25,49066.9,49095.15,06-05-2024 12:00
49096.75,49101.7,49061.5,49090.6,06-05-2024 12:05
49087.3,49102.1,49062.35,49080.8,06-05-2024 12:10
49079.5,49091.15,49045.65,49060.5,06-05-2024 12:15
49055.7,49062.55,49030.8,49044.4,06-05-2024 12:20
49045.65,49047.45,48945,48970.2,06-05-2024 12:25
48969.8,48993,48928,48967.7,06-05-2024 12:30
48966.8,48997.2,48944.7,48991.7,06-05-2024 12:35
48991.3,48996.75,48940.55,48967.8,06-05-2024 12:40
48967.8,48976.2,48891.45,48926.25,06-05-2024 12:45
48928.1,48929.8,48863.8,48916.3,06-05-2024 12:50
48916.2,48972.7,48903.6,48928.15,06-05-2024 12:55
48926.1,48951.45,48906.85,48948.35,06-05-2024 13:00
48948.95,48981.25,48919.25,48921.8,06-05-2024 13:05
48922.1,48942.45,48897.9,48900.3,06-05-2024 13:10
48900.55,48937.6,48891.7,48933.7,06-05-2024 13:15
48932.35,48934.75,48888.75,48906.45,06-05-2024 13:20
48905.3,48919.7,48840.9,48848.7,06-05-2024 13:25
48850.7,48882.15,48821.1,48872.45,06-05-2024 13:30
48872.75,48929.1,48862.9,48909.9,06-05-2024 13:35
48910.05,48955.6,48890.9,48945.85,06-05-2024 13:40
48946.9,48950.7,48913.85,48925.4,06-05-2024 13:45
48925.2,48943.85,48897.25,48908.75,06-05-2024 13:50
48917.3,48929.3,48884.05,48891.45,06-05-2024 13:55
48892.65,48924.8,48868.95,48922.55,06-05-2024 14:00
48922.55,48940.7,48854.6,48871.5,06-05-2024 14:05
48870.3,48896.7,48834.25,48841.35,06-05-2024 14:10
48835.3,48898.65,48829.35,48894.7,06-05-2024 14:15
48896.9,48945.75,48896.55,48912.8,06-05-2024 14:20
48913,48920.6,48865.9,48878.45,06-05-2024 14:25
48876.55,48889.65,48784,48811.25,06-05-2024 14:30
48811.5,48858.45,48795.35,48856.45,06-05-2024 14:35
48857.6,48891.8,48847.95,48888.55,06-05-2024 14:40
48889.4,49010.45,48870.6,48983.75,06-05-2024 14:45
48991.5,48994.2,48925.35,48938.35,06-05-2024 14:50
48938.4,48966.2,48895.75,48901.1,06-05-2024 14:55
48897.1,48917.1,48862.45,48900.65,06-05-2024 15:00
48901.85,48913.9,48876.4,48904.7,06-05-2024 15:05
48907.05,48926.7,48877.2,48898,06-05-2024 15:10
48897.35,48908.8,48874.25,48878.9,06-05-2024 15:15
48880.25,48908.2,48876.9,48895.15,06-05-2024 15:20
48897.3,48954.7,48880,48931.85,06-05-2024 15:25
48965.05,49023.5,48909.55,48913.85,07-05-2024 09:15
48917.7,48986.35,48875.35,48948.8,07-05-2024 09:20
48950.45,48983.9,48931.8,48975.95,07-05-2024 09:25
48970.85,48975.7,48804.45,48885.2,07-05-2024 09:30
48885.1,48885.1,48854.75,48864.8,07-05-2024 09:35
48865.55,48905.65,48840.55,48872.3,07-05-2024 09:40
48872.8,48911.2,48746.95,48761.3,07-05-2024 09:45
48760.35,48790.4,48692,48695.05,07-05-2024 09:50
48697.35,48720.95,48640.6,48650.6,07-05-2024 09:55
48647.2,48650.1,48522.55,48555.9,07-05-2024 10:00
48549.7,48607.75,48534.55,48594.65,07-05-2024 10:05
48600.55,48626.55,48546.15,48598.05,07-05-2024 10:10
48598.2,48609.6,48499.8,48540.95,07-05-2024 10:15
48539.1,48548.6,48487.7,48515.05,07-05-2024 10:20
48513.5,48516.95,48441.75,48508.1,07-05-2024 10:25
48505.35,48545.05,48411.55,48416.3,07-05-2024 10:30
48417.4,48446.05,48395.1,48437.55,07-05-2024 10:35
48436.1,48452.6,48399.9,48414.85,07-05-2024 10:40
48411.85,48427.4,48378.15,48400.5,07-05-2024 10:45
48400.1,48420.7,48360.75,48389,07-05-2024 10:50
48388.15,48465,48385.2,48447.8,07-05-2024 10:55
48447.6,48460.55,48409.35,48412.05,07-05-2024 11:00
48412.2,48451.9,48366.85,48425.2,07-05-2024 11:05
48427.1,48432.4,48373.6,48376.9,07-05-2024 11:10
48378.6,48379.45,48312.55,48350.4,07-05-2024 11:15
48352.15,48355.8,48313.55,48320.55,07-05-2024 11:20
48319.25,48332.6,48290.1,48322.15,07-05-2024 11:25
48321.95,48328.55,48285.4,48293.9,07-05-2024 11:30
48293.15,48306.8,48230.4,48254.65,07-05-2024 11:35
48252.15,48308.3,48252.15,48291.65,07-05-2024 11:40
48293.2,48334.55,48276.4,48297.7,07-05-2024 11:45
48300.1,48330.5,48287.8,48311.15,07-05-2024 11:50
48319.65,48345.1,48268.1,48272.95,07-05-2024 11:55
48270.4,48290.2,48238.3,48286.8,07-05-2024 12:00
48280.3,48290.25,48256.45,48259.35,07-05-2024 12:05
48262.55,48295.4,48251.95,48286.1,07-05-2024 12:10
48280.9,48326.9,48268.85,48308.8,07-05-2024 12:15
48314.8,48342.25,48289.7,48332.05,07-05-2024 12:20
48333.05,48338.05,48296.55,48302.55,07-05-2024 12:25
48302.9,48313.75,48276.1,48283.1,07-05-2024 12:30
48282,48287.95,48222.2,48257.85,07-05-2024 12:35
48256.5,48276.55,48241.7,48257.2,07-05-2024 12:40
48254.55,48295.8,48247.25,48289.05,07-05-2024 12:45
48287.05,48303.35,48254.3,48264.1,07-05-2024 12:50
48265.65,48312.7,48252.3,48304.5,07-05-2024 12:55
48304.7,48316.1,48286.2,48297.1,07-05-2024 13:00
48296.75,48313.05,48281.2,48312.05,07-05-2024 13:05
48313.5,48345.3,48297.05,48299.7,07-05-2024 13:10
48300.05,48319.35,48291.85,48311,07-05-2024 13:15
48313.15,48385.75,48306.85,48341.25,07-05-2024 13:20
48340.8,48369.55,48325.85,48358,07-05-2024 13:25
48355.7,48429.75,48324.1,48393.8,07-05-2024 13:30
48395.1,48457.45,48393.45,48438.9,07-05-2024 13:35
48438,48447.45,48416.85,48434.35,07-05-2024 13:40
48432.9,48444.6,48405.9,48423.5,07-05-2024 13:45
48424.1,48424.1,48368.35,48395.7,07-05-2024 13:50
48396.35,48421,48377.5,48384.9,07-05-2024 13:55
48384.5,48433.9,48375.2,48424.3,07-05-2024 14:00
48426.15,48427.6,48381.4,48414.5,07-05-2024 14:05
48413.75,48413.75,48367.4,48393.9,07-05-2024 14:10
48390.4,48397,48366.5,48383.65,07-05-2024 14:15
48384.55,48399,48317,48333.05,07-05-2024 14:20
48335.55,48336.7,48257.05,48262.95,07-05-2024 14:25
48264.35,48332.05,48260.75,48324.15,07-05-2024 14:30
48325.45,48368.15,48305.95,48367.75,07-05-2024 14:35
48369.75,48390.25,48346.55,48349.8,07-05-2024 14:40
48349.3,48363.45,48328.9,48344.7,07-05-2024 14:45
48353.35,48372.95,48332.2,48336.2,07-05-2024 14:50
48335.4,48358.5,48321.15,48331.05,07-05-2024 14:55
48331.1,48357.55,48296.85,48298.2,07-05-2024 15:00
48301.4,48312.6,48213.75,48255.5,07-05-2024 15:05
48251.35,48314.45,48251.35,48305.3,07-05-2024 15:10
48309.9,48352,48284.3,48303.35,07-05-2024 15:15
48313,48320.55,48260.4,48290.45,07-05-2024 15:20
48288.15,48299.2,48249.4,48275.6,07-05-2024 15:25
48124.2,48196.3,48083.2,48196.3,08-05-2024 09:15
48193.6,48223.05,48121,48121,08-05-2024 09:20
48121.85,48186.4,48038.45,48055.35,08-05-2024 09:25
48056.95,48181,48052.55,48152,08-05-2024 09:30
48157.75,48166.05,48090.15,48152.75,08-05-2024 09:35
48155.15,48181,48052.5,48179.5,08-05-2024 09:40
48180.5,48198.95,48103.5,48110.05,08-05-2024 09:45
48115.35,48139.15,48071.35,48075.05,08-05-2024 09:50
48074.85,48140.05,48064.95,48117.15,08-05-2024 09:55
48122,48136.05,48045.65,48055.1,08-05-2024 10:00
48058.4,48138.85,48051.6,48129.2,08-05-2024 10:05
48132.65,48134.9,48073.75,48100.6,08-05-2024 10:10
48108,48108,48055.8,48087.15,08-05-2024 10:15
48088.9,48094.15,47881.85,47934.3,08-05-2024 10:20
47922.7,47950.8,47867.8,47903.9,08-05-2024 10:25
47906.2,47924.85,47851.15,47908.35,08-05-2024 10:30
47904.95,47941.85,47893,47933.6,08-05-2024 10:35
47931.45,47963.2,47906.9,47919.95,08-05-2024 10:40
47918.7,47941.05,47904.8,47925.2,08-05-2024 10:45
47926.1,47938.6,47904.55,47931.55,08-05-2024 10:50
47928.25,48042,47925.35,47988.65,08-05-2024 10:55
47986.35,47991.35,47938,47952.65,08-05-2024 11:00
47956.45,48017.85,47939.7,47978.45,08-05-2024 11:05
47979.05,47997.5,47950.7,47951.35,08-05-2024 11:10
47951.9,48158.7,47948.25,48158.7,08-05-2024 11:15
48153.85,48171.15,48067.2,48073.3,08-05-2024 11:20
48074.1,48079.3,47944.65,47988.25,08-05-2024 11:25
47990.4,48031.9,47972.75,48014.2,08-05-2024 11:30
48016.1,48042,47993.95,48021.6,08-05-2024 11:35
48022,48032.4,47988.5,48017.95,08-05-2024 11:40
48020.4,48117.5,48007.45,48089.9,08-05-2024 11:45
48087.8,48109.7,48031.15,48043.6,08-05-2024 11:50
48049.35,48080.55,48039.75,48076.2,08-05-2024 11:55
48074.4,48082.2,48039.5,48061.25,08-05-2024 12:00
48056.8,48106.05,48055.45,48089.55,08-05-2024 12:05
48090.85,48115.75,48069.35,48084.15,08-05-2024 12:10
48085.75,48134.3,48067.35,48128.25,08-05-2024 12:15
48128.35,48144.6,48084.15,48091.65,08-05-2024 12:20
48093.15,48097,48038.9,48068.45,08-05-2024 12:25
48069.4,48104.4,48057.35,48061.8,08-05-2024 12:30
48066.85,48101.5,48055.4,48080.55,08-05-2024 12:35
48078.2,48107.95,48074.6,48081.4,08-05-2024 12:40
48078.15,48111.75,48075.45,48108.5,08-05-2024 12:45
48105.5,48162.85,48092.45,48131.45,08-05-2024 12:50
48134.95,48159.95,48108.4,48119.65,08-05-2024 12:55
48124.35,48143.8,48071.75,48087.75,08-05-2024 13:00
48088.95,48129.85,48088.9,48110.25,08-05-2024 13:05
48113.65,48121.65,48094.1,48106.45,08-05-2024 13:10
48103.65,48153.9,48102.9,48146.25,08-05-2024 13:15
48141.5,48173.3,48104.7,48159.95,08-05-2024 13:20
48161.8,48173.65,48135.85,48143.95,08-05-2024 13:25
48145.05,48166.05,48128.95,48141.5,08-05-2024 13:30
48142.45,48148.5,48003.45,48071.35,08-05-2024 13:35
48073.7,48118.2,48054.45,48067.05,08-05-2024 13:40
48066.45,48076.25,47984.85,48019.4,08-05-2024 13:45
48016.6,48046.8,47991.4,48027.6,08-05-2024 13:50
48028,48076.35,48004.5,48016.25,08-05-2024 13:55
48016.95,48063.25,48016.15,48044.9,08-05-2024 14:00
48043.1,48048.25,47998.35,48006.3,08-05-2024 14:05
48005.2,48042.55,47973.55,48020.5,08-05-2024 14:10
48020,48033.6,47979.05,47981.65,08-05-2024 14:15
47984.25,48016.65,47959.15,48012.65,08-05-2024 14:20
48012,48046.45,47995,48016.2,08-05-2024 14:25
48016.15,48038.65,48000.25,48021.15,08-05-2024 14:30
48022.35,48035.25,47986.95,47991.5,08-05-2024 14:35
47992.55,48056.7,47991.5,48047.5,08-05-2024 14:40
48050.75,48081.3,48008.1,48061.9,08-05-2024 14:45
48069.55,48090.45,48028.8,48042,08-05-2024 14:50
48044.2,48048.2,48012.7,48040.8,08-05-2024 14:55
48041.85,48054,47982.9,47998.1,08-05-2024 15:00
47997.35,48012.3,47967.9,47972.6,08-05-2024 15:05
47973.15,48037.85,47961.6,48017.9,08-05-2024 15:10
48016.7,48029.25,47992.45,48011.6,08-05-2024 15:15
48008.4,48088.05,48005.6,48084.95,08-05-2024 15:20
48076.65,48105.5,48057.85,48101.6,08-05-2024 15:25
47976.35,48258.65,47964.85,48219.25,09-05-2024 09:15
48214.65,48214.65,48143.75,48189.6,09-05-2024 09:20
48195.05,48195.05,48103.3,48103.3,09-05-2024 09:25
48108.45,48171.45,48105.75,48141.3,09-05-2024 09:30
48141.7,48166.05,48058.1,48102.65,09-05-2024 09:35
48104.9,48122.05,48078.85,48107.9,09-05-2024 09:40
48111.15,48126.75,48042,48067.15,09-05-2024 09:45
48065.8,48173.45,48059.3,48128.7,09-05-2024 09:50
48129.5,48145.3,48047.75,48048.55,09-05-2024 09:55
48049.25,48109.6,48049.25,48103.7,09-05-2024 10:00
48105.65,48146.4,48099,48109.05,09-05-2024 10:05
48109,48120.15,47986.65,47992.45,09-05-2024 10:10
47987.55,48024.55,47944.35,47974,09-05-2024 10:15
47975.3,47977.15,47864.7,47877.65,09-05-2024 10:20
47877.65,47893.95,47822.15,47842.45,09-05-2024 10:25
47842.7,47910.15,47834.05,47909.8,09-05-2024 10:30
47906.2,47920.6,47867.3,47883.5,09-05-2024 10:35
47882.65,47899.65,47833.8,47841.75,09-05-2024 10:40
47841.85,47864.15,47821.95,47837.9,09-05-2024 10:45
47842.3,47883.55,47839.15,47841.7,09-05-2024 10:50
47844.4,47907.35,47832.6,47887.85,09-05-2024 10:55
47886.3,47887.55,47837.1,47844.45,09-05-2024 11:00
47840.75,47848.45,47764,47813.35,09-05-2024 11:05
47811.4,47816.8,47774.8,47778.25,09-05-2024 11:10
47775.55,47799.8,47734.6,47741.05,09-05-2024 11:15
47740.85,47772.95,47687.2,47687.2,09-05-2024 11:20
47687.4,47737.4,47661.05,47717.15,09-05-2024 11:25
47720.25,47762.8,47693.8,47750.45,09-05-2024 11:30
47751.3,47776.65,47726.7,47767.05,09-05-2024 11:35
47768.1,47789.55,47747.75,47775.4,09-05-2024 11:40
47777.25,47845.85,47773.4,47821.85,09-05-2024 11:45
47820.9,47868.45,47803.35,47811.15,09-05-2024 11:50
47811.9,47834.55,47797.75,47823.8,09-05-2024 11:55
47823.05,47833.4,47790,47816.75,09-05-2024 12:00
47816.75,47840.85,47806.7,47814.65,09-05-2024 12:05
47815.65,47865.85,47804,47849.75,09-05-2024 12:10
47850.65,47910.95,47838.95,47896.8,09-05-2024 12:15
47896.35,47907.1,47860.2,47875.65,09-05-2024 12:20
47875.65,47877,47825.75,47835.85,09-05-2024 12:25
47835.05,47846.5,47817.95,47845.05,09-05-2024 12:30
47842.35,47885.3,47818.1,47822.9,09-05-2024 12:35
47826.45,47839.5,47804.3,47827.65,09-05-2024 12:40
47829.45,47844.1,47732.55,47753.05,09-05-2024 12:45
47755.75,47757.3,47662.5,47677.9,09-05-2024 12:50
47678.1,47680.1,47615.7,47627.2,09-05-2024 12:55
47625.95,47701.45,47624.2,47696.9,09-05-2024 13:00
47699.35,47705.9,47655.25,47657.7,09-05-2024 13:05
47656,47699.95,47645.45,47687.25,09-05-2024 13:10
47685.5,47708.9,47668.3,47680.9,09-05-2024 13:15
47681,47686.15,47643.65,47651.55,09-05-2024 13:20
47651.4,47744.5,47651.4,47740.3,09-05-2024 13:25
47738.35,47746.1,47703.3,47715.35,09-05-2024 13:30
47718.7,47770.75,47705.9,47761.75,09-05-2024 13:35
47761.55,47777.3,47719.3,47731,09-05-2024 13:40
47734.2,47892.25,47726.15,47851.5,09-05-2024 13:45
47851.25,47858.95,47708.9,47720.1,09-05-2024 13:50
47723.85,47742.85,47649.8,47662.85,09-05-2024 13:55
47665.35,47735.3,47609.65,47732.65,09-05-2024 14:00
47734.8,47811.25,47685.05,47802.75,09-05-2024 14:05
47801.95,47815.8,47759.15,47783.35,09-05-2024 14:10
47776.8,47806,47731.85,47755.6,09-05-2024 14:15
47750.3,47800.4,47722.9,47733.8,09-05-2024 14:20
47729.55,47780.9,47713.65,47727.55,09-05-2024 14:25
47732.2,47742.3,47685.5,47697.65,09-05-2024 14:30
47706.55,47727.75,47649.75,47672.8,09-05-2024 14:35
47675.1,47683.2,47513.45,47534.95,09-05-2024 14:40
47539.2,47603.6,47515.6,47556.35,09-05-2024 14:45
47557.9,47642.75,47557.9,47595.15,09-05-2024 14:50
47594.35,47618.45,47562.55,47583.2,09-05-2024 14:55
47582.6,47584.8,47472.85,47506.55,09-05-2024 15:00
47509.5,47513.5,47465.2,47486.05,09-05-2024 15:05
47488.75,47525.75,47460.75,47465.75,09-05-2024 15:10
47469.5,47502.05,47440.65,47486.9,09-05-2024 15:15
47488,47520.3,47454.35,47468.05,09-05-2024 15:20
47469.75,47516.65,47464.8,47515.45,09-05-2024 15:25
47555.5,47585.55,47362.7,47369.3,10-05-2024 09:15
47375.45,47530.8,47370.1,47530.8,10-05-2024 09:20
47528.6,47620.1,47509.6,47620.1,10-05-2024 09:25
47616.9,47644.85,47553.95,47563.8,10-05-2024 09:30
47556.05,47622.55,47526.5,47570.05,10-05-2024 09:35
47569.7,47669.6,47531.6,47646.7,10-05-2024 09:40
47646.45,47667.9,47586.4,47616.05,10-05-2024 09:45
47613.65,47689.6,47569.5,47671.35,10-05-2024 09:50
47672.25,47732.1,47660.8,47724.8,10-05-2024 09:55
47723,47823.05,47723,47799.65,10-05-2024 10:00
47800.2,47868.7,47783.8,47822.85,10-05-2024 10:05
47827.5,47837.9,47777.45,47790.85,10-05-2024 10:10
47791.95,47824.6,47759.95,47783.5,10-05-2024 10:15
47784.55,47785.05,47668.2,47707.35,10-05-2024 10:20
47704.2,47737.8,47684.5,47701.05,10-05-2024 10:25
47705.3,47727.85,47639.25,47721.65,10-05-2024 10:30
47720.1,47777.45,47715.6,47759.45,10-05-2024 10:35
47760.35,47774.5,47726.4,47747.45,10-05-2024 10:40
47742.15,47746.95,47639.6,47652.55,10-05-2024 10:45
47652.65,47666.75,47563.2,47601.2,10-05-2024 10:50
47599.05,47633.7,47583.9,47621.35,10-05-2024 10:55
47617.4,47642.8,47597.3,47627.1,10-05-2024 11:00
47626.65,47692.75,47626.65,47677.45,10-05-2024 11:05
47675,47687.75,47647.15,47673,10-05-2024 11:10
47672.45,47707.5,47657.55,47707.5,10-05-2024 11:15
47705.1,47774.6,47687.45,47772.5,10-05-2024 11:20
47772.7,47777.15,47710.7,47739.2,10-05-2024 11:25
47740.7,47750.4,47698.2,47735.65,10-05-2024 11:30
47736,47742.75,47666.4,47694.15,10-05-2024 11:35
47691.35,47696.8,47673.55,47690.65,10-05-2024 11:40
47690.8,47696.2,47648.5,47663.4,10-05-2024 11:45
47663.2,47698.65,47631,47641.15,10-05-2024 11:50
47641.6,47657.8,47601.65,47644.55,10-05-2024 11:55
47644.35,47679.25,47638.35,47661.65,10-05-2024 12:00
47659.1,47703.3,47631.5,47698.6,10-05-2024 12:05
47697.3,47703.8,47640.55,47651.85,10-05-2024 12:10
47650.5,47670.9,47604.1,47640.7,10-05-2024 12:15
47642.95,47659.55,47610.45,47610.45,10-05-2024 12:20
47612.15,47617.85,47548.1,47608.1,10-05-2024 12:25
47610.35,47647.6,47605.5,47612.05,10-05-2024 12:30
47608.9,47625.6,47576.9,47580.6,10-05-2024 12:35
47584.7,47600.1,47559.7,47569.05,10-05-2024 12:40
47568.75,47571.4,47429.05,47480.2,10-05-2024 12:45
47482.2,47498.95,47450.45,47457.1,10-05-2024 12:50
47457.75,47481.75,47382.9,47391.6,10-05-2024 12:55
47388.1,47441.45,47313.35,47418.95,10-05-2024 13:00
47414.2,47463.2,47391.95,47412.1,10-05-2024 13:05
47410.65,47439.25,47402.05,47430.45,10-05-2024 13:10
47426.65,47453.8,47399.3,47402.45,10-05-2024 13:15
47397.65,47459.6,47387.35,47430.25,10-05-2024 13:20
47425.5,47480.15,47415.45,47476.15,10-05-2024 13:25
47473.7,47553.75,47462.85,47519.1,10-05-2024 13:30
47511.7,47517,47464.4,47511.4,10-05-2024 13:35
47512.5,47550.45,47499.35,47541.35,10-05-2024 13:40
47541.6,47549.9,47499.5,47542.4,10-05-2024 13:45
47541.5,47592.55,47537.55,47567.7,10-05-2024 13:50
47567.05,47574.9,47530.15,47571.55,10-05-2024 13:55
47571.45,47574.75,47489.25,47491.75,10-05-2024 14:00
47489.6,47515.5,47473.25,47511,10-05-2024 14:05
47509.95,47511.1,47444.55,47479.9,10-05-2024 14:10
47479.15,47515.65,47441.1,47467.65,10-05-2024 14:15
47465.45,47485.4,47443.05,47458.3,10-05-2024 14:20
47456.95,47464.5,47431.9,47439.25,10-05-2024 14:25
47437.2,47475.7,47414.95,47421.6,10-05-2024 14:30
47422.25,47426.85,47362.75,47392.55,10-05-2024 14:35
47391,47441.4,47379.85,47432.5,10-05-2024 14:40
47433.05,47466.25,47400.95,47414.4,10-05-2024 14:45
47411.1,47450.95,47394.6,47445.45,10-05-2024 14:50
47445.45,47454.05,47404.35,47415.55,10-05-2024 14:55
47414.8,47502.5,47414.8,47436.7,10-05-2024 15:00
47436.9,47468.65,47406.85,47440.1,10-05-2024 15:05
47437.75,47453.4,47392,47424.05,10-05-2024 15:10
47426.8,47453.75,47420.2,47445.5,10-05-2024 15:15
47450.1,47455.25,47423.55,47440.55,10-05-2024 15:20
47440.25,47453.15,47411.15,47440.85,10-05-2024 15:25
47389.8,47508.55,47350.65,47391.3,13-05-2024 09:15
47398.15,47407.95,47255.15,47288.6,13-05-2024 09:20
47287.85,47329.6,47237.05,47254.8,13-05-2024 09:25
47250.55,47283.65,47176,47188.3,13-05-2024 09:30
47185,47216.25,47164.15,47168.75,13-05-2024 09:35
47168,47190.95,47080.8,47102.25,13-05-2024 09:40
47104.45,47152.5,47104.45,47137.4,13-05-2024 09:45
47134.1,47137.2,47088.3,47109.6,13-05-2024 09:50
47109.45,47123.35,47044.85,47052.45,13-05-2024 09:55
47051.8,47075.25,47021.9,47053.75,13-05-2024 10:00
47051.9,47120.9,47045.15,47118.5,13-05-2024 10:05
47111.8,47131.2,47082.25,47128.05,13-05-2024 10:10
47126.35,47126.55,47033.7,47054.55,13-05-2024 10:15
47054.55,47061.4,47005.05,47060.4,13-05-2024 10:20
47057.65,47089.75,47053.5,47072,13-05-2024 10:25
47073.7,47079.2,47024.9,47036.3,13-05-2024 10:30
47035,47063.25,46992.6,46997.5,13-05-2024 10:35
46995.95,47023.05,46983.25,47021.1,13-05-2024 10:40
47021,47063.2,47002.3,47062.7,13-05-2024 10:45
47065.35,47115.35,47033.5,47100.85,13-05-2024 10:50
47106.95,47108.45,47048.5,47073.75,13-05-2024 10:55
47071.85,47097.3,47046.15,47075.15,13-05-2024 11:00
47069.25,47194.65,47069.25,47160.9,13-05-2024 11:05
47164.85,47170.85,47120.8,47133.6,13-05-2024 11:10
47132.55,47202.35,47129.7,47181.75,13-05-2024 11:15
47184.2,47207.1,47151.65,47151.65,13-05-2024 11:20
47151.95,47188.65,47151.95,47176.75,13-05-2024 11:25
47175.85,47296.2,47175.85,47286.1,13-05-2024 11:30
47284.8,47339.55,47277.2,47306.05,13-05-2024 11:35
47307.2,47321.95,47280,47281.75,13-05-2024 11:40
47282.65,47283.1,47216.8,47226.3,13-05-2024 11:45
47230.9,47298.9,47228.4,47293,13-05-2024 11:50
47287.65,47295.7,47261.6,47281.1,13-05-2024 11:55
47279.95,47316.6,47272.6,47308.7,13-05-2024 12:00
47310.05,47316.9,47273.3,47279.2,13-05-2024 12:05
47282.1,47319.5,47267.55,47313.15,13-05-2024 12:10
47313.9,47337.1,47298.5,47311.75,13-05-2024 12:15
47313.7,47363.45,47311.25,47353.4,13-05-2024 12:20
47351.65,47453.35,47337.6,47442.3,13-05-2024 12:25
47441.05,47491.75,47422.15,47469.9,13-05-2024 12:30
47472.45,47508.3,47459.65,47494.2,13-05-2024 12:35
47480.25,47520.15,47443,47454.7,13-05-2024 12:40
47455.2,47464.15,47391.15,47437.2,13-05-2024 12:45
47437.5,47445.1,47391.7,47427.4,13-05-2024 12:50
47428.75,47459.75,47428.75,47452,13-05-2024 12:55
47453.7,47465.85,47417.7,47419.4,13-05-2024 13:00
47418.2,47452.8,47416.95,47445.65,13-05-2024 13:05
47445.35,47485.2,47440.3,47470.95,13-05-2024 13:10
47471.35,47494.3,47445.95,47446.65,13-05-2024 13:15
47450,47454.05,47300.55,47304.4,13-05-2024 13:20
47313.3,47342.25,47278.2,47290.1,13-05-2024 13:25
47291.35,47293.5,47156.6,47177.6,13-05-2024 13:30
47179.7,47227.3,47155.65,47206.75,13-05-2024 13:35
47208.95,47245.75,47187.9,47238.3,13-05-2024 13:40
47241.45,47353,47214.35,47348.25,13-05-2024 13:45
47354.4,47673.75,47348.6,47668.45,13-05-2024 13:50
47671.55,47756.9,47617.65,47756.9,13-05-2024 13:55
47759.9,47774.35,47682.25,47707.4,13-05-2024 14:00
47704.95,47765.05,47675.45,47684.1,13-05-2024 14:05
47684.4,47728.8,47663.8,47720.75,13-05-2024 14:10
47721.5,47827.85,47721.5,47752.35,13-05-2024 14:15
47748.15,47756.8,47665.4,47702.65,13-05-2024 14:20
47704.75,47716.45,47662.7,47715.55,13-05-2024 14:25
47713.85,47780.6,47684.5,47684.5,13-05-2024 14:30
47693.75,47761.75,47677.85,47723.45,13-05-2024 14:35
47724.8,47785.5,47679.9,47740.95,13-05-2024 14:40
47735.65,47774.85,47713.35,47754.15,13-05-2024 14:45
47751.2,47797.8,47737.55,47754.35,13-05-2024 14:50
47751.6,47831.65,47731.25,47788.3,13-05-2024 14:55
47788.75,47822.15,47686.05,47752.55,13-05-2024 15:00
47751.25,47803.65,47691.2,47732.25,13-05-2024 15:05
47732.55,47757.3,47720.4,47727.45,13-05-2024 15:10
47728.55,47794.5,47714.55,47776.9,13-05-2024 15:15
47776.85,47809.1,47776.85,47799.15,13-05-2024 15:20
47804.65,47841.6,47774.85,47784.9,13-05-2024 15:25
47763.5,47908.95,47744,47905.35,14-05-2024 09:15
47905.9,47905.9,47665.95,47699.25,14-05-2024 09:20
47699.45,47775.05,47607.85,47735.4,14-05-2024 09:25
47734.55,47784.25,47674.25,47750.25,14-05-2024 09:30
47746.2,47783.4,47707.85,47754.4,14-05-2024 09:35
47757.75,47768.15,47698.25,47726,14-05-2024 09:40
47726.95,47726.95,47634.3,47661.3,14-05-2024 09:45
47665.5,47674.75,47610.45,47639.65,14-05-2024 09:50
47644.7,47885.8,47618.4,47771.05,14-05-2024 09:55
47773.85,47784.65,47652.15,47683.8,14-05-2024 10:00
47684.15,47709.8,47632.7,47678.45,14-05-2024 10:05
47681,47691.8,47625,47666.05,14-05-2024 10:10
47666,47718.6,47662.4,47705.1,14-05-2024 10:15
47702,47713.75,47677.3,47686.95,14-05-2024 10:20
47686.5,47777.8,47657.6,47769.4,14-05-2024 10:25
47767.95,47803.7,47733.7,47761.5,14-05-2024 10:30
47759.75,47765.6,47730,47756.8,14-05-2024 10:35
47756.35,47809.65,47735.65,47809.15,14-05-2024 10:40
47811.85,47818.8,47771.75,47781.05,14-05-2024 10:45
47781.3,47783.2,47716.7,47727.25,14-05-2024 10:50
47732.25,47768.4,47724.65,47745.35,14-05-2024 10:55
47744.3,47782.1,47737.85,47775.4,14-05-2024 11:00
47775.25,47814.2,47766.25,47785.8,14-05-2024 11:05
47784.95,47828.6,47775.8,47812.7,14-05-2024 11:10
47810.6,47821.9,47773.1,47805.25,14-05-2024 11:15
47806.15,47829.2,47787.25,47811.05,14-05-2024 11:20
47808.95,47823.15,47765.1,47782.15,14-05-2024 11:25
47779.55,47796.15,47721.35,47756.25,14-05-2024 11:30
47755.1,47803.05,47751.4,47791.2,14-05-2024 11:35
47788.8,47813.4,47769.7,47772.65,14-05-2024 11:40
47772.4,47807.75,47744.3,47801.1,14-05-2024 11:45
47801.1,47819.15,47773.45,47773.85,14-05-2024 11:50
47773.65,47803.05,47767.15,47790.1,14-05-2024 11:55
47789.65,47818.3,47769.35,47815.4,14-05-2024 12:00
47816.1,47832.45,47783.65,47825.3,14-05-2024 12:05
47825.55,47827.25,47791.85,47792.2,14-05-2024 12:10
47793.9,47797.15,47740.2,47773.4,14-05-2024 12:15
47772.7,47792.1,47755.15,47785.7,14-05-2024 12:20
47784.7,47793.55,47765.55,47786.25,14-05-2024 12:25
47783.85,47826.85,47777.35,47804.3,14-05-2024 12:30
47799.8,47813.55,47780.7,47794.7,14-05-2024 12:35
47794.5,47806.45,47773.75,47786,14-05-2024 12:40
47786.7,47807.6,47778.2,47801.6,14-05-2024 12:45
47802.8,47883.8,47798.35,47869.65,14-05-2024 12:50
47861.05,47908.5,47853.45,47882.55,14-05-2024 12:55
47882.3,47937.25,47860.3,47885.15,14-05-2024 13:00
47891.45,47894.5,47850.3,47867.25,14-05-2024 13:05
47867.5,47871.3,47822.2,47837.6,14-05-2024 13:10
47836.7,47851.8,47783.75,47789,14-05-2024 13:15
47789.05,47831.1,47780.4,47829.1,14-05-2024 13:20
47832.7,47857.55,47824.85,47848.5,14-05-2024 13:25
47847.45,47869.65,47827.2,47844.35,14-05-2024 13:30
47843.85,47848.7,47818,47846.7,14-05-2024 13:35
47847.3,47863.35,47838.75,47863.1,14-05-2024 13:40
47862.75,47868.05,47829.35,47842.85,14-05-2024 13:45
47842,47874.9,47831.1,47867.3,14-05-2024 13:50
47866.5,47880.65,47852.95,47877.35,14-05-2024 13:55
47877.15,47912.9,47866.95,47910.2,14-05-2024 14:00
47911.55,47912.5,47854.75,47887.65,14-05-2024 14:05
47887.45,47894.75,47843.75,47858.95,14-05-2024 14:10
47857.95,47860.35,47751.3,47834.3,14-05-2024 14:15
47836.35,47860.9,47811.95,47851.15,14-05-2024 14:20
47855.65,47902.6,47849.2,47883.3,14-05-2024 14:25
47884.15,47891.2,47817.9,47829.5,14-05-2024 14:30
47828.9,47839,47810.2,47834.75,14-05-2024 14:35
47834.15,47838.15,47811.05,47822.95,14-05-2024 14:40
47822.25,47836.9,47805.85,47821.4,14-05-2024 14:45
47817.9,47852,47816.2,47841.55,14-05-2024 14:50
47842,47857.4,47829.5,47830.9,14-05-2024 14:55
47833.5,47838.15,47802.4,47818.15,14-05-2024 15:00
47822.4,47868.6,47811.65,47852.3,14-05-2024 15:05
47853.8,47883.6,47848.8,47859.2,14-05-2024 15:10
47861.1,47897.45,47857.75,47887.15,14-05-2024 15:15
47887.5,47910.3,47867.05,47872.4,14-05-2024 15:20
47873.85,47885.8,47842.05,47872,14-05-2024 15:25
47923.1,47957.2,47850.9,47891.35,15-05-2024 09:15
47884.9,47898.2,47849.75,47871.9,15-05-2024 09:20
47870.15,47893.05,47833.35,47873.35,15-05-2024 09:25
47874.35,47874.35,47799.75,47851.4,15-05-2024 09:30
47852.55,47864.8,47825.25,47855.1,15-05-2024 09:35
47855.8,47915.7,47854.75,47883.8,15-05-2024 09:40
47885.4,47936,47875.15,47915.65,15-05-2024 09:45
47916.05,47929,47884.7,47910.1,15-05-2024 09:50
47912.95,47919.9,47826.4,47835.15,15-05-2024 09:55
47831.55,47841.4,47769.55,47803.5,15-05-2024 10:00
47796.35,47811.2,47690.7,47723.7,15-05-2024 10:05
47719,47747.95,47703.85,47735.45,15-05-2024 10:10
47733.9,47790.1,47668.6,47777.55,15-05-2024 10:15
47778.8,47787,47710.75,47728.8,15-05-2024 10:20
47729.65,47749.6,47685.6,47690.3,15-05-2024 10:25
47697.15,47726.75,47677.6,47722.6,15-05-2024 10:30
47727.2,47745.3,47716.3,47718.35,15-05-2024 10:35
47720.3,47729.95,47699.85,47713.25,15-05-2024 10:40
47715.1,47734.3,47685.75,47697.1,15-05-2024 10:45
47696.35,47735.7,47658.5,47735.7,15-05-2024 10:50
47730.5,47743.75,47706.95,47714.75,15-05-2024 10:55
47716.65,47786.45,47709.85,47757.2,15-05-2024 11:00
47752.1,47768.55,47706.05,47713.2,15-05-2024 11:05
47713.15,47731.7,47698.65,47725,15-05-2024 11:10
47727.85,47737,47710.6,47725.9,15-05-2024 11:15
47725.35,47748.7,47715.4,47730.55,15-05-2024 11:20
47731.2,47737.3,47612.35,47620.35,15-05-2024 11:25
47621.2,47638.35,47586.7,47617.7,15-05-2024 11:30
47616.7,47631.05,47602.25,47625.75,15-05-2024 11:35
47626.1,47640.85,47590.1,47633.75,15-05-2024 11:40
47635.3,47660.85,47622.3,47644.1,15-05-2024 11:45
47643.15,47651.3,47624.9,47635.25,15-05-2024 11:50
47634.3,47715.8,47627.5,47698.2,15-05-2024 11:55
47696.75,47703.35,47670.6,47681.05,15-05-2024 12:00
47682.05,47709.9,47653.7,47707.75,15-05-2024 12:05
47707.45,47712.7,47670.6,47681.1,15-05-2024 12:10
47679.95,47696.2,47662.85,47679.9,15-05-2024 12:15
47678.2,47684.55,47615.8,47646.75,15-05-2024 12:20
47645.85,47664.55,47639.8,47662.1,15-05-2024 12:25
47662.8,47687.75,47657,47660.6,15-05-2024 12:30
47661.85,47684.65,47641.85,47676.25,15-05-2024 12:35
47676,47678.45,47635.45,47642.1,15-05-2024 12:40
47641.55,47647.35,47608.6,47625.15,15-05-2024 12:45
47627.05,47656.9,47607.2,47644.4,15-05-2024 12:50
47642.3,47649.65,47586.2,47606.5,15-05-2024 12:55
47605.35,47637.6,47597.25,47637.6,15-05-2024 13:00
47638.35,47660.15,47615.8,47636.95,15-05-2024 13:05
47633.6,47640.75,47605,47614.75,15-05-2024 13:10
47612.3,47643.8,47588.7,47629.05,15-05-2024 13:15
47633.1,47655.35,47621.35,47645.75,15-05-2024 13:20
47647.4,47647.4,47604.65,47625.15,15-05-2024 13:25
47624.1,47625.85,47534.5,47587.9,15-05-2024 13:30
47592.45,47600.5,47573.2,47589.85,15-05-2024 13:35
47589.35,47590.05,47560.7,47585.55,15-05-2024 13:40
47586.05,47586.05,47535.25,47568.25,15-05-2024 13:45
47564.15,47593.15,47546.3,47585.7,15-05-2024 13:50
47584.35,47622.9,47567.35,47594.4,15-05-2024 13:55
47594.05,47611.3,47583.7,47603.85,15-05-2024 14:00
47601.95,47646.95,47587.95,47605.85,15-05-2024 14:05
47608.5,47650.05,47591.55,47629.8,15-05-2024 14:10
47629,47638.45,47603.3,47611.4,15-05-2024 14:15
47609.7,47629.8,47594.55,47605.75,15-05-2024 14:20
47608.45,47617.85,47584.4,47612.2,15-05-2024 14:25
47617.85,47629.45,47597.2,47625.2,15-05-2024 14:30
47626.8,47664.3,47616.55,47648.1,15-05-2024 14:35
47642.05,47665.75,47613.65,47617.45,15-05-2024 14:40
47617.6,47645.75,47604.2,47639.5,15-05-2024 14:45
47635.9,47660.25,47614.65,47641.3,15-05-2024 14:50
47644.1,47652.95,47613.35,47637.15,15-05-2024 14:55
47634,47675,47634,47650.85,15-05-2024 15:00
47647.75,47715.15,47638.7,47715.15,15-05-2024 15:05
47706.25,47734.9,47694.75,47718.2,15-05-2024 15:10
47719,47719.4,47665.75,47684.8,15-05-2024 15:15
47685.65,47719.3,47678.45,47710.9,15-05-2024 15:20
47708.3,47730.95,47694.1,47710.8,15-05-2024 15:25
47945.85,47976.9,47875.85,47910.15,16-05-2024 09:15
47907.65,48001.9,47907.65,47954.45,16-05-2024 09:20
47954.25,47959.45,47886,47916.4,16-05-2024 09:25
47916.1,47946.1,47798.8,47808.1,16-05-2024 09:30
47810.85,47815.15,47762.15,47787.45,16-05-2024 09:35
47787.2,47799.15,47743.7,47754.1,16-05-2024 09:40
47755.85,47854.1,47751.2,47833.45,16-05-2024 09:45
47831.45,47843.3,47777.8,47815.9,16-05-2024 09:50
47818.55,47841.65,47784.95,47802.2,16-05-2024 09:55
47801.75,47811.45,47750.15,47751.9,16-05-2024 10:00
47745.15,47808.75,47741.4,47800.1,16-05-2024 10:05
47795.85,47848.4,47783.55,47791.2,16-05-2024 10:10
47789.05,47796.5,47755.3,47756.45,16-05-2024 10:15
47755,47769.35,47626.3,47636.7,16-05-2024 10:20
47634.85,47661.15,47620.6,47628.6,16-05-2024 10:25
47628.2,47671.6,47625.3,47657.3,16-05-2024 10:30
47647.2,47652.7,47588.15,47603.75,16-05-2024 10:35
47602.3,47677.4,47596.4,47674.05,16-05-2024 10:40
47672.7,47680.15,47526.35,47536.6,16-05-2024 10:45
47527.95,47597.65,47525.4,47585.95,16-05-2024 10:50
47585.45,47608.05,47568.2,47584,16-05-2024 10:55
47580.95,47637.6,47568.9,47633.85,16-05-2024 11:00
47633.25,47634.25,47384.05,47411.55,16-05-2024 11:05
47404.7,47486.2,47340.35,47481.15,16-05-2024 11:10
47480.7,47484.7,47396.45,47437.7,16-05-2024 11:15
47436.35,47516.1,47421.3,47514.8,16-05-2024 11:20
47514.25,47519.9,47469.1,47481.6,16-05-2024 11:25
47481.6,47502.25,47464.75,47485.1,16-05-2024 11:30
47484.4,47499.35,47432.1,47490.85,16-05-2024 11:35
47491.7,47510.85,47436.4,47510.85,16-05-2024 11:40
47509.1,47513.5,47458.45,47490.35,16-05-2024 11:45
47491.1,47514,47463.7,47483.05,16-05-2024 11:50
47481.5,47512.55,47471.95,47508.1,16-05-2024 11:55
47507.15,47539.2,47464.05,47479.15,16-05-2024 12:00
47478,47688.15,47472.3,47676.35,16-05-2024 12:05
47681.5,47837.85,47675.85,47833.35,16-05-2024 12:10
47841.2,47876.9,47719.6,47737.95,16-05-2024 12:15
47734.55,47759.3,47706.4,47727.7,16-05-2024 12:20
47728.9,47733.45,47527.35,47564.4,16-05-2024 12:25
47560.3,47584.55,47514.45,47562.1,16-05-2024 12:30
47559.9,47609.45,47551.65,47606.3,16-05-2024 12:35
47605.4,47623.1,47582.25,47588.2,16-05-2024 12:40
47587,47608.9,47541.75,47550.5,16-05-2024 12:45
47545.95,47578.95,47536.65,47558.3,16-05-2024 12:50
47556.05,47588.95,47478.7,47513.35,16-05-2024 12:55
47512.1,47534.9,47474.5,47478,16-05-2024 13:00
47476.6,47523.1,47440.7,47507.55,16-05-2024 13:05
47507.65,47533.25,47480.45,47484.3,16-05-2024 13:10
47484.4,47486.35,47390.3,47442.35,16-05-2024 13:15
47441.05,47458.75,47385.25,47403.75,16-05-2024 13:20
47402.05,47465.85,47399.95,47405.25,16-05-2024 13:25
47401.25,47423.7,47375.15,47378.55,16-05-2024 13:30
47375.9,47435.7,47372.75,47390.45,16-05-2024 13:35
47393.7,47438.15,47371.1,47402.15,16-05-2024 13:40
47392.05,47420,47345.1,47399,16-05-2024 13:45
47399.45,47488.6,47396.3,47431.9,16-05-2024 13:50
47429.4,47511.65,47424.7,47473.4,16-05-2024 13:55
47473.95,47535.8,47451.9,47480.2,16-05-2024 14:00
47476.35,47487.75,47412.05,47432,16-05-2024 14:05
47427.3,47434.75,47391.4,47404.9,16-05-2024 14:10
47407.65,47501.95,47395.05,47467.7,16-05-2024 14:15
47472.3,47534.75,47445.05,47529.95,16-05-2024 14:20
47528.45,47541.65,47482.55,47509.75,16-05-2024 14:25
47507.6,47662.25,47500.2,47642.55,16-05-2024 14:30
47641.45,47680.6,47593.7,47671.7,16-05-2024 14:35
47670.2,47750.9,47654.15,47746.4,16-05-2024 14:40
47744.6,47787.55,47704.85,47757.35,16-05-2024 14:45
47755.75,47842.95,47750.3,47825.95,16-05-2024 14:50
47824.6,47877.95,47769.35,47877.15,16-05-2024 14:55
47879.05,47940.9,47871.6,47927.1,16-05-2024 15:00
47930.05,47998.95,47925.55,47949,16-05-2024 15:05
47948.3,47983.85,47948.15,47973.7,16-05-2024 15:10
47973.7,48052.9,47962.4,48022.8,16-05-2024 15:15
48024.3,48051.6,48004.2,48042.9,16-05-2024 15:20
48043.45,48046.5,47958.05,47977.4,16-05-2024 15:25
47842.95,47981.6,47827.5,47897.75,17-05-2024 09:15
47900.25,47911.25,47807.55,47835.8,17-05-2024 09:20
47831.3,47865.95,47799.55,47839.8,17-05-2024 09:25
47843.9,47907.1,47788.5,47812.85,17-05-2024 09:30
47815.05,47830.65,47785.6,47799.15,17-05-2024 09:35
47798.55,47814.5,47758.8,47773.65,17-05-2024 09:40
47771.95,47840.15,47770.5,47808.75,17-05-2024 09:45
47806.1,47908.65,47803.65,47897.25,17-05-2024 09:50
47899.8,48001.9,47886.75,47954.4,17-05-2024 09:55
47958.15,47995.55,47934.3,47985.4,17-05-2024 10:00
47981.55,48025.35,47863.75,47994.15,17-05-2024 10:05
47989.3,48005.05,47951.45,47952.8,17-05-2024 10:10
47949.15,47981.75,47922.9,47977.9,17-05-2024 10:15
47973.95,48006.35,47950,47997.95,17-05-2024 10:20
47996.5,48100.05,47988.2,48066.25,17-05-2024 10:25
48064,48094.4,48047.45,48060.3,17-05-2024 10:30
48060.9,48139.1,48034.15,48038.1,17-05-2024 10:35
48040.75,48090.15,48032.4,48084.4,17-05-2024 10:40
48084.4,48107.6,48027.4,48038.05,17-05-2024 10:45
48038.9,48087.8,48038.9,48076.95,17-05-2024 10:50
48071.85,48105.85,48065.6,48089.1,17-05-2024 10:55
48085.6,48115.75,48055,48105.9,17-05-2024 11:00
48109.05,48120,48072.55,48083.7,17-05-2024 11:05
48082.75,48160.3,48043.4,48144.85,17-05-2024 11:10
48145.15,48170.55,48121.8,48151.2,17-05-2024 11:15
48155.9,48159.15,48088.05,48100.6,17-05-2024 11:20
48099.85,48111.45,48031.25,48069,17-05-2024 11:25
48069.1,48108.8,48053.3,48095,17-05-2024 11:30
48092.95,48118.25,48081.35,48088.55,17-05-2024 11:35
48091.55,48120.85,48087.75,48116.75,17-05-2024 11:40
48121.2,48136.45,48110.4,48130.75,17-05-2024 11:45
48130.25,48182.9,48116.9,48173.4,17-05-2024 11:50
48172.6,48185.7,48137,48149.1,17-05-2024 11:55
48149.3,48153.45,48096.15,48117.7,17-05-2024 12:00
48117.7,48122.85,48093.3,48121.1,17-05-2024 12:05
48120.05,48122.5,48028.25,48040.85,17-05-2024 12:10
48043.8,48082.65,48039.1,48068.35,17-05-2024 12:15
48068.25,48095.55,48061.4,48088.7,17-05-2024 12:20
48087.55,48117.2,48081,48082.35,17-05-2024 12:25
48083.1,48107.7,48064.25,48094.7,17-05-2024 12:30
48095.25,48119.1,48086.05,48106.85,17-05-2024 12:35
48107.4,48134.65,48083.45,48088,17-05-2024 12:40
48087.7,48109.65,48057.85,48097.35,17-05-2024 12:45
48095.75,48105.25,48068.4,48068.4,17-05-2024 12:50
48069.6,48086.05,48024.6,48076.15,17-05-2024 12:55
48074.95,48079.7,48028.2,48049.5,17-05-2024 13:00
48049.5,48072.2,48031.4,48045,17-05-2024 13:05
48043.7,48083,48041.45,48065,17-05-2024 13:10
48068.35,48088.6,48054.1,48069.7,17-05-2024 13:15
48068.5,48077.2,48055.3,48071.1,17-05-2024 13:20
48071.4,48081.55,48050.4,48052.75,17-05-2024 13:25
48055.2,48123.9,48003.9,48119.6,17-05-2024 13:30
48116.1,48123.9,48052.8,48064.25,17-05-2024 13:35
48064.25,48077.3,48055.9,48056.7,17-05-2024 13:40
48056.1,48103.45,48056.1,48088.25,17-05-2024 13:45
48088,48098.8,48055.1,48074.4,17-05-2024 13:50
48075,48086.5,48057.8,48066.9,17-05-2024 13:55
48074.5,48123,48065.2,48110.1,17-05-2024 14:00
48113.6,48140.45,48092.85,48116.85,17-05-2024 14:05
48115.1,48143.55,48102.5,48115.3,17-05-2024 14:10
48110.85,48158.75,48102.9,48117.45,17-05-2024 14:15
48113.55,48153.4,48111.8,48136.5,17-05-2024 14:20
48134.7,48139.45,48095.7,48104.7,17-05-2024 14:25
48104.35,48136.45,48096.35,48124.05,17-05-2024 14:30
48125.45,48152.15,48116.9,48145.25,17-05-2024 14:35
48144.65,48163.2,48124.55,48127.5,17-05-2024 14:40
48125.65,48138.75,48087.6,48123.45,17-05-2024 14:45
48123.15,48132.95,48101.2,48113.4,17-05-2024 14:50
48113.8,48127.8,48090.1,48104.25,17-05-2024 14:55
48109.25,48109.25,48036.4,48059.95,17-05-2024 15:00
48062,48073.65,48022.55,48071.35,17-05-2024 15:05
48068.2,48134.7,48053.35,48130.85,17-05-2024 15:10
48129.3,48180.7,48127.4,48169.9,17-05-2024 15:15
48171,48188.65,48143.65,48172.7,17-05-2024 15:20
48174.6,48179.5,48111.55,48121.35,17-05-2024 15:25
48197.3,48227.05,48111.2,48153.35,18-05-2024 09:15
48154.8,48180.9,48154,48157.25,18-05-2024 09:20
48157.05,48183.75,48153.6,48174.6,18-05-2024 09:25
48172.45,48190.8,48166,48176.65,18-05-2024 09:30
48176.65,48188.1,48166.05,48182.55,18-05-2024 09:35
48182.55,48187.95,48167.3,48178.5,18-05-2024 09:40
48179,48189.15,48130.8,48135.75,18-05-2024 09:45
48135.75,48192.1,48135.65,48148.4,18-05-2024 09:50
48152.1,48169.75,48142.25,48151.6,18-05-2024 09:55
48168,48190.5,48108.15,48156.65,18-05-2024 11:30
48157,48179.15,48154.1,48175.45,18-05-2024 11:35
48175.45,48188.1,48168.2,48181,18-05-2024 11:40
48182.65,48187.8,48168.85,48173.05,18-05-2024 11:45
48173.2,48184.9,48163.35,48170.55,18-05-2024 11:50
48171.6,48184.75,48155.3,48174.25,18-05-2024 11:55
48173.05,48184.35,48163.4,48176.45,18-05-2024 12:00
48176.85,48185.05,48169.6,48170.75,18-05-2024 12:05
48170.75,48209,48170.75,48194.3,18-05-2024 12:10
48197.35,48217.55,48178.1,48207.85,18-05-2024 12:15
48207.55,48216.35,48184.5,48199.25,18-05-2024 12:20
48196.1,48220.9,48185.45,48204,18-05-2024 12:25
47927.1,48153.15,47927.1,48094.5,21-05-2024 09:15
48096.05,48218.7,48093.65,48158.7,21-05-2024 09:20
48159.5,48184.75,48126.1,48133.6,21-05-2024 09:25
48129,48142.65,48081.1,48100.25,21-05-2024 09:30
48099.15,48133.7,48066.1,48124.25,21-05-2024 09:35
48124.1,48136.15,48075.8,48085.4,21-05-2024 09:40
48087.2,48113.5,48065.05,48078.5,21-05-2024 09:45
48074.85,48094.05,48050.05,48057.2,21-05-2024 09:50
48052.4,48070.45,48014.85,48026.85,21-05-2024 09:55
48025.5,48056.35,47993.95,48039.7,21-05-2024 10:00
48039.3,48064.05,48003.3,48005.45,21-05-2024 10:05
48004.85,48029.95,47998.35,48000.55,21-05-2024 10:10
48003.2,48029.6,47961.2,48021.3,21-05-2024 10:15
48021.35,48069.7,48017,48068.2,21-05-2024 10:20
48066.25,48085.35,48050,48073.85,21-05-2024 10:25
48072.25,48074.9,48019.1,48039.95,21-05-2024 10:30
48038.2,48040.25,48016,48023.45,21-05-2024 10:35
48027.4,48040.7,48019.75,48022.1,21-05-2024 10:40
48022.95,48058.45,48015.8,48057.05,21-05-2024 10:45
48057.25,48073.85,48046.2,48063.45,21-05-2024 10:50
48063.5,48089,48056.75,48057.2,21-05-2024 10:55
48056.9,48126.8,48055.75,48109.5,21-05-2024 11:00
48108.15,48119.7,48091.15,48091.25,21-05-2024 11:05
48089.75,48115.15,48084.9,48112.55,21-05-2024 11:10
48110.8,48157.8,48110.8,48140.05,21-05-2024 11:15
48138.05,48152.8,48117.6,48136,21-05-2024 11:20
48135.3,48155.65,48125.1,48139.35,21-05-2024 11:25
48140.9,48147.95,48112,48116,21-05-2024 11:30
48116.75,48136.75,48108.55,48131.15,21-05-2024 11:35
48129,48162.75,48120.8,48151.3,21-05-2024 11:40
48151.45,48159.85,48132.3,48144.85,21-05-2024 11:45
48144.85,48166.15,48137.75,48158.8,21-05-2024 11:50
48162.5,48185.75,48159.8,48173.5,21-05-2024 11:55
48173.6,48204.1,48144.35,48152.3,21-05-2024 12:00
48149.4,48165.25,48135.65,48150.25,21-05-2024 12:05
48150.4,48183.55,48141.35,48170.75,21-05-2024 12:10
48169.1,48173.55,48156.25,48161.6,21-05-2024 12:15
48161.4,48164.45,48134.5,48148.75,21-05-2024 12:20
48148.45,48149.8,48116.2,48139.7,21-05-2024 12:25
48139.75,48170.65,48135.2,48166.45,21-05-2024 12:30
48168.25,48179.9,48161.7,48165.2,21-05-2024 12:35
48166.3,48182,48149.45,48164.7,21-05-2024 12:40
48164.5,48198.05,48159.25,48183.95,21-05-2024 12:45
48184.15,48211.85,48182.65,48201.35,21-05-2024 12:50
48200.85,48256.85,48200.65,48245.75,21-05-2024 12:55
48245.9,48259.75,48226.4,48235.35,21-05-2024 13:00
48235.25,48237.05,48207.3,48219.8,21-05-2024 13:05
48222.4,48237.95,48212.85,48231.8,21-05-2024 13:10
48232.85,48241.7,48216.1,48234.7,21-05-2024 13:15
48236.05,48238.35,48145.3,48160.8,21-05-2024 13:20
48159.65,48169.95,48113.75,48150.4,21-05-2024 13:25
48151.5,48186.65,48143.5,48171.55,21-05-2024 13:30
48171.7,48178.25,48132.15,48135.85,21-05-2024 13:35
48136.35,48153,48124.05,48141.85,21-05-2024 13:40
48143.4,48172,48138.95,48165.3,21-05-2024 13:45
48162.6,48169.3,48148.4,48159.45,21-05-2024 13:50
48160.9,48163.6,48134.8,48139.65,21-05-2024 13:55
48140.45,48177.55,48133.15,48158.15,21-05-2024 14:00
48157,48163.1,48136.85,48143.65,21-05-2024 14:05
48142.85,48146.75,48098.15,48113.75,21-05-2024 14:10
48112.65,48114.5,48088.85,48094.5,21-05-2024 14:15
48095.45,48102.9,48066.35,48098.35,21-05-2024 14:20
48097.05,48114.5,48088.9,48098.9,21-05-2024 14:25
48091.25,48120.1,48090.45,48105.05,21-05-2024 14:30
48103.95,48129.55,48096.85,48117.75,21-05-2024 14:35
48118.6,48144.65,48109.95,48125.5,21-05-2024 14:40
48122.25,48135.05,48094,48108.75,21-05-2024 14:45
48111.35,48131.7,48068.35,48076.7,21-05-2024 14:50
48077.75,48098.9,48052.45,48057.2,21-05-2024 14:55
48054.95,48097.15,48001.1,48090.55,21-05-2024 15:00
48090.65,48103.5,48056.75,48059.9,21-05-2024 15:05
48064.85,48077.15,48030.85,48030.85,21-05-2024 15:10
48033.5,48055.5,48027.15,48044.65,21-05-2024 15:15
48045.05,48046.6,48013.7,48033.95,21-05-2024 15:20
48032.2,48034.6,47968.65,47989.85,21-05-2024 15:25
48113.9,48114.05,47928.95,47956.35,22-05-2024 09:15
47947.9,47951.55,47869.8,47925.55,22-05-2024 09:20
47922.7,47939.15,47884.6,47912.8,22-05-2024 09:25
47916.4,47976.9,47883.75,47906.5,22-05-2024 09:30
47900.25,47929,47856.8,47899.05,22-05-2024 09:35
47900.95,47914,47798.15,47813.45,22-05-2024 09:40
47818.05,47834.4,47702.15,47755.8,22-05-2024 09:45
47749.85,47779.85,47710.2,47769.65,22-05-2024 09:50
47762.8,47831.55,47762.8,47810.45,22-05-2024 09:55
47811.4,47840.8,47786.65,47830.95,22-05-2024 10:00
47829.4,47832.4,47735.05,47766,22-05-2024 10:05
47768.05,47826.05,47766.55,47801.9,22-05-2024 10:10
47805.45,47828.95,47770.65,47823.1,22-05-2024 10:15
47822.8,47822.95,47749.3,47770.6,22-05-2024 10:20
47769.55,47800.1,47721.95,47749.3,22-05-2024 10:25
47748.3,47790,47736,47770.8,22-05-2024 10:30
47777.05,47785.9,47731.6,47741.35,22-05-2024 10:35
47738.25,47756.55,47722.85,47734.75,22-05-2024 10:40
47731.3,47755.85,47699.85,47731.4,22-05-2024 10:45
47729.8,47779.65,47729.8,47761.6,22-05-2024 10:50
47761.55,47768,47733.75,47738.45,22-05-2024 10:55
47738.85,47746.9,47634.2,47666.4,22-05-2024 11:00
47663.4,47680.05,47643.1,47667.95,22-05-2024 11:05
47667.35,47698.15,47656.4,47674.3,22-05-2024 11:10
47673.2,47679.1,47633.3,47663.75,22-05-2024 11:15
47664.85,47690,47657.35,47666.15,22-05-2024 11:20
47664.75,47700.2,47648.6,47692.15,22-05-2024 11:25
47696.05,47716.85,47672.85,47688.4,22-05-2024 11:30
47684.55,47701.9,47645.2,47648.75,22-05-2024 11:35
47646.9,47677.05,47638.35,47672.55,22-05-2024 11:40
47672.55,47704.1,47661.4,47702.55,22-05-2024 11:45
47697.15,47733.2,47686.35,47718.2,22-05-2024 11:50
47715.95,47718.7,47682.2,47691.5,22-05-2024 11:55
47691.4,47747.5,47691.4,47741.4,22-05-2024 12:00
47739.55,47746.55,47716.2,47733.9,22-05-2024 12:05
47732.55,47757.3,47704.5,47717.95,22-05-2024 12:10
47716.6,47759.95,47715.75,47747.2,22-05-2024 12:15
47748.15,47754.3,47714.05,47716.45,22-05-2024 12:20
47715.95,47725.1,47674.9,47699.9,22-05-2024 12:25
47699.8,47718.75,47678.7,47698.65,22-05-2024 12:30
47697.25,47703.1,47645.1,47670,22-05-2024 12:35
47668.65,47685.6,47638.9,47664.45,22-05-2024 12:40
47659.15,47674.45,47631.2,47669.75,22-05-2024 12:45
47665.05,47675.6,47648.85,47652.65,22-05-2024 12:50
47650.4,47676,47625.15,47658.1,22-05-2024 12:55
47658.05,47677,47637.6,47672.7,22-05-2024 13:00
47671,47677.15,47639.95,47646.5,22-05-2024 13:05
47647.45,47649.85,47625.35,47649.35,22-05-2024 13:10
47648.15,47669.2,47643.9,47655.95,22-05-2024 13:15
47658.5,47713.1,47655.4,47702.95,22-05-2024 13:20
47700.35,47738.05,47692.85,47718.65,22-05-2024 13:25
47718,47731,47702.8,47713.2,22-05-2024 13:30
47712.15,47712.15,47655.55,47669.7,22-05-2024 13:35
47669.45,47692,47658.45,47677,22-05-2024 13:40
47674.45,47712.35,47663.1,47695.15,22-05-2024 13:45
47699.1,47716.2,47681.8,47696.65,22-05-2024 13:50
47689.1,47778.1,47680.4,47745.3,22-05-2024 13:55
47740.7,47803.55,47728.8,47787.45,22-05-2024 14:00
47784.75,47792.55,47716,47725.25,22-05-2024 14:05
47714.75,47731.3,47688.1,47706.9,22-05-2024 14:10
47708.25,47748.4,47689.35,47725.35,22-05-2024 14:15
47728.3,47734.75,47709.05,47722.05,22-05-2024 14:20
47719,47731.4,47691.15,47694.3,22-05-2024 14:25
47692.15,47735.2,47679.3,47716.4,22-05-2024 14:30
47716.05,47737.1,47704.6,47717.05,22-05-2024 14:35
47720,47739.05,47709.9,47726.3,22-05-2024 14:40
47723.6,47731.45,47697.5,47705,22-05-2024 14:45
47703.55,47713.95,47558.35,47558.35,22-05-2024 14:50
47570.35,47622.5,47435.25,47581,22-05-2024 14:55
47574.75,47687.9,47566.75,47667.1,22-05-2024 15:00
47668.9,47829.05,47665.8,47822,22-05-2024 15:05
47822.15,47851.5,47784.7,47826.75,22-05-2024 15:10
47828.5,47913.35,47825.3,47903.45,22-05-2024 15:15
47902.55,47940.15,47873.2,47928.1,22-05-2024 15:20
47930.65,47959.15,47885.9,47906.05,22-05-2024 15:25
47899.35,48032.15,47873.15,48002.3,23-05-2024 09:15
48000,48024.4,47960.05,48017.25,23-05-2024 09:20
48015.4,48028.25,47948.2,47971,23-05-2024 09:25
47968.95,48024.8,47942.15,48018.4,23-05-2024 09:30
48022.25,48063,48016.2,48038.05,23-05-2024 09:35
48040.75,48104.75,48025.2,48097.75,23-05-2024 09:40
48094.3,48148.3,48075.55,48132.85,23-05-2024 09:45
48141.95,48204.45,48139.45,48175.15,23-05-2024 09:50
48174.55,48189.1,48139.6,48179.3,23-05-2024 09:55
48183.1,48197.9,48128.2,48134.55,23-05-2024 10:00
48136.85,48178.55,48132.8,48139.25,23-05-2024 10:05
48139.75,48195.75,48136.2,48190.1,23-05-2024 10:10
48188.55,48226.7,48179.4,48222.1,23-05-2024 10:15
48222.5,48360.65,48213.35,48352.85,23-05-2024 10:20
48352.15,48381.5,48334,48356.55,23-05-2024 10:25
48354.25,48395.25,48307.9,48313.7,23-05-2024 10:30
48312.15,48332.45,48284.65,48308.3,23-05-2024 10:35
48311.55,48320.55,48214.15,48270.25,23-05-2024 10:40
48265.8,48281,48239.1,48269.65,23-05-2024 10:45
48270.1,48334.05,48262.7,48302.55,23-05-2024 10:50
48302.95,48313.7,48284,48303.9,23-05-2024 10:55
48303.1,48367.1,48296,48337.8,23-05-2024 11:00
48343.6,48352.5,48314,48335.45,23-05-2024 11:05
48337.15,48348.95,48308,48313.5,23-05-2024 11:10
48314.05,48346.7,48309.55,48323.5,23-05-2024 11:15
48325.6,48384.25,48324.1,48343.2,23-05-2024 11:20
48341.55,48368.9,48333.75,48358.4,23-05-2024 11:25
48358.15,48409.35,48356.95,48373.4,23-05-2024 11:30
48372.4,48389.6,48355.6,48373.1,23-05-2024 11:35
48373.15,48388.1,48348.15,48355.6,23-05-2024 11:40
48355.85,48368.9,48330.45,48363.3,23-05-2024 11:45
48368.15,48408.1,48362.4,48401.6,23-05-2024 11:50
48406.35,48461.9,48380.1,48427.8,23-05-2024 11:55
48430.6,48463.3,48399.4,48399.5,23-05-2024 12:00
48397.75,48431.1,48387.85,48420.5,23-05-2024 12:05
48422.45,48444.7,48416.8,48428.55,23-05-2024 12:10
48430.95,48474.65,48427.45,48455.1,23-05-2024 12:15
48455.05,48480.6,48451.3,48468.9,23-05-2024 12:20
48474.2,48504.25,48454.85,48500.05,23-05-2024 12:25
48501.6,48523.45,48461.15,48483,23-05-2024 12:30
48482.75,48573.45,48466.25,48533.5,23-05-2024 12:35
48530.95,48546.85,48521.5,48541.05,23-05-2024 12:40
48543.7,48571,48528.05,48549.35,23-05-2024 12:45
48547.65,48556.25,48512.85,48540.5,23-05-2024 12:50
48541.7,48591.15,48536.7,48579.7,23-05-2024 12:55
48577.15,48626.55,48558.95,48565.05,23-05-2024 13:00
48562.55,48601.4,48562.55,48575.9,23-05-2024 13:05
48576.25,48579.55,48511.9,48539.1,23-05-2024 13:10
48536.2,48540.7,48461.1,48467.1,23-05-2024 13:15
48470.1,48510.75,48454.65,48493.25,23-05-2024 13:20
48494.55,48571.5,48482.4,48556.6,23-05-2024 13:25
48553.85,48594.75,48538.35,48547.9,23-05-2024 13:30
48548.65,48572.25,48520.05,48550.4,23-05-2024 13:35
48550.75,48577.9,48538.75,48550.25,23-05-2024 13:40
48548.5,48578.5,48515.2,48569.45,23-05-2024 13:45
48566.25,48617.2,48557.4,48609.25,23-05-2024 13:50
48614.25,48633.9,48582.75,48592.2,23-05-2024 13:55
48591.45,48670.8,48588.9,48657.4,23-05-2024 14:00
48660.15,48684.8,48637.9,48645.6,23-05-2024 14:05
48645.05,48711.9,48638.85,48709.6,23-05-2024 14:10
48705.75,48792.8,48701.25,48755.8,23-05-2024 14:15
48758.5,48786.75,48737.5,48778.75,23-05-2024 14:20
48784.1,48819.7,48725,48756.65,23-05-2024 14:25
48753.25,48756.65,48649.25,48678.5,23-05-2024 14:30
48680.05,48698.45,48621.9,48677.85,23-05-2024 14:35
48677.75,48744.75,48672.5,48707.05,23-05-2024 14:40
48710.45,48730.3,48664.05,48669.75,23-05-2024 14:45
48670.4,48683.35,48607.2,48681.2,23-05-2024 14:50
48682,48682.55,48636.85,48661.65,23-05-2024 14:55
48662.45,48747.4,48658.55,48741.35,23-05-2024 15:00
48744.9,48816.65,48734.9,48810.55,23-05-2024 15:05
48810.55,48829.7,48791.1,48802.2,23-05-2024 15:10
48804.4,48826.15,48770.2,48785.6,23-05-2024 15:15
48784.55,48784.8,48749.8,48774.35,23-05-2024 15:20
48775.65,48779.25,48731.5,48737.05,23-05-2024 15:25
48668,48860.55,48644.8,48851.05,24-05-2024 09:15
48842.1,48922.8,48815.95,48899.35,24-05-2024 09:20
48902.75,48930.6,48883.3,48918,24-05-2024 09:25
48921.55,48976.7,48847.4,48917.65,24-05-2024 09:30
48910.6,48918.15,48793.3,48814.75,24-05-2024 09:35
48808.75,48864.25,48791.05,48856.5,24-05-2024 09:40
48856.1,48902.15,48824.25,48838.1,24-05-2024 09:45
48831.9,48834.7,48733.75,48775.05,24-05-2024 09:50
48773.35,48834.1,48742.35,48784.65,24-05-2024 09:55
48777.85,48805.85,48723.45,48766.3,24-05-2024 10:00
48771.55,48775.65,48692.55,48708.4,24-05-2024 10:05
48704.1,48722.1,48678.55,48679.15,24-05-2024 10:10
48680.9,48753.8,48675.1,48738.25,24-05-2024 10:15
48739,48822.15,48734.6,48809.65,24-05-2024 10:20
48808.7,48826.1,48722.8,48742.55,24-05-2024 10:25
48742.5,48749.4,48717,48724.15,24-05-2024 10:30
48723.75,48779.8,48710.6,48720.45,24-05-2024 10:35
48723.35,48749.15,48717.15,48730.4,24-05-2024 10:40
48730,48766.15,48725.65,48738.05,24-05-2024 10:45
48737.5,48805.6,48731.15,48793.85,24-05-2024 10:50
48793.35,48827.75,48771.6,48824,24-05-2024 10:55
48818.5,48873.6,48811.05,48873.35,24-05-2024 11:00
48867.75,48874.65,48836.95,48836.95,24-05-2024 11:05
48836.35,48872.65,48773.1,48784.95,24-05-2024 11:10
48783.2,48855,48781.25,48852.75,24-05-2024 11:15
48852.05,48857.55,48821.75,48823.25,24-05-2024 11:20
48823.15,48855.85,48822.25,48834.45,24-05-2024 11:25
48833.55,48855.65,48813.15,48820.4,24-05-2024 11:30
48820.7,48823.2,48789.3,48816.55,24-05-2024 11:35
48817.35,48840.35,48814.9,48830.9,24-05-2024 11:40
48830.4,48848.15,48803.45,48823.1,24-05-2024 11:45
48823.6,48840.2,48821.4,48836.8,24-05-2024 11:50
48835.65,48846,48800.55,48815.65,24-05-2024 11:55
48814.2,48833.4,48789.75,48803.85,24-05-2024 12:00
48803.2,48850.65,48799,48848.8,24-05-2024 12:05
48845.55,48852.4,48809.9,48851.8,24-05-2024 12:10
48853.4,48870.05,48808.9,48822.45,24-05-2024 12:15
48822.55,48830.9,48804.65,48809.95,24-05-2024 12:20
48808.15,48837.4,48801.25,48832.15,24-05-2024 12:25
48830.95,48865.05,48823.15,48844.35,24-05-2024 12:30
48842.75,48863.75,48828.75,48861.95,24-05-2024 12:35
48864.05,48867.35,48842.35,48858.4,24-05-2024 12:40
48853.5,48875.2,48843.9,48852.45,24-05-2024 12:45
48851.9,48877,48840.7,48861.9,24-05-2024 12:50
48861.4,48932.1,48857.2,48913.6,24-05-2024 12:55
48916.85,48946.4,48905.2,48935.2,24-05-2024 13:00
48933.35,48944.7,48916.35,48937.7,24-05-2024 13:05
48936.95,48941.7,48842,48881.95,24-05-2024 13:10
48880,48917.6,48867.45,48904.25,24-05-2024 13:15
48901.5,48922.7,48891.1,48909.8,24-05-2024 13:20
48911.25,48926.45,48904.4,48921.05,24-05-2024 13:25
48922.1,48929.65,48887.35,48900.75,24-05-2024 13:30
48901.5,48921.25,48900.4,48916.4,24-05-2024 13:35
48915.9,48926.8,48893.1,48904.5,24-05-2024 13:40
48904,48911,48882.8,48886,24-05-2024 13:45
48886.65,48894.75,48858.1,48886.95,24-05-2024 13:50
48885.5,48903.05,48865.15,48890.8,24-05-2024 13:55
48887.5,48911.2,48878.25,48900.25,24-05-2024 14:00
48896.45,48924,48887.9,48916.2,24-05-2024 14:05
48918.8,48938.45,48903.3,48933.3,24-05-2024 14:10
48932.35,48992.8,48926.2,48989.9,24-05-2024 14:15
48987.8,49020.05,48963.15,48981.65,24-05-2024 14:20
48979.25,48984.65,48938.3,48963.95,24-05-2024 14:25
48967.2,48976.5,48924.6,48948.85,24-05-2024 14:30
48949.95,48973.8,48943.75,48962.85,24-05-2024 14:35
48963.45,49020.65,48961.6,49016.2,24-05-2024 14:40
49015,49017.15,48964.15,48981.05,24-05-2024 14:45
48980.85,48988.5,48959,48978.1,24-05-2024 14:50
48977.05,49012.45,48964.55,49006.2,24-05-2024 14:55
49006.9,49011.1,48870.7,48934.15,24-05-2024 15:00
48930.2,49025,48896.4,49016.55,24-05-2024 15:05
49020.15,49052.95,48974.8,48976.05,24-05-2024 15:10
48982.2,48996.55,48950.05,48992.8,24-05-2024 15:15
48998.2,48999.2,48961.3,48985.1,24-05-2024 15:20
48979.9,48991.8,48928.95,48948.9,24-05-2024 15:25
49105.9,49167.95,49051.25,49136.55,27-05-2024 09:15
49137.2,49202.55,49082.7,49198,27-05-2024 09:20
49197.3,49219,49157.75,49171.05,27-05-2024 09:25
49169.75,49200.6,49140.1,49146.05,27-05-2024 09:30
49143.95,49252.65,49141.2,49246.3,27-05-2024 09:35
49246.65,49296.25,49229.2,49277.95,27-05-2024 09:40
49271.55,49283.4,49231,49255.5,27-05-2024 09:45
49262.35,49274.65,49227.85,49238.2,27-05-2024 09:50
49236.65,49240.45,49174.65,49196.05,27-05-2024 09:55
49194.85,49207.85,49174.95,49198.15,27-05-2024 10:00
49194.4,49264.65,49189.05,49255.95,27-05-2024 10:05
49253.3,49265,49217.05,49217.6,27-05-2024 10:10
49214.8,49238.95,49206.2,49228.7,27-05-2024 10:15
49226.55,49279.9,49220.15,49274.75,27-05-2024 10:20
49276.2,49298,49250.55,49283.15,27-05-2024 10:25
49279.5,49309.55,49256.6,49299.85,27-05-2024 10:30
49298.6,49306.2,49264.85,49304.6,27-05-2024 10:35
49302.55,49327.4,49291.4,49320.5,27-05-2024 10:40
49320.85,49342.8,49307.05,49339.2,27-05-2024 10:45
49340,49345.85,49310.35,49321.2,27-05-2024 10:50
49330,49337,49303.4,49327.5,27-05-2024 10:55
49326.95,49356.95,49304.7,49308,27-05-2024 11:00
49312.8,49323.5,49274.95,49319,27-05-2024 11:05
49318.55,49324.95,49290.95,49310.15,27-05-2024 11:10
49308.9,49334.35,49298.75,49322.3,27-05-2024 11:15
49321.8,49332.85,49294.05,49299.8,27-05-2024 11:20
49298.8,49310.75,49287.55,49305.4,27-05-2024 11:25
49305.05,49331.25,49302.45,49314.05,27-05-2024 11:30
49311.6,49326.85,49293.9,49326.15,27-05-2024 11:35
49322.7,49359.45,49311.9,49343.9,27-05-2024 11:40
49346.2,49361.2,49338.25,49359.1,27-05-2024 11:45
49355.9,49405.75,49330.6,49405.75,27-05-2024 11:50
49405.3,49503.25,49394.45,49492.55,27-05-2024 11:55
49494.6,49524.1,49476.65,49508.1,27-05-2024 12:00
49507.85,49517.2,49471.85,49492.6,27-05-2024 12:05
49493,49524.65,49483.25,49520.75,27-05-2024 12:10
49518.2,49545.75,49505,49541,27-05-2024 12:15
49540.15,49611.95,49523.9,49608.15,27-05-2024 12:20
49608.2,49654.7,49592.25,49636.45,27-05-2024 12:25
49639.05,49688.85,49636.25,49666.2,27-05-2024 12:30
49671,49672.8,49638.8,49666.45,27-05-2024 12:35
49672.05,49675.8,49622.1,49630.7,27-05-2024 12:40
49631,49658.3,49585,49638.5,27-05-2024 12:45
49642,49646.75,49597.2,49607.6,27-05-2024 12:50
49606.5,49611.7,49528.35,49558,27-05-2024 12:55
49558.8,49597.7,49542.45,49583.25,27-05-2024 13:00
49580.9,49633.1,49559.05,49598.25,27-05-2024 13:05
49597.05,49606.45,49562.5,49583.7,27-05-2024 13:10
49588.6,49620.7,49573.55,49618.15,27-05-2024 13:15
49618.4,49644.35,49608.15,49633.25,27-05-2024 13:20
49628.75,49639.1,49600.85,49623.65,27-05-2024 13:25
49621.55,49645.65,49616.8,49621.55,27-05-2024 13:30
49617,49626.8,49584.05,49606.65,27-05-2024 13:35
49606.75,49612.45,49546.1,49593.6,27-05-2024 13:40
49594.1,49608.5,49560,49588.5,27-05-2024 13:45
49588.95,49594.1,49502.45,49556.15,27-05-2024 13:50
49558.85,49597.8,49528.8,49589.05,27-05-2024 13:55
49591.65,49633.9,49591.65,49630.25,27-05-2024 14:00
49632.15,49644.9,49601.2,49609.35,27-05-2024 14:05
49612.25,49620.25,49562.7,49612.95,27-05-2024 14:10
49614.35,49629.9,49583.05,49612,27-05-2024 14:15
49615.75,49640.35,49586.2,49591.55,27-05-2024 14:20
49591.05,49625.7,49585.35,49625.7,27-05-2024 14:25
49623.4,49631.6,49593.05,49624.2,27-05-2024 14:30
49623.3,49625.8,49545.35,49577.85,27-05-2024 14:35
49574.9,49589.85,49507.55,49511.55,27-05-2024 14:40
49510.3,49548.5,49436.25,49436.25,27-05-2024 14:45
49433.45,49462.05,49316.4,49339.8,27-05-2024 14:50
49341.75,49375.55,49286.3,49286.3,27-05-2024 14:55
49284.1,49480.7,49059.65,49303.6,27-05-2024 15:00
49309.25,49343.9,49247.8,49308.5,27-05-2024 15:05
49306.95,49355.45,49251.55,49312.75,27-05-2024 15:10
49310.25,49318.1,49215.95,49259,27-05-2024 15:15
49259.05,49324.65,49253.4,49298.65,27-05-2024 15:20
49299.8,49318.1,49254.85,49280.2,27-05-2024 15:25
49390.9,49441.9,49331.45,49441.9,28-05-2024 09:15
49426.9,49511.15,49413.2,49460.05,28-05-2024 09:20
49456.3,49502.15,49438.05,49485.85,28-05-2024 09:25
49488.85,49495.15,49345.4,49354.4,28-05-2024 09:30
49358.75,49392.4,49297.25,49358.4,28-05-2024 09:35
49359.5,49379.65,49311.05,49342.1,28-05-2024 09:40
49344.4,49375.5,49314.45,49331.7,28-05-2024 09:45
49333,49336.4,49240.2,49240.2,28-05-2024 09:50
49238.05,49288.35,49223,49285.25,28-05-2024 09:55
49283.05,49372.55,49249.1,49282.25,28-05-2024 10:00
49278.5,49298.1,49253.8,49263,28-05-2024 10:05
49257.95,49314.2,49255,49310.5,28-05-2024 10:10
49308.45,49341.3,49298.15,49326.8,28-05-2024 10:15
49326.15,49386.7,49323.85,49377.4,28-05-2024 10:20
49375.15,49388,49351.6,49367.5,28-05-2024 10:25
49367.95,49375.5,49334.3,49335.65,28-05-2024 10:30
49335.4,49364.6,49315.35,49330.9,28-05-2024 10:35
49332.65,49340.9,49288.4,49316.6,28-05-2024 10:40
49316.5,49319.55,49273.8,49315.2,28-05-2024 10:45
49315.3,49320.05,49287.9,49320.05,28-05-2024 10:50
49320.55,49351.05,49308.85,49323.3,28-05-2024 10:55
49323.7,49334.35,49296.95,49303.55,28-05-2024 11:00
49303.2,49323.95,49257.5,49271.6,28-05-2024 11:05
49266.05,49298.7,49253.1,49294.65,28-05-2024 11:10
49294.45,49315.85,49280.7,49285.55,28-05-2024 11:15
49284.95,49295.9,49257.9,49268.6,28-05-2024 11:20
49269.1,49288.85,49209.95,49224.1,28-05-2024 11:25
49224.1,49231.25,49168.85,49188.2,28-05-2024 11:30
49189.65,49222.8,49164.3,49207.2,28-05-2024 11:35
49205.2,49254.7,49202.7,49238.45,28-05-2024 11:40
49238.75,49265.15,49229.9,49235.55,28-05-2024 11:45
49238.9,49250.75,49216,49232.55,28-05-2024 11:50
49228.5,49237.7,49209.6,49218.9,28-05-2024 11:55
49220.15,49247.75,49193.45,49210.7,28-05-2024 12:00
49212.1,49226.35,49194.1,49219.9,28-05-2024 12:05
49217.8,49223.95,49165.4,49172.7,28-05-2024 12:10
49173.75,49193.25,49143.9,49159.2,28-05-2024 12:15
49161.25,49171.5,49137.9,49156.8,28-05-2024 12:20
49153.9,49187.85,49145.9,49148.25,28-05-2024 12:25
49152.6,49163.9,49124,49124,28-05-2024 12:30
49131.25,49141.35,49086.4,49116.9,28-05-2024 12:35
49121.8,49191.95,49114.4,49167.95,28-05-2024 12:40
49166.75,49182.8,49144.6,49158.5,28-05-2024 12:45
49158.55,49299.6,49156.05,49280.3,28-05-2024 12:50
49276.7,49327.75,49259.2,49267.3,28-05-2024 12:55
49267.3,49270.75,49234.35,49265.2,28-05-2024 13:00
49267.5,49304,49254.05,49260.35,28-05-2024 13:05
49263.85,49294.05,49244.25,49288.15,28-05-2024 13:10
49288.25,49298.25,49269.25,49294.45,28-05-2024 13:15
49296.9,49321,49262.6,49284.15,28-05-2024 13:20
49285.75,49298.05,49259.25,49284.25,28-05-2024 13:25
49285.45,49298.5,49190.95,49190.95,28-05-2024 13:30
49192.2,49288.9,49186.9,49288.9,28-05-2024 13:35
49288.65,49302.65,49234.15,49277.4,28-05-2024 13:40
49278.05,49292.9,49245.45,49258.55,28-05-2024 13:45
49258.45,49287.85,49246.8,49260.1,28-05-2024 13:50
49260.5,49260.85,49220.5,49231.35,28-05-2024 13:55
49232.7,49267.4,49217.5,49231.05,28-05-2024 14:00
49232.2,49263.9,49205.1,49231.8,28-05-2024 14:05
49231.25,49264.1,49223.95,49250.4,28-05-2024 14:10
49245.15,49291.1,49240.9,49278.65,28-05-2024 14:15
49277.65,49284.95,49248.8,49268.85,28-05-2024 14:20
49271,49277.6,49227.8,49242.15,28-05-2024 14:25
49238.5,49253,49192.6,49220.15,28-05-2024 14:30
49221.6,49234.6,49191.95,49204.45,28-05-2024 14:35
49203.2,49248.45,49203.2,49216.7,28-05-2024 14:40
49222.15,49233,49180.15,49202.2,28-05-2024 14:45
49202.75,49233.55,49190.7,49217.25,28-05-2024 14:50
49219.05,49243.35,49165.75,49165.75,28-05-2024 14:55
49167.7,49216.1,49140,49206.15,28-05-2024 15:00
49198.55,49209.15,49157.35,49166.5,28-05-2024 15:05
49166.5,49170.55,49135.2,49151.9,28-05-2024 15:10
49153.8,49171.4,49135.55,49135.85,28-05-2024 15:15
49136.6,49157.05,49067.95,49093.4,28-05-2024 15:20
49096.2,49096.25,49043.65,49060.1,28-05-2024 15:25
48786.7,49022.6,48770.95,48872.55,29-05-2024 09:15
48865.65,48927.35,48852.1,48921.4,29-05-2024 09:20
48919.05,48927.55,48852.4,48855.85,29-05-2024 09:25
48858.2,48915.6,48842.8,48902.25,29-05-2024 09:30
48912.2,48924.15,48841.2,48854,29-05-2024 09:35
48849.8,48876.15,48831.4,48852.55,29-05-2024 09:40
48848.3,48864.75,48801.35,48812.7,29-05-2024 09:45
48812,48830.85,48785.7,48824.65,29-05-2024 09:50
48822.25,48855.7,48817.35,48853.2,29-05-2024 09:55
48857,48857,48725.95,48725.95,29-05-2024 10:00
48733.7,48751.25,48689.5,48734,29-05-2024 10:05
48731.15,48739.1,48693.05,48705.85,29-05-2024 10:10
48709.15,48729.2,48662.8,48671.5,29-05-2024 10:15
48667.75,48699.8,48617.85,48635.1,29-05-2024 10:20
48629.85,48667.55,48627.8,48648.75,29-05-2024 10:25
48647.15,48674.75,48601.75,48642.5,29-05-2024 10:30
48643.1,48670.5,48637,48644.15,29-05-2024 10:35
48642.05,48690.75,48638.3,48671,29-05-2024 10:40
48669.75,48684.5,48649.55,48652.3,29-05-2024 10:45
48652.95,48667.95,48640.6,48658.15,29-05-2024 10:50
48656.65,48667.75,48626.1,48639.1,29-05-2024 10:55
48643.2,48650.45,48621.75,48637.35,29-05-2024 11:00
48636.25,48648.35,48625.7,48630.5,29-05-2024 11:05
48629.5,48642.55,48613.5,48629.15,29-05-2024 11:10
48627.65,48633.3,48549.5,48578.45,29-05-2024 11:15
48579.15,48626.95,48568.35,48626.3,29-05-2024 11:20
48627.4,48697.6,48608.7,48653.25,29-05-2024 11:25
48650.3,48661.1,48626.1,48632.7,29-05-2024 11:30
48632.95,48641.9,48622.1,48640.5,29-05-2024 11:35
48637.4,48640.65,48602.8,48613.15,29-05-2024 11:40
48612,48623.05,48594.45,48619.9,29-05-2024 11:45
48620.05,48622.25,48600.2,48616.45,29-05-2024 11:50
48617.4,48642.85,48608.65,48619.55,29-05-2024 11:55
48617.2,48635.25,48591.6,48608.4,29-05-2024 12:00
48606.15,48619,48578.7,48591.25,29-05-2024 12:05
48590.6,48637.3,48583.25,48620.6,29-05-2024 12:10
48615.7,48644.55,48599.9,48625,29-05-2024 12:15
48624.25,48630.1,48590,48595.35,29-05-2024 12:20
48592.95,48598.8,48567.45,48587.5,29-05-2024 12:25
48583.9,48612.3,48578.85,48604.2,29-05-2024 12:30
48604.45,48611.35,48578.45,48589.9,29-05-2024 12:35
48588.6,48614,48583.35,48612.9,29-05-2024 12:40
48614,48669.95,48602.4,48666.15,29-05-2024 12:45
48662.5,48670.75,48620.9,48625.15,29-05-2024 12:50
48623.1,48636.3,48581.4,48590.35,29-05-2024 12:55
48591.65,48608.35,48566.55,48576.1,29-05-2024 13:00
48575.35,48600.85,48560.45,48596.6,29-05-2024 13:05
48594.95,48605.9,48568.95,48579.45,29-05-2024 13:10
48580,48620.75,48568.9,48608.15,29-05-2024 13:15
48607.25,48618.65,48580.4,48595.9,29-05-2024 13:20
48592.95,48637.65,48586.15,48610.5,29-05-2024 13:25
48604.65,48662.55,48604,48634.15,29-05-2024 13:30
48634.2,48661.9,48601.55,48612.25,29-05-2024 13:35
48613.7,48640.9,48596.2,48628.4,29-05-2024 13:40
48625.5,48644.3,48610.6,48635.55,29-05-2024 13:45
48632.05,48650.15,48615.7,48621.25,29-05-2024 13:50
48620.8,48628.8,48590.15,48598.15,29-05-2024 13:55
48605.25,48607.3,48523.55,48529.8,29-05-2024 14:00
48538.5,48549.95,48502.65,48524.8,29-05-2024 14:05
48521.25,48562.7,48511.4,48549.5,29-05-2024 14:10
48556.25,48580.15,48525.7,48533.25,29-05-2024 14:15
48532.45,48562.85,48514.8,48541.25,29-05-2024 14:20
48540.3,48553.25,48499.15,48508.4,29-05-2024 14:25
48514.3,48532.4,48478.3,48523.75,29-05-2024 14:30
48525.8,48535.75,48503.75,48517.8,29-05-2024 14:35
48517.25,48522.8,48475.3,48493.25,29-05-2024 14:40
48495.3,48544.15,48452.55,48517.4,29-05-2024 14:45
48507.8,48526.3,48436.85,48446.4,29-05-2024 14:50
48458.05,48475.9,48401.55,48438.9,29-05-2024 14:55
48444.85,48485.1,48411.95,48454.65,29-05-2024 15:00
48446.4,48526.95,48417.6,48481.35,29-05-2024 15:05
48482.75,48547.85,48467.75,48525.7,29-05-2024 15:10
48518.4,48544.1,48460.75,48508.15,29-05-2024 15:15
48510.7,48593.15,48506,48591.55,29-05-2024 15:20
48594.35,48624.9,48563.05,48563.05,29-05-2024 15:25
48313.6,48753.5,48313.6,48735.1,30-05-2024 09:15
48742.9,48831.3,48694.9,48765.4,30-05-2024 09:20
48769.9,48849.2,48748.35,48849.2,30-05-2024 09:25
48850.6,48919.9,48835.3,48855.95,30-05-2024 09:30
48853.85,48874.2,48774.8,48779.5,30-05-2024 09:35
48782.85,48806.4,48758.65,48786.75,30-05-2024 09:40
48787.15,48828.75,48752.15,48752.2,30-05-2024 09:45
48753.75,48774.85,48730.45,48768.55,30-05-2024 09:50
48768.25,48807.35,48739,48753.95,30-05-2024 09:55
48752.95,48792.7,48729.2,48737.5,30-05-2024 10:00
48736.95,48759.9,48690.15,48692.1,30-05-2024 10:05
48695.05,48724,48637.75,48654,30-05-2024 10:10
48649.3,48694,48632.15,48691.3,30-05-2024 10:15
48689.6,48774.4,48689.6,48735.55,30-05-2024 10:20
48735.8,48738.95,48701.75,48711.35,30-05-2024 10:25
48711.95,48730,48682.85,48707.75,30-05-2024 10:30
48709.2,48788.65,48695.95,48704.2,30-05-2024 10:35
48704.25,48735.6,48701.95,48726,30-05-2024 10:40
48726.5,48744.25,48699.5,48711.7,30-05-2024 10:45
48714.8,48739.1,48702.4,48708.7,30-05-2024 10:50
48708.8,48714.1,48684.1,48688.25,30-05-2024 10:55
48691,48722.85,48675.6,48722.85,30-05-2024 11:00
48718.7,48725.15,48641.25,48647.95,30-05-2024 11:05
48646.85,48679.35,48638.35,48646.15,30-05-2024 11:10
48642.95,48660.35,48607.25,48616.7,30-05-2024 11:15
48617.95,48638.3,48572.85,48589.35,30-05-2024 11:20
48594.7,48644.2,48580.5,48599,30-05-2024 11:25
48596.2,48600.25,48545.65,48555.05,30-05-2024 11:30
48556.6,48594.15,48537.1,48543.55,30-05-2024 11:35
48545.4,48576.25,48531.05,48552.4,30-05-2024 11:40
48547.55,48598.35,48537.35,48555.65,30-05-2024 11:45
48557.3,48646.5,48557.25,48598.1,30-05-2024 11:50
48597.85,48644.5,48597.1,48613.7,30-05-2024 11:55
48614.5,48659.8,48604.9,48651.05,30-05-2024 12:00
48651.6,48713.2,48648.2,48692,30-05-2024 12:05
48690,48707.05,48635.5,48644.1,30-05-2024 12:10
48644.9,48670.4,48614.7,48669.15,30-05-2024 12:15
48667.95,48688.95,48657.3,48664.95,30-05-2024 12:20
48666.2,48714,48665.4,48668.05,30-05-2024 12:25
48667.7,48742.4,48667.7,48738.9,30-05-2024 12:30
48739.15,48798.75,48736.35,48771.45,30-05-2024 12:35
48772.35,48789.55,48742.9,48753.4,30-05-2024 12:40
48751.85,48831.15,48750.4,48809.6,30-05-2024 12:45
48813.45,48851.9,48805.15,48822.5,30-05-2024 12:50
48825.55,48871.5,48811.65,48865.35,30-05-2024 12:55
48862.25,48873.6,48838.35,48864.35,30-05-2024 13:00
48865.55,48874.2,48832.4,48832.4,30-05-2024 13:05
48840.35,48855.8,48814.45,48851.1,30-05-2024 13:10
48850.25,48862.35,48790.45,48794.25,30-05-2024 13:15
48793.1,48825.45,48780.65,48781.35,30-05-2024 13:20
48782.65,48815.7,48777.75,48787,30-05-2024 13:25
48786.45,48815.85,48773.25,48780.8,30-05-2024 13:30
48774.8,48839.95,48766.1,48837.5,30-05-2024 13:35
48835.3,48923.7,48821.9,48890.8,30-05-2024 13:40
48892.45,48981.95,48882.25,48971.7,30-05-2024 13:45
48971.15,49044.6,48965,48979.65,30-05-2024 13:50
48983.85,48985.3,48890.35,48945.05,30-05-2024 13:55
48945,48952.05,48909,48909.75,30-05-2024 14:00
48907.1,48922.5,48855.45,48855.45,30-05-2024 14:05
48854.8,48888.55,48843.35,48852.4,30-05-2024 14:10
48850.5,48905.4,48850.5,48895.75,30-05-2024 14:15
48897.5,48897.5,48842.75,48872.1,30-05-2024 14:20
48869.4,48884.85,48811.6,48820.2,30-05-2024 14:25
48819.15,48834.05,48741.15,48744,30-05-2024 14:30
48748.3,48748.3,48678.15,48744.25,30-05-2024 14:35
48739.85,48758.25,48707.05,48736.55,30-05-2024 14:40
48736.25,48791.1,48734.5,48781.2,30-05-2024 14:45
48781.3,48786.4,48703.65,48712.3,30-05-2024 14:50
48710.45,48734.05,48576.15,48578.15,30-05-2024 14:55
48578.2,48690.85,48545,48686.2,30-05-2024 15:00
48694.45,48761.05,48617.35,48632.2,30-05-2024 15:05
48632.15,48709.8,48618.35,48637.25,30-05-2024 15:10
48642.25,48729.65,48642.25,48721.5,30-05-2024 15:15
48720.9,48797.15,48720.9,48785.25,30-05-2024 15:20
48782.3,48838.65,48753.5,48822.85,30-05-2024 15:25
48895.15,48988.5,48874.5,48931.05,31-05-2024 09:15
48932.5,49079.05,48922.95,48991.25,31-05-2024 09:20
49003.3,49055.55,48954.25,48995.25,31-05-2024 09:25
48988.4,49016.75,48930.3,48996.45,31-05-2024 09:30
48992.85,49055.95,48972.15,49050.9,31-05-2024 09:35
49051.7,49066.7,48973.8,48986,31-05-2024 09:40
48989.8,48999.9,48901.55,48947,31-05-2024 09:45
48948.3,48968.65,48881.35,48894.8,31-05-2024 09:50
48893.6,48931.45,48852.45,48857.65,31-05-2024 09:55
48857.2,48866.9,48809.25,48820.05,31-05-2024 10:00
48820.45,48826.45,48730.55,48755.8,31-05-2024 10:05
48756,48800.15,48719.5,48719.5,31-05-2024 10:10
48717.85,48821.2,48698.15,48793.35,31-05-2024 10:15
48799.2,48799.2,48612.45,48706.45,31-05-2024 10:20
48713.1,48795.2,48704.45,48766.8,31-05-2024 10:25
48774.4,48784.7,48715.2,48728.55,31-05-2024 10:30
48731.8,48738.55,48685.05,48707.95,31-05-2024 10:35
48704.95,48772.65,48673.95,48755.45,31-05-2024 10:40
48756,48809.55,48711.7,48720.45,31-05-2024 10:45
48721.1,48740.3,48705.75,48725.7,31-05-2024 10:50
48725.4,48728.5,48675.25,48691.1,31-05-2024 10:55
48690.8,48702.75,48639.55,48674.25,31-05-2024 11:00
48675.3,48700.5,48643.75,48648.95,31-05-2024 11:05
48649.45,48699.5,48636.2,48698.5,31-05-2024 11:10
48698.35,48710.4,48621.2,48645.15,31-05-2024 11:15
48647.4,48671.4,48620.7,48640.1,31-05-2024 11:20
48637.1,48656.35,48587.65,48587.65,31-05-2024 11:25
48596.5,48649.55,48569.05,48644.4,31-05-2024 11:30
48642.7,48739.6,48640.35,48731.95,31-05-2024 11:35
48732.45,48778.75,48726.1,48764.4,31-05-2024 11:40
48765,48785.65,48734.15,48747.5,31-05-2024 11:45
48748.95,48749.15,48687.5,48715.75,31-05-2024 11:50
48717.05,48772.85,48705.6,48769.95,31-05-2024 11:55
48769.3,48792.15,48751.25,48763.7,31-05-2024 12:00
48762.65,48766.1,48703.55,48703.85,31-05-2024 12:05
48706.05,48729.45,48684.25,48688.5,31-05-2024 12:10
48684.65,48733.5,48681.25,48722.35,31-05-2024 12:15
48723.5,48740.4,48689.6,48712.35,31-05-2024 12:20
48711.3,48727.15,48684.35,48723.5,31-05-2024 12:25
48725.8,48761.1,48722.9,48731.15,31-05-2024 12:30
48736.75,48736.75,48684.25,48723.15,31-05-2024 12:35
48725.25,48760.45,48716.9,48751.5,31-05-2024 12:40
48754.15,48765.6,48715.7,48746.85,31-05-2024 12:45
48743.85,48769.35,48732.8,48768.3,31-05-2024 12:50
48767.35,48816.8,48738.7,48815.85,31-05-2024 12:55
48808.4,48839,48764.55,48833.65,31-05-2024 13:00
48832.85,48851.75,48802.5,48849.6,31-05-2024 13:05
48849.75,48863.4,48827.65,48836.95,31-05-2024 13:10
48835.7,48900.95,48831.8,48899.8,31-05-2024 13:15
48899.6,48945.95,48891.95,48935.3,31-05-2024 13:20
48934.2,48945.4,48904.8,48940.6,31-05-2024 13:25
48940.05,48946.8,48902,48910.9,31-05-2024 13:30
48909.9,48976.95,48898.4,48971.65,31-05-2024 13:35
48964.7,48983.85,48936.3,48961.5,31-05-2024 13:40
48960,49038.25,48950.55,48997.5,31-05-2024 13:45
49005.45,49032.55,48984.9,49019.65,31-05-2024 13:50
49021.3,49062.35,49001.55,49047.8,31-05-2024 13:55
49046.95,49108.35,49036.15,49081.4,31-05-2024 14:00
49094.15,49095.2,48983.45,49057.5,31-05-2024 14:05
49058.55,49060,48997.05,49030.75,31-05-2024 14:10
49034.65,49035.9,48858,48879.5,31-05-2024 14:15
48879,48933,48845.25,48856,31-05-2024 14:20
48856.9,48890.75,48822.1,48832.95,31-05-2024 14:25
48833.5,48856.35,48722.8,48750.95,31-05-2024 14:30
48751.95,48867.5,48738.65,48816.1,31-05-2024 14:35
48808.8,48874.45,48799.6,48861.2,31-05-2024 14:40
48864.9,48868.5,48805.75,48819.15,31-05-2024 14:45
48817.85,48877,48787.8,48851.5,31-05-2024 14:50
48850.95,48933.1,48837.25,48884.7,31-05-2024 14:55
48884.35,48984.05,48870.75,48918.2,31-05-2024 15:00
48919.65,48925.3,48845.1,48891.95,31-05-2024 15:05
48886.95,48974.7,48850.85,48966.3,31-05-2024 15:10
48964.15,49122.55,48964.15,49056.35,31-05-2024 15:15
49054.3,49115.15,49028.8,49090.4,31-05-2024 15:20
49085.3,49085.3,48937.45,48967.95,31-05-2024 15:25
50889.85,50990,50301.8,50622.05,03-06-2024 09:15
50615.45,50669.7,50257.3,50305.55,03-06-2024 09:20
50295.15,50501.85,50284.75,50407.45,03-06-2024 09:25
50404.35,50468.25,50269.6,50357.95,03-06-2024 09:30
50353.1,50422.7,50295.6,50395.85,03-06-2024 09:35
50401.2,50402.65,50105.5,50147,03-06-2024 09:40
50147.65,50334.45,50092.65,50231.65,03-06-2024 09:45
50231.85,50338.25,50163.25,50332.75,03-06-2024 09:50
50336.45,50473.1,50328.25,50420.45,03-06-2024 09:55
50421,50475.25,50338.15,50394.4,03-06-2024 10:00
50398.1,50435.5,50324.3,50429.75,03-06-2024 10:05
50420.95,50490.1,50411.65,50471.35,03-06-2024 10:10
50471.35,50485.5,50435.85,50453.05,03-06-2024 10:15
50453.35,50480.95,50387.3,50465.2,03-06-2024 10:20
50468.35,50554.75,50409.8,50554.35,03-06-2024 10:25
50556.95,50579.8,50505.25,50557.55,03-06-2024 10:30
50559.3,50560,50434.95,50461.5,03-06-2024 10:35
50461.25,50499.25,50441.05,50447.2,03-06-2024 10:40
50441.15,50509.05,50441.15,50463.5,03-06-2024 10:45
50465.15,50522.5,50420.55,50500.1,03-06-2024 10:50
50504.95,50524.1,50474.9,50515.1,03-06-2024 10:55
50513.2,50559.4,50496.6,50511.85,03-06-2024 11:00
50511.45,50533.75,50493.45,50516.2,03-06-2024 11:05
50516.35,50543.75,50480.4,50539,03-06-2024 11:10
50544.85,50657.25,50535.8,50648.85,03-06-2024 11:15
50650.35,50739.85,50639.5,50730.2,03-06-2024 11:20
50726.05,50739.7,50680.1,50734.2,03-06-2024 11:25
50732.45,50744.4,50667.15,50685.75,03-06-2024 11:30
50678.75,50712.2,50614.5,50695.5,03-06-2024 11:35
50701.5,50777.15,50684.25,50759.65,03-06-2024 11:40
50762.5,50820.05,50756.2,50804.75,03-06-2024 11:45
50806.45,50849.7,50781.15,50834.15,03-06-2024 11:50
50834.9,50945.05,50809.65,50931,03-06-2024 11:55
50935.8,50948.2,50839.45,50889.35,03-06-2024 12:00
50886.5,50918.6,50862.4,50900.8,03-06-2024 12:05
50900.8,50921.15,50790.65,50852.05,03-06-2024 12:10
50850.3,50852.95,50740.9,50828.45,03-06-2024 12:15
50824.95,50846.45,50786.85,50814.75,03-06-2024 12:20
50816.55,50852,50791.35,50841.55,03-06-2024 12:25
50843.35,50910.5,50840.55,50875.1,03-06-2024 12:30
50880.95,50882.8,50770.9,50799.25,03-06-2024 12:35
50805.4,50807.35,50723.35,50752.75,03-06-2024 12:40
50752.45,50823.6,50730.3,50773.55,03-06-2024 12:45
50777.45,50850.05,50737.75,50849.3,03-06-2024 12:50
50850.7,50903.1,50829.75,50893.85,03-06-2024 12:55
50895.15,50932.35,50878.2,50896.1,03-06-2024 13:00
50898.6,50914.5,50838,50906.1,03-06-2024 13:05
50907.15,50924.25,50875.55,50914.45,03-06-2024 13:10
50913.15,50921.85,50832.6,50854.4,03-06-2024 13:15
50852.25,50910.35,50801.3,50904.2,03-06-2024 13:20
50904.3,50920.75,50865.1,50886.3,03-06-2024 13:25
50891.1,50910,50856.2,50867.55,03-06-2024 13:30
50868.05,50868.05,50726.9,50731.4,03-06-2024 13:35
50726.15,50824.7,50611.4,50818.45,03-06-2024 13:40
50820.55,50899.35,50797.1,50882.25,03-06-2024 13:45
50884.85,50886.9,50780.65,50810.55,03-06-2024 13:50
50809.65,50849.2,50789.3,50849.2,03-06-2024 13:55
50849.25,50866.75,50813,50854.75,03-06-2024 14:00
50856.7,50856.7,50806.3,50838.35,03-06-2024 14:05
50838.45,50844.25,50760.65,50791.7,03-06-2024 14:10
50787.85,50799.1,50715.65,50735,03-06-2024 14:15
50732.85,50806.45,50724.4,50793.55,03-06-2024 14:20
50791.25,50827.55,50735.4,50741.6,03-06-2024 14:25
50744.4,50804.35,50709.55,50782.6,03-06-2024 14:30
50790.05,50853.65,50766.6,50847.65,03-06-2024 14:35
50849.45,50869.35,50815.2,50850.85,03-06-2024 14:40
50853.1,50858.6,50785.05,50821.85,03-06-2024 14:45
50822.55,50825.95,50798.15,50804.35,03-06-2024 14:50
50803.7,50859.05,50795.9,50855.85,03-06-2024 14:55
50849.7,50922.25,50838.3,50869.25,03-06-2024 15:00
50869.25,50944.6,50850.65,50943.8,03-06-2024 15:05
50940.85,50965.6,50911.65,50955,03-06-2024 15:10
50957.4,51106.15,50956.6,51062.45,03-06-2024 15:15
51066.6,51091.3,51027.1,51084.4,03-06-2024 15:20
51084.5,51133.2,51070.05,51106.05,03-06-2024 15:25
50667.05,50667.05,49967.05,50244.75,04-06-2024 09:15
50237.8,50251.4,49409.65,49502.25,04-06-2024 09:20
49500.1,49543.1,49181.3,49181.3,04-06-2024 09:25
49182.85,49216.75,48741.55,49216.55,04-06-2024 09:30
49218.05,49498.25,49217.95,49479.1,04-06-2024 09:35
49479,49496.8,49061.1,49104.6,04-06-2024 09:40
49104.35,49385.75,49052.5,49328.85,04-06-2024 09:45
49334.05,49402.1,49222.2,49395.4,04-06-2024 09:50
49394.6,49699.1,49295.05,49368.7,04-06-2024 09:55
49363.6,49413.8,49173.65,49370.25,04-06-2024 10:00
49368.25,49507.55,49316.85,49484.4,04-06-2024 10:05
49484.35,49558.9,49414.9,49525.65,04-06-2024 10:10
49526.7,49526.7,49354,49357.5,04-06-2024 10:15
49359.1,49409.15,48986.6,49401.95,04-06-2024 10:20
49404.05,49404.05,49150.05,49222.5,04-06-2024 10:25
49222.75,49266.1,49096.55,49117.05,04-06-2024 10:30
49109.15,49206.85,49034.7,49125.15,04-06-2024 10:35
49123.85,49159.75,48692.7,48817.35,04-06-2024 10:40
48814.2,48935.9,48618.05,48887.1,04-06-2024 10:45
48879.8,48933.15,48596.55,48606.35,04-06-2024 10:50
48602.6,48602.6,48248.1,48318.85,04-06-2024 10:55
48314.65,48382.35,48016.85,48055.95,04-06-2024 11:00
48054.35,48087.6,47414.4,48049.45,04-06-2024 11:05
48041.3,48270.15,47708.5,47714.95,04-06-2024 11:10
47712.65,48080.75,47668.35,47877.85,04-06-2024 11:15
47871.6,48384.15,47847.4,48326.35,04-06-2024 11:20
48319.65,48439.25,48026.1,48347.15,04-06-2024 11:25
48316.25,48319.75,48018.95,48138.5,04-06-2024 11:30
48136.55,48227.9,47958.95,48034.3,04-06-2024 11:35
48043.15,48052.5,47650.85,47667.85,04-06-2024 11:40
47666.4,47851.05,47640.25,47812.8,04-06-2024 11:45
47814.8,47881.8,47552.75,47688.35,04-06-2024 11:50
47679.75,47687.9,47231.8,47231.8,04-06-2024 11:55
47215.5,47269.8,46744.85,47012.2,04-06-2024 12:00
47008.2,47097.45,46674.35,46686.75,04-06-2024 12:05
46688.95,46967.25,46138.35,46701.45,04-06-2024 12:10
46693.6,46933.8,46579.95,46730.65,04-06-2024 12:15
46730.15,46746.75,46242.6,46314.7,04-06-2024 12:20
46309.65,46458.35,46077.85,46091.7,04-06-2024 12:25
46104.55,46625.65,46086.95,46486.75,04-06-2024 12:30
46485.95,46729.3,46354.9,46445.95,04-06-2024 12:35
46451.1,47160.75,46451.1,47088.75,04-06-2024 12:40
47096.9,47321.95,46749.9,47274.05,04-06-2024 12:45
47258.45,47398.2,46833.05,47382.15,04-06-2024 12:50
47381.75,47399.9,46878.75,47013.35,04-06-2024 12:55
47008.8,47140.1,46689.55,46926,04-06-2024 13:00
46923.25,47073.05,46801.1,46923.5,04-06-2024 13:05
46930.7,47289.15,46885.4,47284.4,04-06-2024 13:10
47284.35,47288.95,47099.75,47255.85,04-06-2024 13:15
47257.3,47581.9,47203.9,47477.6,04-06-2024 13:20
47470.75,47581.85,47143.6,47216.1,04-06-2024 13:25
47215.3,47322.75,46943.2,47321.05,04-06-2024 13:30
47313,47403.9,47177.9,47315.8,04-06-2024 13:35
47316.25,47322.65,47081.95,47296.95,04-06-2024 13:40
47295.05,47702.1,47284.65,47682.75,04-06-2024 13:45
47687.3,48083.85,47616.55,48022.9,04-06-2024 13:50
48037.85,48043.5,47645.15,47836.45,04-06-2024 13:55
47831.65,47842.95,47453.95,47488.05,04-06-2024 14:00
47476.95,47529.75,47072,47328.8,04-06-2024 14:05
47337.45,47534.55,47247.85,47512.6,04-06-2024 14:10
47509.35,47515.55,47278.4,47385.2,04-06-2024 14:15
47386.4,47399.35,47041.35,47291.6,04-06-2024 14:20
47290.6,47293.75,47056.4,47078.2,04-06-2024 14:25
47077.6,47505.45,47077.6,47349.2,04-06-2024 14:30
47358.9,47567.9,47217.35,47520.7,04-06-2024 14:35
47513.55,47670.55,47272.5,47420.2,04-06-2024 14:40
47413.6,47461.45,47094.75,47152.65,04-06-2024 14:45
47155.45,47277.4,47049,47049,04-06-2024 14:50
47062.8,47177.65,46873.3,46873.3,04-06-2024 14:55
46864.55,46967.05,46662.6,46711.5,04-06-2024 15:00
46711.55,47003.8,46652.15,46892.5,04-06-2024 15:05
46882.7,47103.15,46867.1,47035.8,04-06-2024 15:10
47035.45,47099.15,46887.1,47015.7,04-06-2024 15:15
47018.9,47096.65,46917.35,47089.85,04-06-2024 15:20
47093.65,47600.75,47032.65,47206.25,04-06-2024 15:25
47486.6,47502,46945.4,46994.75,05-06-2024 09:15
46990.45,47083.85,46760.5,46805.6,05-06-2024 09:20
46816.75,47085.3,46801.95,46979.95,05-06-2024 09:25
46992.55,47264.5,46992.55,47111.05,05-06-2024 09:30
47111.95,47164.45,46850.4,46867.9,05-06-2024 09:35
46878.8,47026.35,46835.75,46870.95,05-06-2024 09:40
46873.5,46936.9,46807.8,46831,05-06-2024 09:45
46827.85,46877.4,46607.45,46653.35,05-06-2024 09:50
46658.1,46709.15,46473.6,46518.8,05-06-2024 09:55
46525.85,46678.4,46523.25,46601.25,05-06-2024 10:00
46584.85,46940.7,46550.35,46927.85,05-06-2024 10:05
46923.4,47038.1,46846.6,47004.45,05-06-2024 10:10
47006.8,47069.15,46808.7,46844.9,05-06-2024 10:15
46844.4,46844.4,46649.6,46693.7,05-06-2024 10:20
46702.3,46725.55,46446.8,46505.95,05-06-2024 10:25
46510.05,46735.1,46510.05,46703.85,05-06-2024 10:30
46707.95,46757.5,46640.55,46708.7,05-06-2024 10:35
46705.7,46832.85,46639.5,46803.4,05-06-2024 10:40
46800.75,47026.9,46754.1,47014,05-06-2024 10:45
47015.15,47071.8,46951.85,46977.1,05-06-2024 10:50
46979.05,47273.8,46906.5,47231.5,05-06-2024 10:55
47224.4,47435.65,47218.15,47431.1,05-06-2024 11:00
47427.2,47526.45,47328,47494,05-06-2024 11:05
47515.55,47865.9,47504.85,47863.2,05-06-2024 11:10
47861.4,47927.45,47734.85,47834.1,05-06-2024 11:15
47834.8,47893.15,47681.45,47769.15,05-06-2024 11:20
47769.7,47978.7,47769.7,47949.75,05-06-2024 11:25
47947.9,48000.6,47796.6,47880.25,05-06-2024 11:30
47885.95,47928.65,47757.1,47786,05-06-2024 11:35
47787.05,47912.65,47772.9,47783.4,05-06-2024 11:40
47763.1,47792.55,47519.35,47519.35,05-06-2024 11:45
47527.3,47639.85,47384.4,47402.8,05-06-2024 11:50
47407.35,47597.9,47407.35,47496.3,05-06-2024 11:55
47498,47701.95,47472.85,47661.85,05-06-2024 12:00
47663.65,47720.8,47611.9,47645.35,05-06-2024 12:05
47639.85,47682.75,47568.05,47673.3,05-06-2024 12:10
47672.9,47848.5,47671.65,47823.05,05-06-2024 12:15
47821.8,47836.55,47723.95,47751.45,05-06-2024 12:20
47748.45,47788.3,47685.9,47788.3,05-06-2024 12:25
47788.4,47954.3,47776.95,47922.3,05-06-2024 12:30
47922.95,47984.8,47884.5,47927.2,05-06-2024 12:35
47932.3,47936.35,47784.2,47861.1,05-06-2024 12:40
47862.05,47916.05,47708.05,47739.1,05-06-2024 12:45
47733.3,47913.55,47716.35,47907.2,05-06-2024 12:50
47904.9,48190.55,47881.1,48182.55,05-06-2024 12:55
48182.45,48249.95,48057.4,48199.35,05-06-2024 13:00
48195.3,48243.35,48134.05,48205.55,05-06-2024 13:05
48212.85,48285.55,48114.55,48139,05-06-2024 13:10
48136.55,48202.25,48067,48166.15,05-06-2024 13:15
48166.9,48274,48154.9,48222.3,05-06-2024 13:20
48219.9,48305.1,48181.45,48305.1,05-06-2024 13:25
48296.9,48351.45,48240.1,48299.1,05-06-2024 13:30
48301.95,48383.95,48284.75,48340.35,05-06-2024 13:35
48345.2,48347.55,48254,48327.55,05-06-2024 13:40
48328.55,48345.7,48180.3,48314.7,05-06-2024 13:45
48317,48394.55,48256.75,48358.8,05-06-2024 13:50
48359.05,48442.5,48323.05,48385.05,05-06-2024 13:55
48386.95,48536.3,48352.7,48506.6,05-06-2024 14:00
48506.7,48677.75,48464.2,48666.05,05-06-2024 14:05
48670.5,48799.95,48610.05,48659.95,05-06-2024 14:10
48667.25,48696.95,48515.45,48614.9,05-06-2024 14:15
48611.1,48816.05,48574.55,48795.55,05-06-2024 14:20
48798.2,48903,48755.6,48866.4,05-06-2024 14:25
48865.25,49018.1,48838.85,48964.3,05-06-2024 14:30
48959.4,49249.1,48938.75,49249.1,05-06-2024 14:35
49251.8,49252.8,49105.95,49121.65,05-06-2024 14:40
49129.65,49335.8,49121.7,49328.05,05-06-2024 14:45
49320.7,49362.9,49016.85,49178.25,05-06-2024 14:50
49180.95,49203.85,48952.6,49032.75,05-06-2024 14:55
49035.45,49236.75,49035.45,49088.15,05-06-2024 15:00
49088.9,49163.65,49006.45,49149.65,05-06-2024 15:05
49145.4,49192.4,49020.05,49065.2,05-06-2024 15:10
49063.1,49100,48965.95,49041.3,05-06-2024 15:15
49040.5,49046.15,48882.35,48885.15,05-06-2024 15:20
48892.3,48895.55,48801.3,48847.1,05-06-2024 15:25
49426.4,49438.05,49063.75,49366.9,06-06-2024 09:15
49361.8,49438.55,49247.15,49321.6,06-06-2024 09:20
49311.75,49335.8,49176.15,49307.45,06-06-2024 09:25
49305.85,49397.6,49244.05,49397.6,06-06-2024 09:30
49396.55,49471.05,49358.3,49405.2,06-06-2024 09:35
49415.3,49477.5,49311.85,49314.8,06-06-2024 09:40
49318.05,49370.2,49125.9,49163.8,06-06-2024 09:45
49165.45,49302.2,49161.1,49221.4,06-06-2024 09:50
49228.55,49296.55,49177.4,49228.45,06-06-2024 09:55
49226,49366.1,49206.35,49353.8,06-06-2024 10:00
49358.65,49362.9,49310,49318.45,06-06-2024 10:05
49315.95,49342,49256.05,49319,06-06-2024 10:10
49317.95,49466.85,49310.5,49460.1,06-06-2024 10:15
49467,49584.6,49460.45,49561.65,06-06-2024 10:20
49561.8,49605.85,49497.35,49593,06-06-2024 10:25
49588.55,49601.3,49513.9,49568.4,06-06-2024 10:30
49571.15,49651.95,49556.2,49643.4,06-06-2024 10:35
49645,49672.75,49559.9,49587.65,06-06-2024 10:40
49592.85,49618.05,49569.65,49617.3,06-06-2024 10:45
49618.1,49632.2,49522.55,49525,06-06-2024 10:50
49525.05,49623.8,49508.3,49622.6,06-06-2024 10:55
49622.15,49637.8,49583.75,49602.7,06-06-2024 11:00
49601.55,49648.6,49596.6,49641.1,06-06-2024 11:05
49641,49641,49559.55,49600.6,06-06-2024 11:10
49601.4,49604.7,49548.4,49592,06-06-2024 11:15
49592.3,49612.6,49525,49599.1,06-06-2024 11:20
49605.6,49612.05,49546.45,49564.6,06-06-2024 11:25
49565,49574.9,49424.25,49452.35,06-06-2024 11:30
49453,49515.65,49361.85,49381.7,06-06-2024 11:35
49380.9,49462.2,49360.25,49425.1,06-06-2024 11:40
49425.65,49457.35,49168.5,49184.7,06-06-2024 11:45
49181.75,49404.25,49160.8,49365.4,06-06-2024 11:50
49368.1,49489.8,49337.45,49350.65,06-06-2024 11:55
49351.45,49376.4,49230.2,49265.15,06-06-2024 12:00
49262.7,49335.9,49228.2,49283.25,06-06-2024 12:05
49284.15,49315.35,49218.2,49231.15,06-06-2024 12:10
49232.7,49284.95,49188,49273.45,06-06-2024 12:15
49275.3,49363.4,49251.6,49293.85,06-06-2024 12:20
49292.65,49332.6,49256.3,49281.2,06-06-2024 12:25
49278.65,49366.25,49254.65,49331.05,06-06-2024 12:30
49327.85,49329.05,49150.55,49180.55,06-06-2024 12:35
49181.55,49225.7,49146.2,49165.5,06-06-2024 12:40
49165.3,49279.7,49115.2,49279.4,06-06-2024 12:45
49276.15,49288.55,49198.3,49198.3,06-06-2024 12:50
49203.75,49226.85,49141.2,49190.3,06-06-2024 12:55
49192.5,49201.2,48995.1,49033.4,06-06-2024 13:00
49022.15,49100.6,48928.1,48936.4,06-06-2024 13:05
48947.3,49040.95,48906.75,49040.95,06-06-2024 13:10
49040.95,49165.3,49024.35,49085.35,06-06-2024 13:15
49090.55,49138.55,49074.05,49084.95,06-06-2024 13:20
49084.25,49213.25,49062,49202.05,06-06-2024 13:25
49201.7,49252.5,49155.65,49168.15,06-06-2024 13:30
49156.5,49276.95,49139.65,49274.4,06-06-2024 13:35
49277,49378.85,49264.5,49365,06-06-2024 13:40
49369.1,49380,49161.8,49199.95,06-06-2024 13:45
49197.4,49231.4,49114.75,49171.35,06-06-2024 13:50
49174.7,49275.25,49160.05,49259.1,06-06-2024 13:55
49251.8,49298.65,49168.2,49168.2,06-06-2024 14:00
49172.3,49208.4,49125.45,49190.1,06-06-2024 14:05
49191.8,49231.5,49155.15,49199,06-06-2024 14:10
49197.9,49210.55,49039.15,49070.75,06-06-2024 14:15
49064.6,49150.85,49032.3,49112.25,06-06-2024 14:20
49113.25,49132.1,49064.1,49090.3,06-06-2024 14:25
49091.2,49105.5,48999.85,49064.3,06-06-2024 14:30
49068,49099.3,49003.35,49009.9,06-06-2024 14:35
49001.65,49093.45,48948.3,49082.05,06-06-2024 14:40
49084.25,49180.25,49079.55,49150.85,06-06-2024 14:45
49163.8,49200.65,49051.75,49083.55,06-06-2024 14:50
49082.2,49208.1,49082.2,49182.65,06-06-2024 14:55
49181.4,49317.15,49181.4,49302.5,06-06-2024 15:00
49298.25,49329.15,49275.8,49299.05,06-06-2024 15:05
49298.7,49335.4,49290.3,49326.4,06-06-2024 15:10
49326.85,49331.3,49194.65,49294.65,06-06-2024 15:15
49292.85,49341.45,49268.85,49339.3,06-06-2024 15:20
49334.85,49367.1,49297.45,49330.9,06-06-2024 15:25
49316.95,49399.8,49080.45,49133.4,07-06-2024 09:15
49139.4,49388.6,49139.4,49388.6,07-06-2024 09:20
49389.8,49454.3,49346.7,49401.25,07-06-2024 09:25
49396.9,49409.7,49318.15,49380,07-06-2024 09:30
49377.5,49425.6,49339.65,49409.6,07-06-2024 09:35
49413.2,49433.25,49370.2,49394.5,07-06-2024 09:40
49392.6,49400.55,49320.05,49344.8,07-06-2024 09:45
49343.65,49354.85,49288.75,49315.9,07-06-2024 09:50
49311.6,49488.85,49308.55,49471.5,07-06-2024 09:55
49470.05,49506.25,49382.15,49384.75,07-06-2024 10:00
49387.4,49466.6,49368.6,49445.7,07-06-2024 10:05
49445.2,49476.25,49405.65,49409.9,07-06-2024 10:10
49408.2,49413.6,49282.3,49327.5,07-06-2024 10:15
49327.65,49360.1,49228.05,49345.7,07-06-2024 10:20
49340.95,49451.2,49336,49434.45,07-06-2024 10:25
49435.2,49494.25,49401.5,49465,07-06-2024 10:30
49461.7,49615.1,49449.15,49615.1,07-06-2024 10:35
49614.95,49660.6,49556.65,49580.3,07-06-2024 10:40
49574.7,49615.15,49537.25,49593.75,07-06-2024 10:45
49590.45,49614.8,49541.9,49541.9,07-06-2024 10:50
49541.15,49626.45,49531.45,49623.25,07-06-2024 10:55
49625,49627.35,49558.7,49596.3,07-06-2024 11:00
49596.05,49669.45,49595.05,49665.65,07-06-2024 11:05
49668.05,49677.4,49635.25,49659.15,07-06-2024 11:10
49658.35,49660.5,49613.2,49627.25,07-06-2024 11:15
49625.25,49630,49571.5,49609.85,07-06-2024 11:20
49613.5,49643.35,49564,49574.9,07-06-2024 11:25
49572.1,49659.3,49569.95,49645.7,07-06-2024 11:30
49645.75,49783.5,49634.05,49777.4,07-06-2024 11:35
49779.85,49789.35,49754.45,49776.15,07-06-2024 11:40
49777.45,49859.1,49755.6,49838.3,07-06-2024 11:45
49835.35,49932.15,49826.1,49914.4,07-06-2024 11:50
49911.55,49912.6,49820.1,49854.65,07-06-2024 11:55
49854.6,49889.55,49817.75,49854.6,07-06-2024 12:00
49854.7,49906.5,49842.3,49892.4,07-06-2024 12:05
49896,49910.5,49827.8,49832,07-06-2024 12:10
49833.9,49844.8,49730.95,49800.05,07-06-2024 12:15
49798.75,49872.1,49798.2,49824.2,07-06-2024 12:20
49825.55,49854.35,49795.8,49848.9,07-06-2024 12:25
49849.4,49873.05,49807.9,49839.95,07-06-2024 12:30
49845.05,49856.45,49795.2,49843.8,07-06-2024 12:35
49848.1,49870.85,49826.3,49865.6,07-06-2024 12:40
49863.95,49943.2,49855.8,49901.3,07-06-2024 12:45
49899.75,49912.3,49821.75,49828.45,07-06-2024 12:50
49825.75,49866.7,49785.35,49856.55,07-06-2024 12:55
49850.55,49861.35,49761.05,49806.4,07-06-2024 13:00
49806.6,49849.85,49800.7,49816.35,07-06-2024 13:05
49813.85,49864.5,49781.75,49857.9,07-06-2024 13:10
49857.65,49860.4,49760.4,49769.25,07-06-2024 13:15
49772.95,49808.7,49665.25,49729.45,07-06-2024 13:20
49728.8,49779.6,49712.9,49749.65,07-06-2024 13:25
49748.7,49787.9,49726.9,49783.1,07-06-2024 13:30
49784.2,49845.85,49778.4,49821.25,07-06-2024 13:35
49823.15,49854,49777.7,49850.2,07-06-2024 13:40
49847.75,49879.55,49824.45,49857.15,07-06-2024 13:45
49853.95,49897.45,49809.1,49824.8,07-06-2024 13:50
49824.9,49842.15,49728.5,49738.25,07-06-2024 13:55
49736.6,49793.85,49707.7,49778.95,07-06-2024 14:00
49783.75,49822.4,49758.1,49816.8,07-06-2024 14:05
49816.95,49838.95,49790.65,49814,07-06-2024 14:10
49817.3,49887.55,49812.15,49866.6,07-06-2024 14:15
49862.75,49909.2,49822.45,49845.65,07-06-2024 14:20
49843.75,49850.25,49761.5,49818.7,07-06-2024 14:25
49819,49849.85,49782.2,49794.7,07-06-2024 14:30
49802.2,49819.85,49754.25,49783.55,07-06-2024 14:35
49778.25,49801.5,49711.25,49735.45,07-06-2024 14:40
49734.05,49838.2,49734.05,49796.6,07-06-2024 14:45
49802.15,49887.6,49781.85,49859.45,07-06-2024 14:50
49857.4,49866.6,49824.1,49847.35,07-06-2024 14:55
49838.25,49866.9,49744.2,49812.55,07-06-2024 15:00
49814.1,49831,49779,49820.7,07-06-2024 15:05
49819.5,49834.8,49769.35,49777.75,07-06-2024 15:10
49776.5,49849.05,49752.35,49823.45,07-06-2024 15:15
49819.9,49833.3,49781.85,49802.85,07-06-2024 15:20
49800.45,49827.6,49792.7,49806.6,07-06-2024 15:25
49808.15,50157.5,49803.35,50157.5,10-06-2024 09:15
50136.1,50213.65,50076.85,50189.25,10-06-2024 09:20
50207.35,50252.95,50176.4,50235.7,10-06-2024 09:25
50235.4,50247.25,49984,50005.3,10-06-2024 09:30
50002.6,50057.15,49746.5,49859.3,10-06-2024 09:35
49859.85,50032.25,49813.35,49916.1,10-06-2024 09:40
49921.35,49939.5,49840.25,49855.15,10-06-2024 09:45
49857,49916.15,49729.75,49833.85,10-06-2024 09:50
49836.2,49871.3,49785.6,49788.7,10-06-2024 09:55
49786.5,49825.05,49654.2,49796.85,10-06-2024 10:00
49793.45,49908.6,49764.9,49907.9,10-06-2024 10:05
49910.05,49969.5,49893.55,49910.65,10-06-2024 10:10
49911.05,49949.1,49841.3,49949.1,10-06-2024 10:15
49947.7,49986.4,49886.15,49934.25,10-06-2024 10:20
49935.5,49967.95,49908.6,49932.45,10-06-2024 10:25
49932.95,49943.5,49872.3,49926.1,10-06-2024 10:30
49923.85,49928.05,49795.75,49828.85,10-06-2024 10:35
49831.4,49882.65,49826.3,49835.1,10-06-2024 10:40
49829.8,49876.7,49772.1,49844.95,10-06-2024 10:45
49844.3,49879,49806.9,49820.05,10-06-2024 10:50
49822.35,49914.75,49812.45,49871.05,10-06-2024 10:55
49871.55,49919.05,49861.25,49896.15,10-06-2024 11:00
49897.2,49907.35,49823.1,49831.4,10-06-2024 11:05
49831.45,49865.45,49822.85,49858.05,10-06-2024 11:10
49860,49916.9,49859.55,49891.3,10-06-2024 11:15
49887.25,49949.6,49872.95,49928.65,10-06-2024 11:20
49926.5,50005.85,49900.1,49999.45,10-06-2024 11:25
50000.45,50019.9,49929.4,49950.6,10-06-2024 11:30
49952.5,49968.95,49915.9,49963.25,10-06-2024 11:35
49964.15,49973.7,49919.25,49949.55,10-06-2024 11:40
49950.4,49973.15,49924.4,49933.6,10-06-2024 11:45
49932.95,49947.8,49903.35,49929.3,10-06-2024 11:50
49928.6,49939.95,49870.5,49879.75,10-06-2024 11:55
49880.3,49909,49862.7,49889.5,10-06-2024 12:00
49888.45,49912.35,49851.45,49875.75,10-06-2024 12:05
49886.2,49896.15,49825.7,49861.3,10-06-2024 12:10
49862.75,49902.25,49844.75,49884.45,10-06-2024 12:15
49886.55,49897.1,49846.2,49885.55,10-06-2024 12:20
49886.55,49910.2,49850.05,49857.35,10-06-2024 12:25
49854.8,49899.15,49852.2,49891.05,10-06-2024 12:30
49892.4,49922.75,49871.15,49906.9,10-06-2024 12:35
49910.15,49925.3,49882.45,49916.15,10-06-2024 12:40
49917.6,49935.1,49894.65,49906.15,10-06-2024 12:45
49905.2,49948.25,49882.75,49943.3,10-06-2024 12:50
49945.5,49957.15,49914.45,49928.2,10-06-2024 12:55
49927.65,49972.9,49918.4,49961.75,10-06-2024 13:00
49962.7,49980.9,49936.4,49954.55,10-06-2024 13:05
49954.5,49959.8,49914.45,49930.25,10-06-2024 13:10
49926.2,49960.6,49898.1,49937.55,10-06-2024 13:15
49934.2,49965.75,49916.55,49958.45,10-06-2024 13:20
49960.45,49969.05,49929.1,49929.1,10-06-2024 13:25
49931.85,49957.2,49924.1,49951.35,10-06-2024 13:30
49948.95,49996.85,49942.55,49992,10-06-2024 13:35
49994.6,50071.3,49982.9,50062,10-06-2024 13:40
50063.4,50072.8,50009.7,50021.95,10-06-2024 13:45
50021.05,50039.6,49990.35,50030.05,10-06-2024 13:50
50028.35,50089.65,50015.2,50088.6,10-06-2024 13:55
50083,50099.2,50058.3,50082.2,10-06-2024 14:00
50081.9,50083.55,50018.8,50052.45,10-06-2024 14:05
50053,50066.15,50029.8,50046.5,10-06-2024 14:10
50046.3,50057.8,50023.45,50054.25,10-06-2024 14:15
50052.75,50065.9,49990.8,49993.1,10-06-2024 14:20
49984.45,49999.25,49845.65,49864.2,10-06-2024 14:25
49859.2,49919.2,49838.9,49838.9,10-06-2024 14:30
49836.45,49886.7,49716.8,49886.7,10-06-2024 14:35
49887.15,49902.2,49815.35,49895.25,10-06-2024 14:40
49895.15,49895.2,49804.4,49814.75,10-06-2024 14:45
49814.8,49859.3,49790.8,49853.85,10-06-2024 14:50
49851.65,49880.4,49814.1,49871.3,10-06-2024 14:55
49868.9,49880.75,49828.45,49864.2,10-06-2024 15:00
49861,49863.2,49760,49797.5,10-06-2024 15:05
49795.6,49838.7,49776.2,49818.35,10-06-2024 15:10
49814.75,49826.95,49780.8,49803.35,10-06-2024 15:15
49800.2,49808.8,49709.75,49713.95,10-06-2024 15:20
49714.3,49714.7,49622.75,49689.65,10-06-2024 15:25
49751.2,49766.9,49530.45,49619.1,11-06-2024 09:15
49616.7,49672.7,49580.4,49620.5,11-06-2024 09:20
49621.6,49709.9,49610.25,49683.75,11-06-2024 09:25
49684,49688.7,49577.1,49588.5,11-06-2024 09:30
49588.9,49615.5,49543.45,49547.8,11-06-2024 09:35
49549.45,49665.7,49541.2,49659.2,11-06-2024 09:40
49660.3,49787.55,49660.1,49745.8,11-06-2024 09:45
49753.65,49832.5,49738.6,49760.7,11-06-2024 09:50
49758.8,49775,49702.8,49732.95,11-06-2024 09:55
49728.3,49817.35,49708.75,49793.15,11-06-2024 10:00
49795.15,49812.7,49761.7,49804,11-06-2024 10:05
49806.45,49891.75,49799.1,49861.4,11-06-2024 10:10
49860.9,49889.1,49829.8,49871.8,11-06-2024 10:15
49871.4,49871.7,49825.45,49840.6,11-06-2024 10:20
49843.4,49893.4,49825,49839.95,11-06-2024 10:25
49836.55,49902.9,49806.05,49896.05,11-06-2024 10:30
49899.1,49932.95,49870.25,49928.2,11-06-2024 10:35
49928.75,49937.1,49858.9,49869,11-06-2024 10:40
49870.4,49890.1,49852.5,49870.2,11-06-2024 10:45
49866.1,49895.9,49854.05,49891.65,11-06-2024 10:50
49892.05,49897.6,49841.35,49853.25,11-06-2024 10:55
49852.15,49867.15,49812.6,49864.4,11-06-2024 11:00
49865.4,49888.35,49852.05,49869.9,11-06-2024 11:05
49869.5,49884.2,49857.05,49861.3,11-06-2024 11:10
49863.55,49871.55,49843.35,49861.95,11-06-2024 11:15
49858.8,49863,49817.5,49831.6,11-06-2024 11:20
49831.05,49835.6,49774.05,49779.6,11-06-2024 11:25
49780.5,49820.95,49779.5,49819.4,11-06-2024 11:30
49819.05,49833.05,49809.4,49823.5,11-06-2024 11:35
49822.8,49840.7,49812.2,49823.35,11-06-2024 11:40
49824.4,49832.3,49809.2,49818.55,11-06-2024 11:45
49821.1,49832.05,49807,49825.55,11-06-2024 11:50
49824.3,49828.2,49765.95,49782.85,11-06-2024 11:55
49783.5,49796.95,49750.2,49764.45,11-06-2024 12:00
49765.15,49815.95,49758.5,49813.1,11-06-2024 12:05
49814.15,49825.55,49796.9,49801.4,11-06-2024 12:10
49801.65,49811.15,49789.35,49793.5,11-06-2024 12:15
49792.85,49807.75,49768.15,49799.3,11-06-2024 12:20
49799.2,49814.55,49791.15,49805.2,11-06-2024 12:25
49807.05,49814.1,49766.6,49768.5,11-06-2024 12:30
49772.85,49796.9,49751.75,49793.45,11-06-2024 12:35
49793.05,49817.4,49775.65,49798.55,11-06-2024 12:40
49797.7,49829.35,49775,49778.15,11-06-2024 12:45
49780,49885.9,49776.1,49876,11-06-2024 12:50
49876.1,49905,49813.3,49843.6,11-06-2024 12:55
49844.25,49875.75,49821.5,49860,11-06-2024 13:00
49859.75,49872.6,49852.95,49865.2,11-06-2024 13:05
49863.75,49880.15,49848.95,49858.25,11-06-2024 13:10
49860.55,49904.05,49856.65,49898.75,11-06-2024 13:15
49899.75,49945.25,49894.45,49918.1,11-06-2024 13:20
49918.95,49943.9,49887.75,49897.45,11-06-2024 13:25
49895.1,49926.6,49873.05,49916.9,11-06-2024 13:30
49920.3,49942.45,49898,49931.55,11-06-2024 13:35
49931.3,49938.75,49906,49935.4,11-06-2024 13:40
49934,49970.3,49908.25,49931.35,11-06-2024 13:45
49929.4,49937.7,49890.9,49900,11-06-2024 13:50
49896.45,49926.2,49884.75,49921,11-06-2024 13:55
49918.4,49919.35,49768.8,49790.1,11-06-2024 14:00
49790.35,49842.15,49778.85,49832.25,11-06-2024 14:05
49831.9,49835.55,49777.6,49814.55,11-06-2024 14:10
49814.3,49824.5,49779.25,49785.45,11-06-2024 14:15
49781.25,49816.95,49744.6,49803.05,11-06-2024 14:20
49808.7,49836.05,49797.3,49824.35,11-06-2024 14:25
49827.8,49851.75,49817.7,49822.6,11-06-2024 14:30
49819.85,49844.8,49785.95,49813.95,11-06-2024 14:35
49808.55,49829.9,49787,49803.15,11-06-2024 14:40
49806.35,49811.75,49781.35,49785.75,11-06-2024 14:45
49784.35,49809.95,49762.75,49776.2,11-06-2024 14:50
49773.4,49840.15,49770.4,49811.15,11-06-2024 14:55
49814.15,49820.3,49701.6,49711.65,11-06-2024 15:00
49707.05,49752.85,49682.4,49741.4,11-06-2024 15:05
49739.8,49771.8,49706.65,49732.85,11-06-2024 15:10
49735.85,49740.6,49645.5,49682.2,11-06-2024 15:15
49681.85,49687,49615.55,49638,11-06-2024 15:20
49639.35,49696.9,49634.2,49652.25,11-06-2024 15:25
49857.45,49857.45,49708.85,49732.2,12-06-2024 09:15
49730.25,49778.5,49697.35,49754.7,12-06-2024 09:20
49757.1,49800.05,49751.85,49773.25,12-06-2024 09:25
49770.4,49789.35,49734.6,49739.1,12-06-2024 09:30
49738.95,49818.05,49728.45,49794.65,12-06-2024 09:35
49796.45,49859.55,49793.85,49848.65,12-06-2024 09:40
49848.3,49906.25,49829.15,49894.3,12-06-2024 09:45
49893.25,50006.9,49882.95,49994.35,12-06-2024 09:50
49997.7,50075.75,49957.95,50075.75,12-06-2024 09:55
50076.45,50176.25,50045,50160.35,12-06-2024 10:00
50161,50199.5,50120,50161.15,12-06-2024 10:05
50155.35,50222,50132.1,50162.9,12-06-2024 10:10
50166.8,50183.1,50109.55,50113.45,12-06-2024 10:15
50110.75,50185.15,50099.6,50155.6,12-06-2024 10:20
50154.8,50172.5,50141.15,50160.55,12-06-2024 10:25
50153.7,50171.7,50129.2,50141.2,12-06-2024 10:30
50140.2,50192.3,50122.15,50180.35,12-06-2024 10:35
50180.45,50233.4,50168.4,50222.1,12-06-2024 10:40
50216.55,50226.85,50180.8,50190.75,12-06-2024 10:45
50190.85,50211.35,50171.6,50198.95,12-06-2024 10:50
50197.1,50210.7,50164.2,50178.6,12-06-2024 10:55
50179.5,50187,50136.25,50158.5,12-06-2024 11:00
50157.45,50173.65,50130.3,50138.05,12-06-2024 11:05
50141.45,50167.45,50129.1,50144.5,12-06-2024 11:10
50144.2,50159.95,50115.85,50124,12-06-2024 11:15
50122.15,50147.1,50110.9,50129.85,12-06-2024 11:20
50128.6,50145,50001.6,50009.25,12-06-2024 11:25
50000,50038,49968.55,50023,12-06-2024 11:30
50016.1,50041.9,49971.8,50009.1,12-06-2024 11:35
50007.1,50057,49994.1,50033.45,12-06-2024 11:40
50036.1,50067.95,50028.85,50054.15,12-06-2024 11:45
50055.05,50077.25,50034.65,50070.6,12-06-2024 11:50
50071.35,50106.4,50055.85,50094.5,12-06-2024 11:55
50093.65,50093.65,50060.15,50073.5,12-06-2024 12:00
50070.65,50077.4,49992.6,50012.2,12-06-2024 12:05
50003.8,50029.4,49991.05,50023.5,12-06-2024 12:10
50026.25,50040.7,50004,50032.5,12-06-2024 12:15
50030.25,50042.45,49990.55,50005.4,12-06-2024 12:20
50003.6,50040.95,49996.55,50017.5,12-06-2024 12:25
50017,50034.95,49982.15,50015.4,12-06-2024 12:30
50014.9,50021.65,49966.1,50013.2,12-06-2024 12:35
50011.65,50019.45,49978.95,50001.35,12-06-2024 12:40
50003,50008.35,49968,49972.05,12-06-2024 12:45
49971.35,49978.1,49913.05,49934.55,12-06-2024 12:50
49933.45,49975.2,49928.75,49975.2,12-06-2024 12:55
49972.65,50009.55,49957.65,50004.6,12-06-2024 13:00
50004.65,50028.7,49989.9,50008.85,12-06-2024 13:05
50008.15,50020.35,49991.8,50001.7,12-06-2024 13:10
50001.55,50008.6,49970.75,49979.35,12-06-2024 13:15
49979.7,49981.75,49955.2,49974.65,12-06-2024 13:20
49974.85,49985.75,49941.3,49950.5,12-06-2024 13:25
49948.85,50018.1,49941.4,50010.25,12-06-2024 13:30
50009.05,50021.15,49999.7,50016.45,12-06-2024 13:35
50016.6,50020.5,49954.35,49965.85,12-06-2024 13:40
49966.05,49999.7,49945.85,49948.05,12-06-2024 13:45
49949.85,49956.45,49881.95,49923.95,12-06-2024 13:50
49923.55,49951.95,49888.4,49895.55,12-06-2024 13:55
49898.2,49937.3,49893.45,49937.3,12-06-2024 14:00
49931.75,49952.35,49879.6,49895.4,12-06-2024 14:05
49891.85,49919.85,49877.1,49901.1,12-06-2024 14:10
49899.4,49965.6,49895.15,49960.9,12-06-2024 14:15
49963.7,49975.95,49901.3,49907.85,12-06-2024 14:20
49906.8,49928.35,49900.25,49908.25,12-06-2024 14:25
49907,49921.9,49873.85,49912.95,12-06-2024 14:30
49914.35,49962.8,49908.05,49936.55,12-06-2024 14:35
49931.35,49988.3,49925.85,49980.95,12-06-2024 14:40
49985.7,50006.3,49949.4,49956.45,12-06-2024 14:45
49952.55,49975.75,49935.75,49960.85,12-06-2024 14:50
49957.9,49968.75,49914.8,49921.85,12-06-2024 14:55
49918.05,49919.85,49825.45,49871.2,12-06-2024 15:00
49864.65,49956.6,49832.45,49879.75,12-06-2024 15:05
49884.3,49958.55,49880.15,49925.6,12-06-2024 15:10
49926.55,49953.25,49880.5,49923,12-06-2024 15:15
49918,49948.9,49854.2,49893.9,12-06-2024 15:20
49890.1,49909.35,49772.5,49791.6,12-06-2024 15:25
50179,50186.45,50024.15,50102.85,13-06-2024 09:15
50100.1,50148.8,50099.55,50125.2,13-06-2024 09:20
50118.5,50154.65,50080.9,50097.35,13-06-2024 09:25
50096.3,50116.15,50040.6,50086.4,13-06-2024 09:30
50080,50092.7,50003.5,50016.65,13-06-2024 09:35
50013.55,50029.65,49964.35,49978.75,13-06-2024 09:40
49983.2,49999.65,49927.65,49949.4,13-06-2024 09:45
49952.1,49981.05,49919.6,49953.85,13-06-2024 09:50
49954.3,50054.75,49953.6,50036.95,13-06-2024 09:55
50038.75,50073.55,50019.95,50054.9,13-06-2024 10:00
50053.15,50065.15,49996.8,50044.4,13-06-2024 10:05
50048.95,50059.4,50010.8,50037.3,13-06-2024 10:10
50033.7,50037.3,49969.85,49986.05,13-06-2024 10:15
49987.85,49999.1,49955.95,49962.2,13-06-2024 10:20
49966,49983.65,49882.75,49883.9,13-06-2024 10:25
49890.55,49944.45,49885.5,49922.05,13-06-2024 10:30
49923.65,49949,49918.3,49942.35,13-06-2024 10:35
49940.9,49975.05,49934.75,49951,13-06-2024 10:40
49950.8,49971.75,49936.35,49947.55,13-06-2024 10:45
49947.55,49965.9,49918.5,49947.05,13-06-2024 10:50
49947.8,49961.85,49916.35,49916.35,13-06-2024 10:55
49916.45,49964.25,49913.95,49957.35,13-06-2024 11:00
49956.35,50005.2,49947.15,49966.55,13-06-2024 11:05
49964.05,49974.35,49932.5,49942.4,13-06-2024 11:10
49939.35,49948.7,49906.8,49908.3,13-06-2024 11:15
49908.4,49910.35,49835.25,49858.65,13-06-2024 11:20
49861.85,49930.65,49858.05,49927.15,13-06-2024 11:25
49926.3,49953.1,49920.35,49928.8,13-06-2024 11:30
49929.15,49967.25,49926,49962,13-06-2024 11:35
49959.75,49961.8,49930.35,49933.55,13-06-2024 11:40
49929.05,49991.7,49929.05,49991,13-06-2024 11:45
49991.4,50030.6,49976.9,50026.2,13-06-2024 11:50
50027.8,50032.15,49996.6,49998.9,13-06-2024 11:55
50000.15,50010.45,49984.8,49995.1,13-06-2024 12:00
49993.45,50005.9,49958.15,49967.2,13-06-2024 12:05
49967.25,49970.3,49924.75,49939.25,13-06-2024 12:10
49940.75,49951.15,49924,49934.05,13-06-2024 12:15
49932.95,49956.7,49921.55,49932.85,13-06-2024 12:20
49929.45,49970.2,49926.15,49967.2,13-06-2024 12:25
49967.95,49982.45,49954.15,49968.1,13-06-2024 12:30
49966.9,49972.4,49946.95,49950.2,13-06-2024 12:35
49948.25,49962.95,49933.3,49951.3,13-06-2024 12:40
49950.3,49969,49929.45,49963.3,13-06-2024 12:45
49964,49978.6,49947,49977.15,13-06-2024 12:50
49976.35,49978.15,49924.85,49933.85,13-06-2024 12:55
49934.55,49960.95,49921.5,49956.85,13-06-2024 13:00
49952.55,49959.15,49938.55,49948.8,13-06-2024 13:05
49948.7,49984.8,49947.45,49967.45,13-06-2024 13:10
49965.85,49975.5,49955.3,49966.75,13-06-2024 13:15
49966.15,49967.75,49936.15,49944.6,13-06-2024 13:20
49938.65,49961.8,49936.55,49946.75,13-06-2024 13:25
49948.1,49953.5,49926.5,49939.3,13-06-2024 13:30
49939.5,49952.75,49930.8,49943.75,13-06-2024 13:35
49944.05,49953.15,49923.4,49927,13-06-2024 13:40
49921.2,49925.7,49891.1,49897.85,13-06-2024 13:45
49896.55,49939.35,49860.7,49934.9,13-06-2024 13:50
49935.9,49944,49901,49938.3,13-06-2024 13:55
49938.8,49942.65,49889.35,49896.7,13-06-2024 14:00
49896.95,49922.85,49888.35,49910.6,13-06-2024 14:05
49911.2,49912.9,49880,49902.9,13-06-2024 14:10
49902.85,49905.7,49847.9,49858.15,13-06-2024 14:15
49858.65,49866.25,49835.2,49845,13-06-2024 14:20
49845.75,49873.75,49832.1,49862.3,13-06-2024 14:25
49859.2,49868.35,49817.25,49827.2,13-06-2024 14:30
49825.75,49861.95,49822.7,49861.95,13-06-2024 14:35
49858.55,49886.25,49841.25,49883.2,13-06-2024 14:40
49879.6,49905.3,49832.95,49847.05,13-06-2024 14:45
49845.1,49864.15,49833.95,49842.25,13-06-2024 14:50
49842.5,49860,49819.5,49856.75,13-06-2024 14:55
49852,49856.8,49799.65,49820.65,13-06-2024 15:00
49821.85,49855.15,49810.35,49840.3,13-06-2024 15:05
49840.6,49843.2,49812.15,49821.05,13-06-2024 15:10
49818.8,49845.85,49817.95,49845.05,13-06-2024 15:15
49845.05,49920.6,49845.05,49906.3,13-06-2024 15:20
49906.55,49914.85,49878.15,49889.3,13-06-2024 15:25
49993.95,50028.2,49852.4,49875.95,14-06-2024 09:15
49874.4,49876,49731.4,49747.6,14-06-2024 09:20
49749.85,49775.9,49720.05,49749.85,14-06-2024 09:25
49749.5,49779.7,49711.9,49759.8,14-06-2024 09:30
49755.35,49772.95,49718.65,49736.3,14-06-2024 09:35
49735.2,49736.8,49693.35,49702.15,14-06-2024 09:40
49705.5,49827.5,49697.35,49792.5,14-06-2024 09:45
49791.55,49823.65,49776.7,49791.85,14-06-2024 09:50
49790.8,49909.25,49785.2,49907.65,14-06-2024 09:55
49906.45,49984.9,49906.45,49978.25,14-06-2024 10:00
49978.4,50044.9,49958.6,50041.85,14-06-2024 10:05
50041.7,50070.2,50012.4,50024.85,14-06-2024 10:10
50022.95,50072,49994.15,50072,14-06-2024 10:15
50073.85,50102.6,50053.15,50074.9,14-06-2024 10:20
50079,50084.85,50035.15,50040.85,14-06-2024 10:25
50044.15,50068.95,50013.05,50064.8,14-06-2024 10:30
50063.65,50093.25,50029.65,50086,14-06-2024 10:35
50086.75,50094.9,50065.65,50071.05,14-06-2024 10:40
50072,50084.15,50047.45,50063.95,14-06-2024 10:45
50063.95,50072.05,50033.4,50048.55,14-06-2024 10:50
50050.65,50060.75,50017.05,50029.45,14-06-2024 10:55
50030.95,50040.1,50009.3,50037.05,14-06-2024 11:00
50036.05,50073.3,50031.35,50042.3,14-06-2024 11:05
50044.65,50067.3,50036.5,50061.75,14-06-2024 11:10
50061.9,50070.05,50032.75,50034.35,14-06-2024 11:15
50036.25,50053.8,50023.55,50027.65,14-06-2024 11:20
50026.1,50031.1,49972.45,49977.15,14-06-2024 11:25
49976.15,49986.5,49964.8,49972.55,14-06-2024 11:30
49967.1,50002.85,49966.25,49995.45,14-06-2024 11:35
49995.15,50026.75,49984.75,50018.2,14-06-2024 11:40
50020.45,50022.3,49979.6,50002.4,14-06-2024 11:45
50006,50019.65,49993.65,50017.5,14-06-2024 11:50
50018.55,50025.4,49996.65,49999.7,14-06-2024 11:55
50000.9,50025.3,49984.9,49997.15,14-06-2024 12:00
49996.85,50001.15,49947.15,49960.85,14-06-2024 12:05
49960.85,49986.4,49942.4,49980.8,14-06-2024 12:10
49980.85,49982.95,49959.4,49960.25,14-06-2024 12:15
49960.95,49975.7,49942.25,49945.35,14-06-2024 12:20
49947.3,49976.85,49936.35,49953.45,14-06-2024 12:25
49957.8,49969.55,49948.55,49954.25,14-06-2024 12:30
49952.5,49957.9,49931,49935.4,14-06-2024 12:35
49936.95,49986.15,49933.6,49978.05,14-06-2024 12:40
49979.85,49996.2,49961.5,49990.1,14-06-2024 12:45
49989.35,50016.15,49989.25,49992.7,14-06-2024 12:50
49990.85,50010.95,49987.1,49992.8,14-06-2024 12:55
49994.45,50006.7,49971.6,49976.35,14-06-2024 13:00
49975.35,49997.6,49971.55,49995.95,14-06-2024 13:05
49994.45,50026.6,49993.4,50012,14-06-2024 13:10
50013.85,50016.5,49992.5,50001.65,14-06-2024 13:15
50001.85,50009.85,49986.05,49997.95,14-06-2024 13:20
49997.05,50018.45,49997.05,50016.1,14-06-2024 13:25
50014.1,50022.65,49984.3,49989.45,14-06-2024 13:30
49988.15,49995.45,49975.2,49983.85,14-06-2024 13:35
49983.8,50009,49968.65,49979.85,14-06-2024 13:40
49980.15,50008.25,49967.95,49970.75,14-06-2024 13:45
49970.85,49989.1,49952.65,49955.75,14-06-2024 13:50
49960.55,49976.2,49940.8,49960.85,14-06-2024 13:55
49961.6,49973.65,49940.85,49969.4,14-06-2024 14:00
49969.55,49996.2,49953.15,49958,14-06-2024 14:05
49960.1,49989.8,49958.3,49962.75,14-06-2024 14:10
49963.7,49981.8,49946,49967.55,14-06-2024 14:15
49969.4,49979.05,49960.95,49969.4,14-06-2024 14:20
49970.25,49970.4,49952.45,49961.55,14-06-2024 14:25
49959.85,50021.3,49959.1,50021.3,14-06-2024 14:30
50020.9,50026.3,49999.85,50009.3,14-06-2024 14:35
50008.05,50028.2,49963.35,50001.3,14-06-2024 14:40
50000.35,50015.2,49992.15,50006.3,14-06-2024 14:45
50009.15,50027.1,49991.2,50018.1,14-06-2024 14:50
50021.65,50044.05,50007.45,50036.8,14-06-2024 14:55
50037.35,50087.85,50026,50047.15,14-06-2024 15:00
50045,50051.95,49952.05,49975.3,14-06-2024 15:05
49979.6,50053.95,49964.5,50026.25,14-06-2024 15:10
50028.3,50038.8,49933.2,49944.35,14-06-2024 15:15
49946.45,49987.25,49940.8,49979.5,14-06-2024 15:20
49978.8,50007.8,49961.9,49981.5,14-06-2024 15:25
50194.35,50204.75,50000.4,50032.6,18-06-2024 09:15
50025,50058.2,49905.65,49951.9,18-06-2024 09:20
49953.6,49971.25,49900.2,49960.35,18-06-2024 09:25
49958.65,50094.25,49954.4,50080.05,18-06-2024 09:30
50088.6,50090.5,50029.25,50059.95,18-06-2024 09:35
50058.7,50140.95,50037.15,50111.55,18-06-2024 09:40
50114.2,50193,50106.35,50192.75,18-06-2024 09:45
50188.85,50231.45,50176.35,50228.55,18-06-2024 09:50
50228.3,50243.05,50197.95,50232.8,18-06-2024 09:55
50235.3,50243.85,50191,50231.05,18-06-2024 10:00
50235.15,50246.65,50211.9,50235.2,18-06-2024 10:05
50235.25,50236.95,50174.1,50174.65,18-06-2024 10:10
50177.6,50225.25,50091.2,50127.85,18-06-2024 10:15
50131.25,50141.45,50096.9,50097.25,18-06-2024 10:20
50097.55,50137.55,50068.15,50128.75,18-06-2024 10:25
50127.9,50184.9,50126.95,50168.7,18-06-2024 10:30
50173.8,50241.2,50166.6,50234.65,18-06-2024 10:35
50241.55,50251.55,50214.5,50218.2,18-06-2024 10:40
50218.8,50232.7,50204.4,50221.75,18-06-2024 10:45
50229.7,50265.2,50221.55,50227.2,18-06-2024 10:50
50225.4,50237.8,50215.8,50224.25,18-06-2024 10:55
50222.15,50232.25,50186.15,50200.35,18-06-2024 11:00
50202.6,50230.6,50196.4,50224.45,18-06-2024 11:05
50229.2,50244.35,50223.6,50241.6,18-06-2024 11:10
50241.5,50290.2,50237.85,50290.2,18-06-2024 11:15
50285.2,50324,50258.6,50261.3,18-06-2024 11:20
50263.7,50288.5,50246.1,50283.55,18-06-2024 11:25
50284.3,50307.95,50270.7,50288.45,18-06-2024 11:30
50287.9,50307.75,50281.55,50292.4,18-06-2024 11:35
50294.95,50323.1,50286.05,50313.45,18-06-2024 11:40
50315.25,50328.75,50282.7,50284.35,18-06-2024 11:45
50288.8,50322.95,50273.9,50320.2,18-06-2024 11:50
50319.15,50339.85,50308.4,50330.45,18-06-2024 11:55
50330.45,50336.85,50316.9,50324.65,18-06-2024 12:00
50326.45,50348.25,50319.45,50335.6,18-06-2024 12:05
50335.75,50338.6,50295,50309.6,18-06-2024 12:10
50308.2,50322.3,50291.6,50299.5,18-06-2024 12:15
50300.25,50325.65,50292.25,50317.6,18-06-2024 12:20
50317.35,50332.85,50293.45,50300.35,18-06-2024 12:25
50298.25,50312.55,50277.75,50302.7,18-06-2024 12:30
50305.3,50329.45,50301.5,50329.25,18-06-2024 12:35
50328.5,50336.65,50305.1,50316.8,18-06-2024 12:40
50310.7,50321.9,50302.6,50309.6,18-06-2024 12:45
50309.85,50319.45,50285.5,50306.2,18-06-2024 12:50
50306.25,50316.4,50300.35,50307.3,18-06-2024 12:55
50310.1,50338.45,50307.1,50313.05,18-06-2024 13:00
50316.1,50326.85,50306.7,50318.35,18-06-2024 13:05
50321,50337.2,50314.45,50328.9,18-06-2024 13:10
50326.25,50354.8,50321.4,50335.25,18-06-2024 13:15
50335.85,50342,50319.15,50322.7,18-06-2024 13:20
50325.05,50344.8,50313.45,50329.6,18-06-2024 13:25
50330.25,50362.65,50322.65,50347.55,18-06-2024 13:30
50349.15,50359.8,50343.95,50353.3,18-06-2024 13:35
50354.8,50387.9,50349.75,50382.4,18-06-2024 13:40
50385.05,50425.65,50383.45,50386.05,18-06-2024 13:45
50388.1,50390.65,50371.7,50374.85,18-06-2024 13:50
50378.1,50396.8,50356.05,50394.4,18-06-2024 13:55
50396.85,50411.15,50382.1,50407.7,18-06-2024 14:00
50407.5,50418.75,50393.15,50404.7,18-06-2024 14:05
50404.6,50408.05,50380.1,50402.95,18-06-2024 14:10
50403.3,50414.9,50381.5,50402,18-06-2024 14:15
50404.25,50427.9,50402.7,50413.7,18-06-2024 14:20
50414.2,50424.55,50392.35,50396.9,18-06-2024 14:25
50398.3,50411.6,50382.8,50392.9,18-06-2024 14:30
50394.65,50400.5,50346.9,50351.9,18-06-2024 14:35
50354.6,50372.35,50339.8,50367.6,18-06-2024 14:40
50369.4,50392.5,50361.45,50381.1,18-06-2024 14:45
50382.2,50389.9,50364.85,50375.8,18-06-2024 14:50
50372.85,50404.05,50364.7,50392.45,18-06-2024 14:55
50391.45,50421.6,50387,50409.6,18-06-2024 15:00
50410.7,50432.1,50381.25,50416,18-06-2024 15:05
50419.95,50431.6,50391.85,50430.35,18-06-2024 15:10
50432.5,50468.45,50427.65,50462.4,18-06-2024 15:15
50462.15,50493.35,50444,50456.65,18-06-2024 15:20
50457.15,50562.15,50443.65,50479.3,18-06-2024 15:25
50607.9,50625.25,50441.75,50600.15,19-06-2024 09:15
50595.85,50867.8,50573.7,50849.25,19-06-2024 09:20
50849.15,50897.9,50747.7,50762.2,19-06-2024 09:25
50761.55,50904.4,50719.8,50892.15,19-06-2024 09:30
50894.25,50918.8,50850.95,50877.1,19-06-2024 09:35
50868.5,50968.6,50825.9,50968.6,19-06-2024 09:40
50963.5,50997.75,50910,50960.05,19-06-2024 09:45
50960.05,51067.1,50921.8,51053.8,19-06-2024 09:50
51067.65,51215.5,51054.4,51154.75,19-06-2024 09:55
51155.7,51177.95,51110.95,51126.9,19-06-2024 10:00
51134.65,51201.35,51119.1,51201.25,19-06-2024 10:05
51196.5,51255.95,51078.9,51091.6,19-06-2024 10:10
51097.55,51103.55,51032.6,51093.75,19-06-2024 10:15
51092.4,51098.15,50865.5,50873.3,19-06-2024 10:20
50876.05,50902.5,50732.25,50732.25,19-06-2024 10:25
50737.15,50824.4,50594.85,50798.25,19-06-2024 10:30
50795.85,50808.5,50674.5,50702.65,19-06-2024 10:35
50702.25,50776.15,50682.8,50765.15,19-06-2024 10:40
50759.95,50816.45,50722.45,50741.9,19-06-2024 10:45
50742.1,50786.85,50734.55,50744.2,19-06-2024 10:50
50750.7,51080.95,50735.75,51028,19-06-2024 10:55
51028,51179.9,50999.8,51153.6,19-06-2024 11:00
51151.8,51158,51021.7,51025.75,19-06-2024 11:05
51025.9,51068.85,50999.35,51045.4,19-06-2024 11:10
51046.3,51096,51020.35,51031.2,19-06-2024 11:15
51024.75,51049.4,50879.05,50916.2,19-06-2024 11:20
50922.4,50998.1,50921.3,50976.7,19-06-2024 11:25
50975.1,50996.7,50942.7,50981.05,19-06-2024 11:30
50983.05,50989.35,50954.85,50981.1,19-06-2024 11:35
50980.3,51099.25,50962.25,51063.5,19-06-2024 11:40
51062.9,51096.5,51041.7,51054.3,19-06-2024 11:45
51047.45,51068.6,51028.55,51060.75,19-06-2024 11:50
51060.45,51064.45,51031.45,51038.7,19-06-2024 11:55
51041.05,51067.4,51016.65,51042.2,19-06-2024 12:00
51032.1,51047.95,50994.15,51032.75,19-06-2024 12:05
51034.5,51113.75,51028.8,51113.75,19-06-2024 12:10
51129.2,51214.5,51113.55,51131,19-06-2024 12:15
51124.4,51153,51105.15,51144.6,19-06-2024 12:20
51144.55,51150.6,51102.3,51122.8,19-06-2024 12:25
51118.8,51163.8,51112.15,51144.55,19-06-2024 12:30
51141.25,51177.45,51127.3,51150.55,19-06-2024 12:35
51149.4,51173.65,51132.35,51135.05,19-06-2024 12:40
51135.95,51147.45,51069,51104.5,19-06-2024 12:45
51105,51175.75,51092.1,51165.9,19-06-2024 12:50
51162.6,51167.55,51105.5,51108.65,19-06-2024 12:55
51112.3,51140.55,51107.65,51121.05,19-06-2024 13:00
51122.2,51137.45,51046.75,51051.95,19-06-2024 13:05
51051.9,51134.5,51051.35,51132.7,19-06-2024 13:10
51133.2,51143.05,51051.55,51064.8,19-06-2024 13:15
51065.35,51105.2,51031.1,51044.95,19-06-2024 13:20
51036.05,51094.9,51032.35,51093.25,19-06-2024 13:25
51088.2,51150.7,51083.6,51138.9,19-06-2024 13:30
51142.2,51167.7,51107,51131.75,19-06-2024 13:35
51133,51263.15,51128.1,51201.95,19-06-2024 13:40
51201.85,51223.9,51173.15,51187.5,19-06-2024 13:45
51187.45,51213.75,51151.4,51185.4,19-06-2024 13:50
51183.6,51373.65,51181.15,51359,19-06-2024 13:55
51360.7,51469.1,51337.25,51430.6,19-06-2024 14:00
51433.05,51538.9,51414.3,51480.1,19-06-2024 14:05
51487.45,51580.8,51486.75,51571.9,19-06-2024 14:10
51574.9,51587.85,51496,51562.95,19-06-2024 14:15
51566.5,51730.6,51544,51713.85,19-06-2024 14:20
51713.4,51748.35,51651.15,51701.05,19-06-2024 14:25
51705.05,51801.85,51672.15,51774.3,19-06-2024 14:30
51777.1,51957,51766,51935.25,19-06-2024 14:35
51935.05,51938.65,51784.05,51821.05,19-06-2024 14:40
51822.2,51884.15,51773.75,51784.6,19-06-2024 14:45
51786.9,51802.9,51633.45,51655.6,19-06-2024 14:50
51653.65,51653.65,51487.7,51496.25,19-06-2024 14:55
51493.65,51506.15,51295,51379,19-06-2024 15:00
51370.25,51410.4,51232.35,51371.15,19-06-2024 15:05
51371.35,51472.3,51333.9,51377.25,19-06-2024 15:10
51375.1,51435.25,51322.05,51412.45,19-06-2024 15:15
51413.05,51478.05,51411.3,51475.3,19-06-2024 15:20
51474.1,51474.1,51409.85,51450.1,19-06-2024 15:25
51712.9,51798,51495.45,51742.05,20-06-2024 09:15
51736.3,51736.3,51560.25,51592.95,20-06-2024 09:20
51585,51736.45,51563.45,51605.45,20-06-2024 09:25
51597.65,51659.25,51522.1,51581,20-06-2024 09:30
51581.65,51604.15,51517.25,51586.75,20-06-2024 09:35
51585.95,51644.5,51541.75,51559.55,20-06-2024 09:40
51562.85,51588.2,51395.05,51395.05,20-06-2024 09:45
51398.1,51468.85,51348.55,51362.05,20-06-2024 09:50
51363.75,51485.6,51300.7,51392,20-06-2024 09:55
51396.05,51400.95,51346.45,51374.25,20-06-2024 10:00
51372.7,51410.1,51340.8,51369.55,20-06-2024 10:05
51365.7,51395.45,51323.5,51337.1,20-06-2024 10:10
51336.05,51356.3,51281.5,51325.85,20-06-2024 10:15
51323.05,51459.95,51319.75,51410,20-06-2024 10:20
51410.4,51491.3,51391.15,51477.75,20-06-2024 10:25
51479.2,51527.05,51414.75,51438,20-06-2024 10:30
51438.8,51466.9,51411.05,51457.75,20-06-2024 10:35
51460.75,51505.8,51423.95,51491.8,20-06-2024 10:40
51491.6,51524.95,51463.15,51501.35,20-06-2024 10:45
51501.45,51521.8,51472.15,51478.45,20-06-2024 10:50
51480.6,51514.4,51442.8,51494.95,20-06-2024 10:55
51498,51647.6,51491.55,51628.5,20-06-2024 11:00
51632.3,51632.3,51535.15,51546.95,20-06-2024 11:05
51545.85,51568.15,51518.35,51527.5,20-06-2024 11:10
51525.1,51554.75,51506.55,51549.4,20-06-2024 11:15
51549.5,51578.9,51542.2,51562.4,20-06-2024 11:20
51563.25,51608.55,51554,51580.45,20-06-2024 11:25
51581.35,51638.4,51570.6,51635.2,20-06-2024 11:30
51635.8,51687.95,51622.45,51650.5,20-06-2024 11:35
51652.3,51682.75,51646.2,51655.2,20-06-2024 11:40
51656.15,51681.5,51639.45,51657.95,20-06-2024 11:45
51655.8,51698.4,51647.9,51694.5,20-06-2024 11:50
51695.85,51698.95,51656.1,51677.7,20-06-2024 11:55
51680.9,51685.35,51612.45,51648.4,20-06-2024 12:00
51648.6,51685.2,51629.2,51632.65,20-06-2024 12:05
51632.9,51675.65,51620.7,51664.65,20-06-2024 12:10
51665.2,51679.6,51643.95,51672.1,20-06-2024 12:15
51670.45,51732.55,51669.95,51725.8,20-06-2024 12:20
51727.05,51727.05,51654.75,51658.3,20-06-2024 12:25
51663.75,51670.9,51590.9,51626.95,20-06-2024 12:30
51626.6,51671.9,51620.55,51645.85,20-06-2024 12:35
51649.4,51655.55,51590.6,51602.4,20-06-2024 12:40
51599.4,51642.6,51587.9,51621.1,20-06-2024 12:45
51612.85,51658.3,51597.15,51639.95,20-06-2024 12:50
51641.8,51666.6,51637.35,51659.4,20-06-2024 12:55
51659.55,51703.55,51657.45,51703.55,20-06-2024 13:00
51702.9,51708,51669.3,51681.5,20-06-2024 13:05
51681.05,51715.15,51653.4,51667.4,20-06-2024 13:10
51666.65,51709.5,51660.75,51693.55,20-06-2024 13:15
51693.4,51799.1,51693.4,51782.75,20-06-2024 13:20
51786.6,51842.2,51772.1,51806.3,20-06-2024 13:25
51808.6,51839.8,51765,51789,20-06-2024 13:30
51782.65,51819.4,51758.05,51765.3,20-06-2024 13:35
51755.5,51819.1,51755.5,51806.3,20-06-2024 13:40
51807.9,51818.55,51749.25,51792.65,20-06-2024 13:45
51796.15,51806.5,51689.6,51719,20-06-2024 13:50
51717.65,51764,51650,51657.55,20-06-2024 13:55
51660,51736.65,51644.2,51736.15,20-06-2024 14:00
51734.75,51742.9,51672.7,51674.65,20-06-2024 14:05
51674.65,51760.8,51669,51744.25,20-06-2024 14:10
51748.6,51815.4,51728.05,51815.4,20-06-2024 14:15
51813.95,51814.2,51747.7,51754.75,20-06-2024 14:20
51753.15,51798.2,51727.65,51769.35,20-06-2024 14:25
51765.75,51771.45,51711.45,51723.05,20-06-2024 14:30
51720.15,51776.4,51720.15,51757.85,20-06-2024 14:35
51755.45,51780.55,51731.2,51768.3,20-06-2024 14:40
51767.95,51776.8,51737.75,51744.45,20-06-2024 14:45
51747.6,51759.1,51721.25,51740.85,20-06-2024 14:50
51731.3,51737.9,51647.75,51693.7,20-06-2024 14:55
51692.8,51798.75,51680,51794.25,20-06-2024 15:00
51788.45,51811.05,51761.95,51811.05,20-06-2024 15:05
51810.9,51813.4,51764.2,51770.3,20-06-2024 15:10
51770.45,51825.1,51757.7,51825.1,20-06-2024 15:15
51823.65,51826.45,51791.5,51800.4,20-06-2024 15:20
51801,51813.35,51756,51760.75,20-06-2024 15:25
51927.3,51934.35,51715.85,51730.9,21-06-2024 09:15
51722.7,51748.5,51646.15,51664,21-06-2024 09:20
51666.75,51713.55,51623.6,51660.5,21-06-2024 09:25
51659.95,51759.55,51654.45,51694.5,21-06-2024 09:30
51695.5,51724.25,51653.8,51677.3,21-06-2024 09:35
51676.55,51676.85,51512.75,51547.3,21-06-2024 09:40
51543.75,51574.95,51504.1,51525.65,21-06-2024 09:45
51527.55,51584.05,51478.7,51570.85,21-06-2024 09:50
51578.05,51627.95,51545.55,51603.35,21-06-2024 09:55
51602.1,51655.85,51575.6,51575.6,21-06-2024 10:00
51581.85,51616.7,51546.75,51553.55,21-06-2024 10:05
51551.9,51562.05,51496.2,51500.3,21-06-2024 10:10
51501.1,51525,51477.1,51500.55,21-06-2024 10:15
51495.7,51551.9,51493.3,51519.35,21-06-2024 10:20
51519.45,51554.85,51507.45,51554.85,21-06-2024 10:25
51557.1,51558.95,51480.4,51494.65,21-06-2024 10:30
51494.55,51521.75,51463.55,51465.3,21-06-2024 10:35
51474.35,51478.8,51421.3,51452.1,21-06-2024 10:40
51451.05,51460.55,51350.9,51382.4,21-06-2024 10:45
51383,51412.8,51362.3,51398,21-06-2024 10:50
51398.5,51444.75,51385.45,51442.65,21-06-2024 10:55
51444.25,51465.85,51382,51418.05,21-06-2024 11:00
51420.25,51466.15,51404.45,51422.95,21-06-2024 11:05
51423.4,51446.45,51396.85,51426.55,21-06-2024 11:10
51429.2,51439.5,51376.8,51394.8,21-06-2024 11:15
51403.3,51457.25,51393.1,51416.15,21-06-2024 11:20
51417.95,51430.4,51386.75,51403.9,21-06-2024 11:25
51407.15,51449.85,51357.4,51434.25,21-06-2024 11:30
51433.3,51485.45,51419.55,51458.9,21-06-2024 11:35
51453.15,51504.7,51449.4,51463.75,21-06-2024 11:40
51466.2,51471.8,51408.1,51460.55,21-06-2024 11:45
51463.4,51465.55,51431,51438.6,21-06-2024 11:50
51435.45,51463.4,51423,51433.4,21-06-2024 11:55
51437.05,51463.85,51406.45,51454.85,21-06-2024 12:00
51454.6,51477.1,51431.45,51433.85,21-06-2024 12:05
51435.2,51472.05,51434.15,51467.45,21-06-2024 12:10
51467.75,51496.95,51452.1,51477.75,21-06-2024 12:15
51481.15,51550.55,51453.75,51520.55,21-06-2024 12:20
51519.1,51526.25,51476.85,51483.25,21-06-2024 12:25
51482.65,51500.6,51442.75,51474,21-06-2024 12:30
51477.1,51483.95,51364.55,51405.15,21-06-2024 12:35
51401.45,51417.6,51361.4,51391.15,21-06-2024 12:40
51396.35,51409.3,51358.2,51406,21-06-2024 12:45
51410.05,51451.65,51393.25,51442.9,21-06-2024 12:50
51446.4,51455,51399.15,51414.75,21-06-2024 12:55
51417.5,51417.5,51349.5,51391.1,21-06-2024 13:00
51391.5,51393.65,51275.6,51301.55,21-06-2024 13:05
51297.3,51316.4,51224.95,51293.3,21-06-2024 13:10
51293.65,51345.8,51256.2,51338.3,21-06-2024 13:15
51342.25,51404.05,51327.4,51375.2,21-06-2024 13:20
51383.9,51406.2,51359.55,51366.65,21-06-2024 13:25
51365.9,51407.5,51348.8,51384.75,21-06-2024 13:30
51380.55,51433.65,51377.05,51411.65,21-06-2024 13:35
51410.5,51425.5,51365.45,51393.95,21-06-2024 13:40
51393.6,51447.3,51384.3,51442.7,21-06-2024 13:45
51445.15,51580,51432.45,51575.65,21-06-2024 13:50
51575.95,51643.55,51566.2,51578.9,21-06-2024 13:55
51583.75,51732.95,51539.35,51732.95,21-06-2024 14:00
51733.15,51754.35,51661.55,51715.65,21-06-2024 14:05
51712.3,51713.3,51658.1,51660.35,21-06-2024 14:10
51660.8,51680,51571.2,51601.15,21-06-2024 14:15
51604.1,51611.1,51462.15,51462.15,21-06-2024 14:20
51464.5,51464.5,51304.25,51365.7,21-06-2024 14:25
51367.1,51479.8,51366.05,51367.15,21-06-2024 14:30
51364.25,51431.55,51282.05,51421.25,21-06-2024 14:35
51418.7,51486,51402.25,51467.7,21-06-2024 14:40
51461.15,51576.8,51461.15,51524.55,21-06-2024 14:45
51524.7,51627.95,51499.95,51625.1,21-06-2024 14:50
51625.65,51656.15,51541.05,51582.5,21-06-2024 14:55
51584,51797.8,51582.5,51732.05,21-06-2024 15:00
51740.9,51757.5,51574.35,51624.85,21-06-2024 15:05
51623.45,51660.85,51594.1,51628.2,21-06-2024 15:10
51629.4,51641.35,51576.8,51629.25,21-06-2024 15:15
51630.9,51665.45,51606.65,51653.25,21-06-2024 15:20
51654.55,51669.15,51524.35,51557.5,21-06-2024 15:25
51280.25,51394.75,51237.65,51302.6,24-06-2024 09:15
51292.6,51361.25,51248.75,51331.9,24-06-2024 09:20
51332.15,51381.9,51262.95,51287.95,24-06-2024 09:25
51290.6,51290.6,51214.8,51259.2,24-06-2024 09:30
51253.7,51262.15,51173.8,51173.8,24-06-2024 09:35
51175.25,51211.8,51138.9,51199.3,24-06-2024 09:40
51197.35,51253.2,51160.15,51193.7,24-06-2024 09:45
51189.15,51242.9,51186.25,51232.8,24-06-2024 09:50
51233.1,51271.65,51222.65,51228.7,24-06-2024 09:55
51228.85,51237.3,51174.1,51237.3,24-06-2024 10:00
51236.55,51357.95,51233.65,51346.4,24-06-2024 10:05
51342.6,51350.85,51287,51318.25,24-06-2024 10:10
51321.25,51372,51280.55,51286.3,24-06-2024 10:15
51283.75,51356.35,51251.65,51356.35,24-06-2024 10:20
51356.8,51368.75,51327.75,51355.95,24-06-2024 10:25
51356.25,51461.05,51351.85,51454.4,24-06-2024 10:30
51453.45,51475.65,51391.15,51436.9,24-06-2024 10:35
51439.1,51485.3,51435.8,51477.6,24-06-2024 10:40
51476.85,51528.3,51440.7,51448.8,24-06-2024 10:45
51441.5,51479.15,51405.75,51457.7,24-06-2024 10:50
51459.65,51464.8,51423.55,51449,24-06-2024 10:55
51443.1,51572.7,51443.1,51538.9,24-06-2024 11:00
51533.55,51608.7,51524.7,51571.35,24-06-2024 11:05
51574.15,51610.45,51510.4,51523.1,24-06-2024 11:10
51522.8,51652,51514.3,51637.5,24-06-2024 11:15
51637.8,51718.95,51631.5,51644.35,24-06-2024 11:20
51642.2,51698.25,51623.2,51662.4,24-06-2024 11:25
51666.2,51701.35,51653.9,51689,24-06-2024 11:30
51683.6,51701.85,51582.15,51626.95,24-06-2024 11:35
51631.25,51637.95,51529.5,51550.7,24-06-2024 11:40
51549.9,51607.15,51510.25,51579.8,24-06-2024 11:45
51580,51674.7,51575.35,51658.85,24-06-2024 11:50
51660.05,51671.2,51611.7,51631.85,24-06-2024 11:55
51632.9,51641.2,51603.25,51622.7,24-06-2024 12:00
51621.25,51640.8,51590.35,51608.15,24-06-2024 12:05
51609.75,51635.6,51601.55,51616.7,24-06-2024 12:10
51618.75,51674.6,51599.6,51666,24-06-2024 12:15
51669.5,51682.1,51617.15,51641.1,24-06-2024 12:20
51644.85,51678.3,51630.85,51659.4,24-06-2024 12:25
51655.3,51710.35,51647.95,51707,24-06-2024 12:30
51706.65,51712.3,51648.3,51668.2,24-06-2024 12:35
51670.35,51693.3,51596.95,51609.1,24-06-2024 12:40
51603.5,51643.75,51598.85,51628.95,24-06-2024 12:45
51628.45,51669.05,51626.15,51667.65,24-06-2024 12:50
51666,51668.55,51616.3,51631.5,24-06-2024 12:55
51631,51644.75,51612.8,51620.15,24-06-2024 13:00
51621.1,51692.6,51616.15,51680.5,24-06-2024 13:05
51680.9,51718.2,51664.25,51706.4,24-06-2024 13:10
51706.65,51713.6,51656,51674.1,24-06-2024 13:15
51673.7,51705.5,51655.4,51699.65,24-06-2024 13:20
51703.4,51783.95,51679.5,51685.9,24-06-2024 13:25
51687.25,51697.2,51649.6,51655.55,24-06-2024 13:30
51651.75,51701.05,51648.4,51693.3,24-06-2024 13:35
51692.05,51717.75,51677.85,51677.85,24-06-2024 13:40
51679.65,51728.45,51673.2,51721.6,24-06-2024 13:45
51721.5,51725.55,51659.05,51659.05,24-06-2024 13:50
51661.6,51679.5,51616.5,51678.25,24-06-2024 13:55
51676.55,51684.7,51615.6,51644.65,24-06-2024 14:00
51641.8,51661.4,51613.05,51648.75,24-06-2024 14:05
51653,51660.25,51592.15,51620.65,24-06-2024 14:10
51619.95,51642.35,51610.25,51612.85,24-06-2024 14:15
51614,51628.05,51565.6,51625.6,24-06-2024 14:20
51628.9,51686.25,51628.7,51674.5,24-06-2024 14:25
51674.15,51704.2,51649,51661.95,24-06-2024 14:30
51665.4,51676.65,51631.1,51660.75,24-06-2024 14:35
51660.7,51688.65,51633.85,51675.3,24-06-2024 14:40
51681.15,51681.15,51562.35,51598,24-06-2024 14:45
51589.45,51659.85,51581.05,51616.2,24-06-2024 14:50
51617.95,51641.4,51598.75,51629.3,24-06-2024 14:55
51630.45,51701,51610,51662.15,24-06-2024 15:00
51660.2,51696,51624.5,51694.35,24-06-2024 15:05
51690.25,51762.6,51682.95,51737.6,24-06-2024 15:10
51736.95,51768.8,51694.15,51720.45,24-06-2024 15:15
51720.15,51763.9,51687.55,51748.45,24-06-2024 15:20
51753.85,51753.85,51686.95,51709.65,24-06-2024 15:25
51759.45,51944.7,51747.65,51912.75,25-06-2024 09:15
51909.8,51966.5,51867.6,51944.2,25-06-2024 09:20
51944.55,51948.6,51865.35,51891,25-06-2024 09:25
51891.4,51936.1,51855,51887.25,25-06-2024 09:30
51888.45,51910.65,51836.5,51873.05,25-06-2024 09:35
51869.3,51973.5,51842,51953.6,25-06-2024 09:40
51948.6,52053.4,51926.45,52051.5,25-06-2024 09:45
52052.1,52058.45,51979.2,51990.5,25-06-2024 09:50
51985.25,52033.65,51971.6,51971.6,25-06-2024 09:55
51978.3,52025.25,51963.3,52021.2,25-06-2024 10:00
52021.05,52040.4,51989.8,51993.75,25-06-2024 10:05
51995.1,52096.7,51993.7,52084.2,25-06-2024 10:10
52083.05,52118.25,52075.45,52091.3,25-06-2024 10:15
52091.25,52115.9,52074.95,52098.3,25-06-2024 10:20
52096.85,52115.25,52053.2,52073.95,25-06-2024 10:25
52069.4,52086.75,52051.35,52076.95,25-06-2024 10:30
52076.8,52096.65,52063.85,52096.65,25-06-2024 10:35
52093.75,52110.8,52080.9,52093.8,25-06-2024 10:40
52088.95,52174.7,52088.7,52159.75,25-06-2024 10:45
52161.3,52167.7,52125,52154.35,25-06-2024 10:50
52152,52155.9,52128.25,52149.7,25-06-2024 10:55
52150.25,52188.25,52134.05,52165.65,25-06-2024 11:00
52166.75,52173.6,52122.75,52132.3,25-06-2024 11:05
52130.75,52137.15,52103.9,52119.7,25-06-2024 11:10
52117.55,52121.65,52024.6,52031.6,25-06-2024 11:15
52036.35,52078.4,52029.85,52056.5,25-06-2024 11:20
52054.45,52068.85,52013.85,52029,25-06-2024 11:25
52029.95,52059.1,52015.8,52028.3,25-06-2024 11:30
52032.55,52050.65,52021.2,52040.65,25-06-2024 11:35
52040.65,52077.25,52028.8,52074.15,25-06-2024 11:40
52072.8,52098.25,52054.9,52088.35,25-06-2024 11:45
52085.9,52097.1,52052.2,52060.45,25-06-2024 11:50
52059.4,52085.8,52044.85,52061.35,25-06-2024 11:55
52059.1,52086.75,52056.8,52064.55,25-06-2024 12:00
52062.5,52113.9,52057.8,52097.45,25-06-2024 12:05
52098.55,52113.05,52079.25,52087.85,25-06-2024 12:10
52095.2,52102.3,52066.95,52076.65,25-06-2024 12:15
52073.25,52082.55,52062.7,52071.4,25-06-2024 12:20
52077.05,52279.75,52067.65,52240.6,25-06-2024 12:25
52239.1,52433.55,52239.1,52387.55,25-06-2024 12:30
52384.85,52465.05,52359.25,52463.05,25-06-2024 12:35
52458.2,52493.75,52393.7,52394.15,25-06-2024 12:40
52397.5,52511.3,52383.3,52492.6,25-06-2024 12:45
52485.95,52496.35,52439.15,52459.9,25-06-2024 12:50
52456.2,52469.55,52430.25,52451.65,25-06-2024 12:55
52453.05,52504.15,52428.85,52440.6,25-06-2024 13:00
52440.9,52450.8,52391.3,52406.35,25-06-2024 13:05
52408.4,52527,52405.05,52495.15,25-06-2024 13:10
52490.75,52540.85,52489.25,52506.85,25-06-2024 13:15
52506.25,52588.25,52490.65,52574,25-06-2024 13:20
52572.3,52600.75,52529.95,52551.15,25-06-2024 13:25
52554.9,52579.25,52506.35,52553.4,25-06-2024 13:30
52550.75,52588.6,52526.95,52553.2,25-06-2024 13:35
52557.7,52638.85,52557.3,52603.3,25-06-2024 13:40
52607.15,52665.1,52601.25,52658.85,25-06-2024 13:45
52661.85,52669.3,52561.9,52612,25-06-2024 13:50
52606.9,52613,52539.2,52573.35,25-06-2024 13:55
52578.55,52600.9,52547,52579.15,25-06-2024 14:00
52578.5,52623.7,52560.9,52604.85,25-06-2024 14:05
52607.15,52663.55,52603,52609.9,25-06-2024 14:10
52613.2,52619.5,52561.4,52565.8,25-06-2024 14:15
52562.8,52573.25,52490.55,52522.45,25-06-2024 14:20
52520.4,52551.85,52457.15,52537.05,25-06-2024 14:25
52537.7,52589.85,52520.25,52560.65,25-06-2024 14:30
52559.6,52633.75,52552.2,52618.3,25-06-2024 14:35
52619.55,52632.35,52595.75,52616.8,25-06-2024 14:40
52620.15,52662.55,52606.1,52624.6,25-06-2024 14:45
52619.2,52645.85,52542.1,52559.35,25-06-2024 14:50
52561.4,52575.45,52529.9,52546.4,25-06-2024 14:55
52548.05,52606.3,52508.1,52600.9,25-06-2024 15:00
52611.35,52617.15,52556.75,52564.9,25-06-2024 15:05
52565.5,52634.95,52544.25,52627.9,25-06-2024 15:10
52628.5,52661.9,52599.25,52649.05,25-06-2024 15:15
52649.8,52746.5,52638.8,52700.65,25-06-2024 15:20
52702.65,52705.55,52615,52630.15,25-06-2024 15:25
52653.2,52701.7,52530.2,52619.65,26-06-2024 09:15
52616.1,52654.45,52549.05,52551.35,26-06-2024 09:20
52552.55,52591.25,52510.75,52520.55,26-06-2024 09:25
52515.65,52655.2,52459.4,52559.9,26-06-2024 09:30
52566.8,52612.7,52527.3,52535.15,26-06-2024 09:35
52540.95,52573.4,52440.9,52450.2,26-06-2024 09:40
52442.45,52462.25,52373.7,52407.9,26-06-2024 09:45
52407.6,52543.3,52399.65,52521.05,26-06-2024 09:50
52521.2,52528.35,52434.25,52451.25,26-06-2024 09:55
52448.85,52456.6,52378.25,52403.65,26-06-2024 10:00
52396.9,52456.15,52387.35,52442.5,26-06-2024 10:05
52445.95,52457.45,52395.9,52399.3,26-06-2024 10:10
52398.3,52540.55,52398.3,52525.65,26-06-2024 10:15
52529.3,52597.75,52514.9,52514.9,26-06-2024 10:20
52516.1,52525.55,52467.55,52523.5,26-06-2024 10:25
52524.8,52558.85,52476.95,52485.35,26-06-2024 10:30
52485.6,52513,52463.3,52481,26-06-2024 10:35
52482.85,52523.4,52472.8,52487.4,26-06-2024 10:40
52481.5,52538.2,52476.2,52513.05,26-06-2024 10:45
52513.45,52581.95,52501.3,52559.8,26-06-2024 10:50
52565.95,52633,52540.2,52605.8,26-06-2024 10:55
52605,52717.85,52605,52673.75,26-06-2024 11:00
52672.7,52753.65,52663.45,52672.85,26-06-2024 11:05
52667.55,52696.7,52648.85,52680.1,26-06-2024 11:10
52674.15,52727.55,52666.35,52668.35,26-06-2024 11:15
52669.35,52720.45,52667,52702.4,26-06-2024 11:20
52707.4,52854.95,52692.75,52821.95,26-06-2024 11:25
52819.85,52906.85,52819.85,52885.05,26-06-2024 11:30
52892.65,52892.8,52843.5,52875.1,26-06-2024 11:35
52876.15,52908.65,52805,52834.5,26-06-2024 11:40
52834.4,52889.65,52823.5,52877.7,26-06-2024 11:45
52879.05,52903.5,52861.15,52874.8,26-06-2024 11:50
52874.6,52897.45,52860.4,52876.8,26-06-2024 11:55
52879.3,52957.95,52828.35,52838.2,26-06-2024 12:00
52837.45,52870.2,52820.65,52865.35,26-06-2024 12:05
52869.55,52893.25,52854.5,52885.05,26-06-2024 12:10
52888.9,52931.55,52865.15,52914.1,26-06-2024 12:15
52917.6,52950.05,52888.85,52897.35,26-06-2024 12:20
52902.25,52927.1,52849.9,52852.05,26-06-2024 12:25
52848.3,52879.65,52830.15,52874.2,26-06-2024 12:30
52876.35,52896.25,52847.95,52890.1,26-06-2024 12:35
52891.85,52895.05,52857.55,52889.95,26-06-2024 12:40
52890.35,52906.75,52853.85,52894.65,26-06-2024 12:45
52890.35,52915.25,52865.45,52885.15,26-06-2024 12:50
52887.25,52888.5,52825.75,52848.35,26-06-2024 12:55
52849.1,52856.9,52730,52756.65,26-06-2024 13:00
52752,52845,52743.4,52825.15,26-06-2024 13:05
52829.5,52896.65,52823.3,52867.55,26-06-2024 13:10
52863.55,52911.85,52859.3,52874.9,26-06-2024 13:15
52873.3,52926.9,52862.55,52916,26-06-2024 13:20
52917.15,52934.15,52891.7,52916.15,26-06-2024 13:25
52915.1,52924.75,52879.7,52880.45,26-06-2024 13:30
52880.6,52917.35,52879.8,52906.5,26-06-2024 13:35
52906.3,52947.2,52851,52869.8,26-06-2024 13:40
52873.85,52915.2,52867.35,52894.05,26-06-2024 13:45
52894.15,52910.85,52881.35,52898.25,26-06-2024 13:50
52894.45,52919.75,52869.25,52883.8,26-06-2024 13:55
52883.45,52928.05,52879.75,52908.5,26-06-2024 14:00
52908.9,52943.05,52906.85,52937.8,26-06-2024 14:05
52936.5,52958.75,52923.55,52938.55,26-06-2024 14:10
52940.3,52953.75,52906.35,52929.1,26-06-2024 14:15
52931.15,52937,52861,52907.95,26-06-2024 14:20
52908.75,52933.7,52893.2,52901.1,26-06-2024 14:25
52903.35,52942.15,52875.95,52913.65,26-06-2024 14:30
52917.85,52950.55,52897.7,52903.25,26-06-2024 14:35
52907,52958.9,52904.2,52925.7,26-06-2024 14:40
52932.75,52952.5,52909.3,52940.35,26-06-2024 14:45
52943.55,52973.15,52888.4,52961.95,26-06-2024 14:50
52966.8,52988.3,52948.05,52952.05,26-06-2024 14:55
52952.65,52955.55,52891,52895.85,26-06-2024 15:00
52896.8,52954.85,52814.95,52937.95,26-06-2024 15:05
52939.35,52951.9,52823.6,52837.55,26-06-2024 15:10
52832.85,52876.15,52830.7,52861.35,26-06-2024 15:15
52861.95,52898.7,52756.4,52774.55,26-06-2024 15:20
52779.75,52815.6,52694.2,52694.5,26-06-2024 15:25
52980.3,52980.3,52639,52753.7,27-06-2024 09:15
52755.65,52862.4,52754.85,52811.55,27-06-2024 09:20
52814,52826.9,52701.35,52708.45,27-06-2024 09:25
52707.95,52734.75,52674.05,52691.75,27-06-2024 09:30
52688.45,52787.05,52688.45,52751.3,27-06-2024 09:35
52746.85,52801.45,52737.45,52749.4,27-06-2024 09:40
52759.3,52821.15,52750.3,52816.15,27-06-2024 09:45
52815,52910.25,52815,52910.25,27-06-2024 09:50
52915.45,53038.15,52900.45,53030.15,27-06-2024 09:55
53028.2,53180.75,53021,53160.55,27-06-2024 10:00
53156.35,53164,53106.3,53115.55,27-06-2024 10:05
53118.65,53158.6,53071.3,53100.1,27-06-2024 10:10
53100.5,53136.9,53060.55,53104.95,27-06-2024 10:15
53104.4,53124.35,53042.9,53053.3,27-06-2024 10:20
53047.95,53083.1,53003.3,53070.5,27-06-2024 10:25
53074.2,53082,52870.1,52871.6,27-06-2024 10:30
52867.4,52917.6,52842.6,52875.5,27-06-2024 10:35
52872.65,52894.5,52735.85,52743.3,27-06-2024 10:40
52741.75,52742,52668.65,52720.05,27-06-2024 10:45
52723.45,52842.3,52713.35,52725.2,27-06-2024 10:50
52728.05,52852.05,52721.85,52845.15,27-06-2024 10:55
52840.75,52898.35,52807.8,52816.55,27-06-2024 11:00
52820.65,52859.25,52815.7,52835.1,27-06-2024 11:05
52834.45,52958.8,52834.45,52950.05,27-06-2024 11:10
52945.6,52963.7,52873.1,52875.95,27-06-2024 11:15
52879.1,52947,52849.35,52933.45,27-06-2024 11:20
52933.35,52959.25,52891.1,52902.5,27-06-2024 11:25
52905.4,52942.75,52894.9,52911.35,27-06-2024 11:30
52905,52924.3,52872.9,52908.55,27-06-2024 11:35
52908.4,52960.4,52897.7,52939.8,27-06-2024 11:40
52938.6,52943.5,52904.35,52909.5,27-06-2024 11:45
52905.2,52921.3,52870.4,52878.5,27-06-2024 11:50
52877.75,52934.75,52875.3,52930.65,27-06-2024 11:55
52931.35,52954.25,52925.25,52949.15,27-06-2024 12:00
52949.95,52990.4,52919.35,52927.7,27-06-2024 12:05
52929.05,53010.35,52923.45,53010.35,27-06-2024 12:10
53005.15,53035.2,52966.35,52983.15,27-06-2024 12:15
52986.4,53018.1,52971.7,53000.35,27-06-2024 12:20
53004.9,53011.7,52953.45,52958.05,27-06-2024 12:25
52962.55,53000.65,52945.7,52993.4,27-06-2024 12:30
52998.3,53016.7,52963.3,52971.8,27-06-2024 12:35
52974.1,52979.5,52897.6,52934.65,27-06-2024 12:40
52930.25,52950.8,52886.15,52941.15,27-06-2024 12:45
52937.55,52997,52901.2,52901.2,27-06-2024 12:50
52903.45,52915.7,52800.9,52819.25,27-06-2024 12:55
52816.1,52868.2,52811.1,52856,27-06-2024 13:00
52856.15,52866.25,52816.45,52860.2,27-06-2024 13:05
52859.6,52879.8,52831.45,52862.05,27-06-2024 13:10
52864.3,52912.5,52843.3,52912.5,27-06-2024 13:15
52911.3,52935.45,52887.4,52908.8,27-06-2024 13:20
52905.5,52909.15,52842.45,52865.3,27-06-2024 13:25
52868.45,52878.2,52821,52849.6,27-06-2024 13:30
52851,52889.4,52831.85,52865,27-06-2024 13:35
52867.05,52904.9,52864.4,52869.35,27-06-2024 13:40
52871.65,52877.85,52777.05,52791.8,27-06-2024 13:45
52788.45,52856.6,52769.05,52837.9,27-06-2024 13:50
52841.45,52893.25,52836.35,52875.05,27-06-2024 13:55
52879.6,52923.7,52836,52845,27-06-2024 14:00
52842.6,52851.1,52778.95,52781.7,27-06-2024 14:05
52782.5,52847.15,52751.05,52843.35,27-06-2024 14:10
52839.25,52857.95,52807.25,52814.15,27-06-2024 14:15
52815.35,52830.95,52784.15,52785.95,27-06-2024 14:20
52788.3,52806.05,52724.85,52752.75,27-06-2024 14:25
52752.05,52773.1,52694.65,52716.85,27-06-2024 14:30
52718.25,52851.1,52704.95,52834.4,27-06-2024 14:35
52830.35,52909.65,52812.8,52901.75,27-06-2024 14:40
52902.1,52964.45,52871.25,52936.65,27-06-2024 14:45
52936.1,52953.55,52879.65,52890.25,27-06-2024 14:50
52894.1,52924.9,52821.8,52901.95,27-06-2024 14:55
52903.6,52909.25,52730.9,52752.6,27-06-2024 15:00
52752.65,52811.65,52751,52787.8,27-06-2024 15:05
52785.15,52821.8,52783.1,52805.15,27-06-2024 15:10
52811.65,52869.3,52806.1,52854,27-06-2024 15:15
52854.25,52882.9,52792.75,52810.75,27-06-2024 15:20
52810.45,52826.95,52759.8,52759.8,27-06-2024 15:25
52874.95,52962.15,52783.3,52943.65,28-06-2024 09:15
52945.6,52977.05,52883.1,52948.2,28-06-2024 09:20
52947.3,52963.1,52886.95,52895.75,28-06-2024 09:25
52884.85,52913.15,52843.1,52876.6,28-06-2024 09:30
52880.75,52956.7,52869.9,52943.7,28-06-2024 09:35
52948.85,53030.3,52944.05,52965.55,28-06-2024 09:40
52962.65,53017.2,52941.3,53001.05,28-06-2024 09:45
53001.8,53023.1,52951.05,53007.95,28-06-2024 09:50
53006.35,53017.75,52895.8,52928.9,28-06-2024 09:55
52934,52971.3,52928.6,52938,28-06-2024 10:00
52939.85,52986.15,52935.4,52962.1,28-06-2024 10:05
52956.3,53003.2,52951.45,52972.85,28-06-2024 10:10
52970.3,53000.85,52903.55,52922.95,28-06-2024 10:15
52922.35,52961.5,52900.75,52954.9,28-06-2024 10:20
52951.4,52972.95,52931.25,52952.35,28-06-2024 10:25
52952.9,52987.5,52937.8,52949.75,28-06-2024 10:30
52948.85,52974.35,52944.45,52960.05,28-06-2024 10:35
52957.05,52994.65,52946.4,52962.3,28-06-2024 10:40
52958.15,52964.5,52891.45,52896.4,28-06-2024 10:45
52894.6,52927.4,52882.55,52902.5,28-06-2024 10:50
52903.5,52922.65,52874.4,52922.35,28-06-2024 10:55
52921.7,52947.2,52914.25,52926.65,28-06-2024 11:00
52928.8,52932.65,52842.3,52875.5,28-06-2024 11:05
52883.05,52895,52847.95,52861.5,28-06-2024 11:10
52862.05,52870.15,52727.85,52775.5,28-06-2024 11:15
52775.6,52827.55,52770.4,52800.6,28-06-2024 11:20
52800.1,52818.45,52705.25,52712.35,28-06-2024 11:25
52710.15,52797.05,52674.9,52795.5,28-06-2024 11:30
52791.1,52878.55,52791.1,52823.5,28-06-2024 11:35
52824.45,52849.55,52811.5,52832.65,28-06-2024 11:40
52832.5,52845.45,52793.65,52807.2,28-06-2024 11:45
52805.1,52811.95,52776.15,52810.8,28-06-2024 11:50
52811.4,52814.7,52768.3,52781.15,28-06-2024 11:55
52781.6,52812.05,52773.1,52796.9,28-06-2024 12:00
52797.65,52805,52750.6,52753.45,28-06-2024 12:05
52751.6,52762.75,52723.65,52740.1,28-06-2024 12:10
52742.4,52752.1,52652.1,52707.55,28-06-2024 12:15
52711.6,52711.6,52572.95,52617.55,28-06-2024 12:20
52620.2,52642.9,52570.4,52587.1,28-06-2024 12:25
52589.85,52625.4,52528.8,52551.05,28-06-2024 12:30
52551.05,52592.7,52534.35,52542.1,28-06-2024 12:35
52542.7,52619.35,52540.15,52607.55,28-06-2024 12:40
52608.3,52646.85,52553.15,52561.15,28-06-2024 12:45
52563.35,52564.55,52491.65,52510.15,28-06-2024 12:50
52510.2,52566.9,52497.25,52540.4,28-06-2024 12:55
52539.7,52542.75,52486.65,52520.55,28-06-2024 13:00
52521.1,52539.5,52444.15,52453.9,28-06-2024 13:05
52455.65,52521.2,52419.45,52516.55,28-06-2024 13:10
52513.45,52543.45,52469.65,52474.5,28-06-2024 13:15
52475.15,52486.85,52456.15,52482.25,28-06-2024 13:20
52484.35,52529.1,52455.15,52499.45,28-06-2024 13:25
52499.5,52554.8,52493.05,52496,28-06-2024 13:30
52493.85,52546.65,52468.35,52532.2,28-06-2024 13:35
52531.25,52615.1,52512.2,52577.55,28-06-2024 13:40
52581.65,52628.35,52563.95,52576.3,28-06-2024 13:45
52577.25,52591.3,52550,52582.55,28-06-2024 13:50
52581.9,52589.45,52538.25,52559.55,28-06-2024 13:55
52561.55,52646.7,52545.55,52644.5,28-06-2024 14:00
52639.55,52707.25,52618.95,52700.9,28-06-2024 14:05
52703.25,52723.05,52656.4,52672.4,28-06-2024 14:10
52673.75,52706.7,52626.05,52649.45,28-06-2024 14:15
52649.65,52656.45,52596.55,52603.25,28-06-2024 14:20
52607.45,52631.05,52555.25,52564.1,28-06-2024 14:25
52570.85,52615,52461.4,52495.7,28-06-2024 14:30
52491.6,52542.6,52478.2,52496,28-06-2024 14:35
52489.45,52515.5,52407,52495.1,28-06-2024 14:40
52494.55,52582.45,52494.55,52577.55,28-06-2024 14:45
52577.7,52590.6,52532,52571.75,28-06-2024 14:50
52573.7,52587.85,52476.7,52477.95,28-06-2024 14:55
52482,52508.3,52353,52358.2,28-06-2024 15:00
52358.4,52436.25,52358.25,52420.15,28-06-2024 15:05
52415.1,52423.25,52279.1,52289.05,28-06-2024 15:10
52289.85,52322.5,52242.3,52321.9,28-06-2024 15:15
52322.2,52331.6,52290.35,52309.95,28-06-2024 15:20
52311.2,52334.9,52293.9,52323.7,28-06-2024 15:25
52351.15,52417.55,52245.25,52290.7,01-07-2024 09:15
52288.6,52300.5,52166.4,52204.35,01-07-2024 09:20
52204.55,52285.85,52166.05,52281.6,01-07-2024 09:25
52279.7,52409.9,52276,52328.35,01-07-2024 09:30
52329.3,52470.75,52313,52442.5,01-07-2024 09:35
52443,52515.75,52436.35,52507.65,01-07-2024 09:40
52511.25,52511.25,52441.3,52451.65,01-07-2024 09:45
52450.7,52522.25,52444.05,52499.3,01-07-2024 09:50
52496.35,52545.2,52465.2,52484.35,01-07-2024 09:55
52481.55,52512.35,52452.85,52491.85,01-07-2024 10:00
52485.35,52516.3,52451.15,52516.3,01-07-2024 10:05
52515.25,52515.25,52373.35,52396.1,01-07-2024 10:10
52396.05,52453.05,52393.6,52419.1,01-07-2024 10:15
52422.15,52483.1,52417,52476.7,01-07-2024 10:20
52473.95,52476.35,52437.75,52439.15,01-07-2024 10:25
52435.9,52457.25,52412.1,52442.05,01-07-2024 10:30
52436.3,52459,52422.7,52448.25,01-07-2024 10:35
52444.2,52446.35,52411.75,52416.95,01-07-2024 10:40
52415.7,52424.95,52338.8,52377.3,01-07-2024 10:45
52380.4,52429.2,52363.4,52418.75,01-07-2024 10:50
52418.95,52418.95,52382.8,52386.75,01-07-2024 10:55
52387.05,52404.95,52381.7,52397.8,01-07-2024 11:00
52398.4,52437.95,52384.65,52419.85,01-07-2024 11:05
52418.05,52423.45,52397.6,52413.5,01-07-2024 11:10
52410.85,52501.45,52395.45,52489.1,01-07-2024 11:15
52487.95,52570.65,52483.25,52566.2,01-07-2024 11:20
52565.65,52599.85,52547.45,52578.85,01-07-2024 11:25
52573.9,52581.85,52517,52534.05,01-07-2024 11:30
52532.6,52555.3,52511.55,52550.55,01-07-2024 11:35
52548.55,52570.85,52540.3,52566.55,01-07-2024 11:40
52567.2,52607.55,52559,52580,01-07-2024 11:45
52571.25,52581.4,52523.55,52527.1,01-07-2024 11:50
52527.5,52562.25,52524.75,52545.1,01-07-2024 11:55
52545.7,52561.9,52543.3,52557.95,01-07-2024 12:00
52558.75,52572.45,52539.05,52546.6,01-07-2024 12:05
52545.85,52563.9,52534.45,52549.55,01-07-2024 12:10
52549.3,52572.8,52527.35,52564.45,01-07-2024 12:15
52563.05,52589.65,52555.2,52589.5,01-07-2024 12:20
52588.45,52616.9,52562.95,52565.95,01-07-2024 12:25
52565,52578.65,52534.95,52567.05,01-07-2024 12:30
52561.75,52571.15,52524.8,52555.7,01-07-2024 12:35
52555.05,52564,52529,52562.25,01-07-2024 12:40
52560.8,52574.35,52554.8,52569.65,01-07-2024 12:45
52566.95,52578.3,52557.05,52573.65,01-07-2024 12:50
52571.35,52576.75,52552.65,52561.75,01-07-2024 12:55
52560.7,52573.05,52540.3,52550.55,01-07-2024 13:00
52549.4,52572.9,52537.8,52569.25,01-07-2024 13:05
52568.35,52593.4,52562,52579.95,01-07-2024 13:10
52582,52605.1,52575.65,52591.25,01-07-2024 13:15
52590.65,52600.7,52532.1,52571.3,01-07-2024 13:20
52571,52580.05,52554.25,52565.25,01-07-2024 13:25
52566.55,52601.45,52552.05,52591.35,01-07-2024 13:30
52589.8,52613.1,52587.6,52609.35,01-07-2024 13:35
52607.45,52630.95,52599.25,52610.75,01-07-2024 13:40
52611.9,52615.9,52569.1,52593.1,01-07-2024 13:45
52592.55,52632.15,52585.95,52623.65,01-07-2024 13:50
52621.85,52633.5,52606.8,52614.3,01-07-2024 13:55
52613.7,52638.45,52544,52571.1,01-07-2024 14:00
52566.95,52596.4,52551.9,52560.6,01-07-2024 14:05
52553.95,52593.35,52552.55,52582.95,01-07-2024 14:10
52583.75,52602.5,52559.9,52596.25,01-07-2024 14:15
52595.15,52600.95,52563.1,52579.7,01-07-2024 14:20
52577.4,52590.75,52522.05,52556.1,01-07-2024 14:25
52560.05,52572.35,52525.95,52548.5,01-07-2024 14:30
52548.25,52565.05,52528.65,52555.85,01-07-2024 14:35
52541.75,52559.1,52487.95,52516.75,01-07-2024 14:40
52516.65,52551.25,52498.4,52539.3,01-07-2024 14:45
52537.85,52572.75,52513.1,52549.2,01-07-2024 14:50
52560.3,52563.85,52529.4,52547.35,01-07-2024 14:55
52552.5,52591.1,52497.6,52574.3,01-07-2024 15:00
52572.7,52654.55,52564.3,52652.2,01-07-2024 15:05
52651.95,52656.15,52576.25,52613.4,01-07-2024 15:10
52611.1,52630,52565.55,52571.6,01-07-2024 15:15
52563.85,52569.55,52523.6,52538.95,01-07-2024 15:20
52538.85,52558.55,52504.55,52521.45,01-07-2024 15:25
52793.75,52828.45,52604.1,52685.75,02-07-2024 09:15
52686.7,52687.3,52535.45,52554.75,02-07-2024 09:20
52554.3,52579.6,52438.25,52463.1,02-07-2024 09:25
52466.4,52471.9,52373,52428.75,02-07-2024 09:30
52427.6,52448.6,52351.1,52374.65,02-07-2024 09:35
52382.9,52413.95,52209.1,52209.1,02-07-2024 09:40
52214.35,52250.05,52120.25,52232.1,02-07-2024 09:45
52236.05,52304,52227.4,52233.15,02-07-2024 09:50
52226.25,52298,52217.8,52239.5,02-07-2024 09:55
52235.3,52325.1,52215.6,52318.45,02-07-2024 10:00
52316.5,52390.35,52304.25,52335,02-07-2024 10:05
52332.8,52337.45,52232,52256.55,02-07-2024 10:10
52255.15,52297.35,52252.9,52288.2,02-07-2024 10:15
52287.6,52337.85,52280.5,52305.05,02-07-2024 10:20
52299.75,52341.7,52263.7,52283.15,02-07-2024 10:25
52274.9,52315.55,52270.95,52283.35,02-07-2024 10:30
52286.8,52346.2,52285.35,52321.65,02-07-2024 10:35
52321.35,52352.7,52291.55,52303.35,02-07-2024 10:40
52301.55,52332.55,52277.2,52321.8,02-07-2024 10:45
52322.9,52336.25,52289.5,52294.2,02-07-2024 10:50
52296.35,52340.9,52286.95,52340.9,02-07-2024 10:55
52339,52352.3,52313.2,52336.05,02-07-2024 11:00
52335.55,52344.85,52305.5,52319.9,02-07-2024 11:05
52326.2,52371.45,52289.25,52364.1,02-07-2024 11:10
52357.5,52412.65,52355.55,52364,02-07-2024 11:15
52370.45,52379.55,52345.35,52350.2,02-07-2024 11:20
52350.9,52370.1,52328.6,52353.6,02-07-2024 11:25
52354.95,52363.7,52317.9,52321.25,02-07-2024 11:30
52325.65,52342.35,52203.5,52245.55,02-07-2024 11:35
52243.2,52243.6,52057.3,52095.4,02-07-2024 11:40
52094.3,52151.8,52079.85,52136.75,02-07-2024 11:45
52135.7,52155.25,52112.2,52132.45,02-07-2024 11:50
52131.55,52196.3,52129.1,52171.95,02-07-2024 11:55
52174.3,52225.15,52168.25,52198.75,02-07-2024 12:00
52197.25,52205.15,52150.45,52180.6,02-07-2024 12:05
52178.65,52191.6,52136.3,52142,02-07-2024 12:10
52141,52190,52132.7,52174.7,02-07-2024 12:15
52176.45,52184.65,52131.4,52155.6,02-07-2024 12:20
52156.15,52162,52109.75,52155.35,02-07-2024 12:25
52155.9,52186.35,52144.75,52173.75,02-07-2024 12:30
52172.9,52180.15,52099.35,52106.9,02-07-2024 12:35
52108.35,52118.75,52070.5,52099.95,02-07-2024 12:40
52105.1,52115.2,52019.05,52042.95,02-07-2024 12:45
52048.05,52072.45,52039.45,52062.75,02-07-2024 12:50
52065.3,52073.3,51999.6,52022,02-07-2024 12:55
52016.65,52065,51996.65,52052.1,02-07-2024 13:00
52052.05,52074.45,52032.4,52068.55,02-07-2024 13:05
52069.4,52175.8,52045.95,52147.85,02-07-2024 13:10
52146.15,52157.45,52117.45,52131.2,02-07-2024 13:15
52136.6,52200.8,52120.25,52174.4,02-07-2024 13:20
52181.1,52212.7,52135.5,52138.15,02-07-2024 13:25
52143,52156.85,52109.6,52123.1,02-07-2024 13:30
52131.05,52203.45,52120.9,52195.55,02-07-2024 13:35
52194.8,52251.35,52186.8,52213.75,02-07-2024 13:40
52213.45,52231.85,52187,52196.7,02-07-2024 13:45
52195.55,52225.8,52158.6,52164.4,02-07-2024 13:50
52160.8,52199.45,52131.45,52197.7,02-07-2024 13:55
52198.85,52218.55,52160.05,52167.95,02-07-2024 14:00
52165.4,52183.8,52126.2,52151.55,02-07-2024 14:05
52147.4,52173.15,52119.05,52132.6,02-07-2024 14:10
52132.6,52171.8,52125.75,52151.55,02-07-2024 14:15
52153.6,52175.25,52136.25,52159.4,02-07-2024 14:20
52157.6,52165.45,52126.3,52155.7,02-07-2024 14:25
52157.45,52190.25,52136,52184.85,02-07-2024 14:30
52182.05,52217.95,52172.8,52190.1,02-07-2024 14:35
52188.9,52227.1,52166.1,52197.05,02-07-2024 14:40
52194.5,52209.3,52163.45,52197.05,02-07-2024 14:45
52196.7,52215.05,52179.05,52188.8,02-07-2024 14:50
52194,52222.75,52179.2,52200.2,02-07-2024 14:55
52207.15,52215.15,52146.2,52164.15,02-07-2024 15:00
52165.45,52178.8,52148.05,52171.25,02-07-2024 15:05
52171.2,52178.2,52141.4,52164.4,02-07-2024 15:10
52164.5,52170.9,52144.25,52168.1,02-07-2024 15:15
52168.75,52200.7,52167.5,52187.35,02-07-2024 15:20
52187.5,52191.55,52131.2,52148.1,02-07-2024 15:25
52872.3,52876.7,52482.65,52600.6,03-07-2024 09:15
52593.6,52954.15,52593.6,52872.3,03-07-2024 09:20
52867,52944,52799.6,52814.65,03-07-2024 09:25
52810.6,52973.9,52807.85,52961.55,03-07-2024 09:30
52956.2,53020.3,52915.8,52967.85,03-07-2024 09:35
52969,53110.75,52959.05,53110.75,03-07-2024 09:40
53105.5,53195.15,53077.6,53162.2,03-07-2024 09:45
53161.3,53201.5,53119.85,53183.5,03-07-2024 09:50
53182.4,53182.4,53075.4,53097.75,03-07-2024 09:55
53092.2,53124.25,53046.05,53078.65,03-07-2024 10:00
53080.35,53137.15,53072.35,53098.65,03-07-2024 10:05
53096.5,53123.7,53060.15,53074.4,03-07-2024 10:10
53078.95,53095.05,53054.1,53065.4,03-07-2024 10:15
53066.35,53073.85,53008.65,53050.95,03-07-2024 10:20
53051.25,53233.1,53041,53211.75,03-07-2024 10:25
53219.9,53256.7,53133.7,53151.75,03-07-2024 10:30
53157.05,53173.2,53122.2,53136.1,03-07-2024 10:35
53137.3,53165.55,53117.55,53158.75,03-07-2024 10:40
53158.75,53164.3,53104.6,53115.85,03-07-2024 10:45
53114.45,53167.7,53106.1,53117.6,03-07-2024 10:50
53118.5,53144.15,53114.75,53142,03-07-2024 10:55
53131.85,53151,53029.85,53102.75,03-07-2024 11:00
53100.05,53104.4,53066.85,53080.65,03-07-2024 11:05
53079.7,53092,53025.3,53046.9,03-07-2024 11:10
53045.5,53078.3,53043.45,53066.5,03-07-2024 11:15
53069,53085.75,53010.15,53027.25,03-07-2024 11:20
53023.6,53052.35,52967.4,53045.4,03-07-2024 11:25
53049.15,53107.7,53032.45,53083.25,03-07-2024 11:30
53086.45,53103.15,53066.8,53076.55,03-07-2024 11:35
53078,53087.1,53057.05,53083.25,03-07-2024 11:40
53085,53102.6,53067.95,53099.3,03-07-2024 11:45
53102.5,53119.5,53076.65,53093.65,03-07-2024 11:50
53096.1,53100.55,53066.2,53070,03-07-2024 11:55
53073.15,53089.85,53050.05,53074.4,03-07-2024 12:00
53074.7,53080.75,53044.6,53055.7,03-07-2024 12:05
53057.8,53091.75,53046.1,53078.35,03-07-2024 12:10
53079.5,53105.25,53075.15,53099.85,03-07-2024 12:15
53100.75,53118.4,53069.95,53114.1,03-07-2024 12:20
53117.45,53144.8,53088.25,53100.1,03-07-2024 12:25
53100,53143.5,53097.5,53137.1,03-07-2024 12:30
53136.8,53143.9,53113.15,53124.8,03-07-2024 12:35
53124.45,53137.35,53096.65,53102.35,03-07-2024 12:40
53104.15,53118.25,53095.45,53109,03-07-2024 12:45
53113.85,53130.6,53098.5,53116.45,03-07-2024 12:50
53115.7,53125.1,53092.5,53109.55,03-07-2024 12:55
53106.55,53108.75,53065.25,53106.85,03-07-2024 13:00
53105.9,53108.05,53063.15,53068.9,03-07-2024 13:05
53071.5,53091.65,53057.95,53084.15,03-07-2024 13:10
53087.75,53107.65,53070.95,53098.85,03-07-2024 13:15
53099.2,53115.4,53082.05,53109.35,03-07-2024 13:20
53109.95,53124.75,53098.55,53114.35,03-07-2024 13:25
53113.75,53133.2,53103.85,53113.5,03-07-2024 13:30
53113.95,53134.55,53099.9,53120.8,03-07-2024 13:35
53119.85,53157.45,53110,53151.9,03-07-2024 13:40
53150.05,53191.3,53136.95,53164.6,03-07-2024 13:45
53164.15,53184.25,53156.6,53177.15,03-07-2024 13:50
53176.75,53177.55,53109.25,53139.8,03-07-2024 13:55
53132.7,53138.9,53095.7,53106.15,03-07-2024 14:00
53105.05,53133.1,53091.15,53118.95,03-07-2024 14:05
53124.15,53124.15,53089.3,53096.5,03-07-2024 14:10
53101.1,53134.4,53070.75,53108.75,03-07-2024 14:15
53110.1,53121.3,53089.85,53100.85,03-07-2024 14:20
53103.85,53103.85,53053.1,53083.65,03-07-2024 14:25
53085.15,53107.05,53063.15,53107,03-07-2024 14:30
53106.45,53143,53094.8,53109.85,03-07-2024 14:35
53110.15,53123.95,53094.65,53109,03-07-2024 14:40
53113.1,53121.25,53080.8,53090.75,03-07-2024 14:45
53098.4,53105.35,53065.4,53097.9,03-07-2024 14:50
53107.35,53111.35,53061.85,53069.7,03-07-2024 14:55
53070.5,53100.05,53047.1,53089.7,03-07-2024 15:00
53091.45,53112.15,53049.9,53103.85,03-07-2024 15:05
53103.8,53115.25,53078.15,53110,03-07-2024 15:10
53108.15,53120.2,53058.8,53106.15,03-07-2024 15:15
53104,53145.4,53078.8,53078.8,03-07-2024 15:20
53079.05,53124.55,53025.7,53042.15,03-07-2024 15:25
53357.7,53357.7,53054.3,53066.35,04-07-2024 09:15
53069.75,53170.35,53044.5,53123.35,04-07-2024 09:20
53123.7,53150.8,53109.3,53147.3,04-07-2024 09:25
53146.1,53190.75,53123.65,53165.05,04-07-2024 09:30
53162.1,53169.15,53083.55,53097.45,04-07-2024 09:35
53098.95,53190.85,53089.3,53190.85,04-07-2024 09:40
53189.85,53194.55,53158.05,53180.3,04-07-2024 09:45
53177,53225.85,53143.4,53163.7,04-07-2024 09:50
53161.45,53206.85,53151.9,53204.6,04-07-2024 09:55
53204.3,53222.1,53180.3,53182.7,04-07-2024 10:00
53185.3,53206.65,53173.25,53205.85,04-07-2024 10:05
53207.95,53213.7,53180.05,53180.05,04-07-2024 10:10
53180.8,53202.3,53109,53154.35,04-07-2024 10:15
53154.3,53161.05,53028.2,53054.4,04-07-2024 10:20
53057.85,53093.9,53006.4,53066.75,04-07-2024 10:25
53067.8,53078.3,52939.2,52954.3,04-07-2024 10:30
52944.95,52952.65,52892.35,52898.05,04-07-2024 10:35
52898.3,52929.25,52864,52911.9,04-07-2024 10:40
52910.2,52916.3,52815.9,52879.85,04-07-2024 10:45
52874.35,52896.7,52858.7,52868.95,04-07-2024 10:50
52869.75,52900.4,52842.25,52860.3,04-07-2024 10:55
52861.6,52876.3,52823,52871.6,04-07-2024 11:00
52868.7,52893.55,52831.15,52876.55,04-07-2024 11:05
52874.95,52903.15,52866.7,52881.2,04-07-2024 11:10
52881.35,52897.25,52863,52890.2,04-07-2024 11:15
52887.3,52911.95,52870.95,52905.8,04-07-2024 11:20
52905.65,52925.2,52881.6,52924.65,04-07-2024 11:25
52922.55,52947.85,52889.7,52890.95,04-07-2024 11:30
52892.35,52932.8,52870.1,52908.9,04-07-2024 11:35
52909.75,52920.55,52898.9,52912.45,04-07-2024 11:40
52914.05,52936.55,52897.15,52935.85,04-07-2024 11:45
52935.4,52937.05,52915,52922.25,04-07-2024 11:50
52922.2,52924.65,52880.85,52895.15,04-07-2024 11:55
52898.45,52913.4,52888.45,52896.4,04-07-2024 12:00
52894.8,52944.15,52894.8,52941.25,04-07-2024 12:05
52942.2,52959.95,52921.75,52942,04-07-2024 12:10
52941.15,52971.95,52938.35,52939.55,04-07-2024 12:15
52940.3,52962,52922.15,52950.3,04-07-2024 12:20
52948.35,52981.7,52948.35,52976.65,04-07-2024 12:25
52975,52980,52949.25,52966.05,04-07-2024 12:30
52966.1,52970,52948.4,52969.85,04-07-2024 12:35
52969.95,52980.55,52949.3,52959.9,04-07-2024 12:40
52960.35,53000.6,52956.8,52999.55,04-07-2024 12:45
52997.35,53015.6,52985.25,53006.8,04-07-2024 12:50
53005.55,53016.85,52986.75,52993.6,04-07-2024 12:55
52991.15,53009.25,52984.6,53006.8,04-07-2024 13:00
53004.95,53028.2,52997.9,53024.9,04-07-2024 13:05
53023.7,53026.7,52983.25,52996.2,04-07-2024 13:10
52995.25,53019.45,52982,53016.85,04-07-2024 13:15
53013.35,53016.25,52970.6,52973.65,04-07-2024 13:20
52970.1,52982.05,52948.65,52967.8,04-07-2024 13:25
52967.3,52975,52925.75,52947.15,04-07-2024 13:30
52946.4,52972.55,52942.95,52957.85,04-07-2024 13:35
52958.45,52967.8,52943.9,52955.2,04-07-2024 13:40
52954.95,52965.6,52923.95,52945.55,04-07-2024 13:45
52942.15,52978.45,52934.25,52975,04-07-2024 13:50
52974.1,52989.75,52971.45,52983.45,04-07-2024 13:55
52984.3,52986.55,52955.65,52962.3,04-07-2024 14:00
52962.2,53050.3,52950.05,53050.3,04-07-2024 14:05
53052.4,53092.85,53031.85,53031.85,04-07-2024 14:10
53032.85,53054.85,52996.05,53013.65,04-07-2024 14:15
53011.85,53050.45,52984.8,53033.7,04-07-2024 14:20
53033.7,53072.1,53033.6,53072,04-07-2024 14:25
53071.75,53174.4,53071.75,53157.3,04-07-2024 14:30
53156.8,53186.95,53134.95,53157.8,04-07-2024 14:35
53153.55,53167.7,53122.45,53163.55,04-07-2024 14:40
53160.55,53188.05,53142.6,53169.1,04-07-2024 14:45
53167.75,53174.7,53125.3,53127.8,04-07-2024 14:50
53127.75,53137.45,53101.95,53104.9,04-07-2024 14:55
53109.5,53145.05,53109.5,53135.55,04-07-2024 15:00
53142.1,53142.1,53063.6,53073.05,04-07-2024 15:05
53078.3,53119.95,53068.5,53108,04-07-2024 15:10
53107.15,53123,53087.85,53115,04-07-2024 15:15
53115.6,53117.15,53089.15,53109.05,04-07-2024 15:20
53108.3,53117.45,53072.85,53083.75,04-07-2024 15:25
52560.1,52817.85,52506.5,52692.05,05-07-2024 09:15
52688.3,52693.75,52567.9,52600.65,05-07-2024 09:20
52596.55,52603.5,52517.2,52517.2,05-07-2024 09:25
52515.7,52523.9,52290.45,52378.2,05-07-2024 09:30
52378.7,52426.15,52341.85,52403.3,05-07-2024 09:35
52406.25,52475.15,52389.35,52396.5,05-07-2024 09:40
52397.75,52424.25,52368.45,52400.55,05-07-2024 09:45
52399,52399,52295.05,52317.25,05-07-2024 09:50
52320.4,52380.6,52290.05,52360.2,05-07-2024 09:55
52370.1,52412.3,52354.55,52399.2,05-07-2024 10:00
52400.95,52451.65,52386.45,52406.55,05-07-2024 10:05
52402.65,52409.15,52358.1,52385.8,05-07-2024 10:10
52384.4,52391.25,52339.2,52359.2,05-07-2024 10:15
52360.4,52408.35,52357.15,52378.75,05-07-2024 10:20
52379.95,52478.25,52368,52457.95,05-07-2024 10:25
52457.6,52494,52441.05,52472.45,05-07-2024 10:30
52474,52515.5,52468.35,52502.8,05-07-2024 10:35
52505.3,52523.5,52479,52511.45,05-07-2024 10:40
52510.85,52609.95,52507,52606.3,05-07-2024 10:45
52603.45,52663.55,52601.3,52602.15,05-07-2024 10:50
52599.25,52606.9,52570.25,52596.4,05-07-2024 10:55
52595,52611.3,52574.3,52575.5,05-07-2024 11:00
52576,52589.2,52548.3,52557.35,05-07-2024 11:05
52555.15,52577.05,52539.8,52552.3,05-07-2024 11:10
52553.9,52584.75,52549.65,52555.4,05-07-2024 11:15
52556,52610.05,52552.95,52603.85,05-07-2024 11:20
52608.6,52642.85,52593.9,52609.55,05-07-2024 11:25
52605.55,52644.05,52595.2,52627.5,05-07-2024 11:30
52625.45,52660.6,52614.35,52648.5,05-07-2024 11:35
52648.15,52653.9,52605.75,52627.35,05-07-2024 11:40
52626.35,52638.85,52609.9,52620.1,05-07-2024 11:45
52620.6,52640.75,52591.45,52593.25,05-07-2024 11:50
52592.25,52620.9,52571.15,52574,05-07-2024 11:55
52574.6,52587.95,52553.3,52576.3,05-07-2024 12:00
52574.6,52605.1,52558.7,52558.7,05-07-2024 12:05
52564.95,52571.85,52547.8,52551.05,05-07-2024 12:10
52548.3,52567.15,52545.4,52558.55,05-07-2024 12:15
52557.2,52611.5,52554.55,52611.4,05-07-2024 12:20
52599.8,52612.65,52575.4,52578.15,05-07-2024 12:25
52578.35,52624.05,52577.85,52614.95,05-07-2024 12:30
52614,52618.95,52579.35,52582.6,05-07-2024 12:35
52585.95,52606.25,52571.1,52601.6,05-07-2024 12:40
52598.05,52616.4,52584.4,52609.95,05-07-2024 12:45
52609.15,52614.9,52566.1,52583.65,05-07-2024 12:50
52586.9,52593.6,52568.7,52582.3,05-07-2024 12:55
52582.4,52608.95,52580.5,52598.95,05-07-2024 13:00
52600.8,52601.35,52551.35,52551.35,05-07-2024 13:05
52551.8,52564.4,52485.45,52500.55,05-07-2024 13:10
52499.85,52511.95,52484.9,52502.95,05-07-2024 13:15
52503.05,52528.05,52497.55,52512.45,05-07-2024 13:20
52509.9,52541.05,52509.1,52521,05-07-2024 13:25
52521.4,52568.9,52517.9,52564.75,05-07-2024 13:30
52566.55,52581.2,52552.15,52559.35,05-07-2024 13:35
52559.15,52567.4,52493.6,52505.65,05-07-2024 13:40
52506.05,52509.45,52478.9,52483.45,05-07-2024 13:45
52483.45,52501.2,52465.7,52500.15,05-07-2024 13:50
52505,52509.2,52489.75,52490.7,05-07-2024 13:55
52493.9,52520.95,52484.3,52502.2,05-07-2024 14:00
52500.85,52513.8,52494.5,52503.95,05-07-2024 14:05
52499.35,52520.75,52482.25,52512.65,05-07-2024 14:10
52512.5,52533.7,52489.3,52513.45,05-07-2024 14:15
52512.85,52525.75,52475.75,52475.75,05-07-2024 14:20
52482,52493.4,52431.45,52471.35,05-07-2024 14:25
52470.75,52494,52463,52488.6,05-07-2024 14:30
52487.8,52529.2,52485.6,52517.6,05-07-2024 14:35
52514,52523.6,52489.65,52498.8,05-07-2024 14:40
52498,52512.75,52484.65,52489.4,05-07-2024 14:45
52487.3,52492.65,52464.25,52481.65,05-07-2024 14:50
52488.6,52510.5,52473.9,52503.9,05-07-2024 14:55
52504.3,52638.8,52504.3,52620.9,05-07-2024 15:00
52623.85,52720.45,52617.15,52720.05,05-07-2024 15:05
52721.9,52732.6,52673.8,52685.8,05-07-2024 15:10
52687.05,52715.05,52643,52675.9,05-07-2024 15:15
52676,52684.85,52651.95,52671.95,05-07-2024 15:20
52668.5,52677.55,52621.6,52633.15,05-07-2024 15:25
52533.1,52534.1,52321.2,52386.2,08-07-2024 09:15
52384.35,52642.4,52370.1,52606.5,08-07-2024 09:20
52606.45,52656.55,52555.65,52599.45,08-07-2024 09:25
52601.15,52640.95,52573.4,52630.1,08-07-2024 09:30
52625.1,52710.8,52624.85,52624.85,08-07-2024 09:35
52625.3,52635.55,52433.4,52461.45,08-07-2024 09:40
52459.95,52482.1,52394.4,52457.15,08-07-2024 09:45
52456.15,52477.7,52435.2,52437.85,08-07-2024 09:50
52437.25,52464.4,52423.95,52446.3,08-07-2024 09:55
52438.35,52628.8,52424.9,52588.6,08-07-2024 10:00
52585,52616.85,52563.3,52566.15,08-07-2024 10:05
52559.1,52589.05,52536.15,52561.35,08-07-2024 10:10
52561.9,52591.9,52555.95,52584.8,08-07-2024 10:15
52585.35,52607.9,52557.25,52604.6,08-07-2024 10:20
52603.15,52688,52587.5,52657.8,08-07-2024 10:25
52657.5,52676.55,52461.35,52498.35,08-07-2024 10:30
52496.85,52576.1,52488.55,52557.3,08-07-2024 10:35
52552.4,52580.9,52520,52563.25,08-07-2024 10:40
52562.55,52564.9,52527.6,52553.2,08-07-2024 10:45
52551.05,52558.5,52501.4,52516.3,08-07-2024 10:50
52516.9,52522,52463.6,52509.25,08-07-2024 10:55
52509.45,52523.2,52467.15,52473.7,08-07-2024 11:00
52473.7,52500.4,52418.85,52449.4,08-07-2024 11:05
52447.3,52452.35,52388.75,52450.7,08-07-2024 11:10
52447.85,52469.7,52422.65,52445.85,08-07-2024 11:15
52445.15,52461.25,52412.85,52439.2,08-07-2024 11:20
52438.7,52447,52418.4,52436.45,08-07-2024 11:25
52433.15,52444.8,52401.85,52439.3,08-07-2024 11:30
52440.15,52444.15,52416.05,52422.15,08-07-2024 11:35
52425.05,52425.05,52300.75,52326.3,08-07-2024 11:40
52328.3,52363.15,52319.35,52354.5,08-07-2024 11:45
52354.45,52423.65,52338.05,52409.65,08-07-2024 11:50
52407.8,52439.7,52381,52391,08-07-2024 11:55
52391.7,52416.4,52362.55,52395.3,08-07-2024 12:00
52398.6,52416.2,52360.6,52365,08-07-2024 12:05
52365.1,52371.6,52252.45,52283.65,08-07-2024 12:10
52285.1,52363.55,52246.7,52347.6,08-07-2024 12:15
52347,52357.3,52329.35,52356.5,08-07-2024 12:20
52352.4,52357.25,52316.25,52334.6,08-07-2024 12:25
52340.5,52357.05,52319.1,52345.7,08-07-2024 12:30
52345.9,52382.4,52338.8,52347.1,08-07-2024 12:35
52347.65,52371.6,52337,52350.9,08-07-2024 12:40
52350.6,52377.05,52340.95,52354.7,08-07-2024 12:45
52356.15,52392.45,52351.35,52378.25,08-07-2024 12:50
52380.3,52416.55,52373.25,52410.3,08-07-2024 12:55
52410.55,52423.05,52369.85,52391.75,08-07-2024 13:00
52394.8,52433.65,52381.05,52410.45,08-07-2024 13:05
52415.2,52437.1,52387.6,52389.8,08-07-2024 13:10
52395.25,52447.15,52383.95,52414.45,08-07-2024 13:15
52415.85,52437.25,52406.55,52432.45,08-07-2024 13:20
52434.45,52435.9,52365.4,52370.15,08-07-2024 13:25
52371.3,52383.1,52333.8,52365.6,08-07-2024 13:30
52367.8,52390.55,52348.15,52384.9,08-07-2024 13:35
52386,52396.4,52365.05,52379.6,08-07-2024 13:40
52379.45,52408.8,52364.15,52404.5,08-07-2024 13:45
52405.7,52514.5,52395.2,52511.05,08-07-2024 13:50
52502.45,52518.25,52443.3,52472.25,08-07-2024 13:55
52474.9,52502.7,52423.65,52461.95,08-07-2024 14:00
52470.15,52485.75,52440.05,52449.45,08-07-2024 14:05
52451,52455.1,52416.5,52430.85,08-07-2024 14:10
52436.45,52485.25,52423.45,52442.3,08-07-2024 14:15
52445.85,52466.65,52410.85,52449.4,08-07-2024 14:20
52447.9,52498.65,52440.9,52498.65,08-07-2024 14:25
52498.75,52508.95,52464.6,52480.7,08-07-2024 14:30
52480.25,52481,52432.85,52471.95,08-07-2024 14:35
52473.75,52473.75,52377.35,52382.3,08-07-2024 14:40
52384.05,52413.85,52348.75,52367.1,08-07-2024 14:45
52371.2,52403.45,52352.75,52385.85,08-07-2024 14:50
52386.65,52447.55,52367.4,52396.85,08-07-2024 14:55
52393.85,52480.7,52386.35,52404.7,08-07-2024 15:00
52403.8,52432.65,52392.95,52418.6,08-07-2024 15:05
52420.8,52424,52383.95,52400.55,08-07-2024 15:10
52401.1,52421.85,52377.3,52395.25,08-07-2024 15:15
52396.35,52483.95,52394.2,52480.9,08-07-2024 15:20
52479.75,52507.8,52456.15,52470.05,08-07-2024 15:25
52390.5,52586.3,52292.95,52559.6,09-07-2024 09:15
52558.8,52564.15,52478.25,52555.65,09-07-2024 09:20
52555.5,52572.6,52494.25,52503.35,09-07-2024 09:25
52501.5,52553.65,52442.65,52545.3,09-07-2024 09:30
52541.65,52562.05,52498.4,52562.05,09-07-2024 09:35
52556.75,52568.15,52527.9,52529.05,09-07-2024 09:40
52526.7,52545.35,52435.05,52450.4,09-07-2024 09:45
52453.5,52474.6,52422.5,52454.1,09-07-2024 09:50
52453.4,52494.35,52447.15,52488.45,09-07-2024 09:55
52493.45,52520.7,52473.75,52478.7,09-07-2024 10:00
52479.95,52491.45,52416.35,52446.35,09-07-2024 10:05
52443.25,52523.3,52442.2,52490.15,09-07-2024 10:10
52490.85,52534.55,52488.7,52495,09-07-2024 10:15
52494.45,52515.35,52475,52485,09-07-2024 10:20
52479.7,52511.8,52477.65,52503.8,09-07-2024 10:25
52503.2,52525.35,52497.45,52501.85,09-07-2024 10:30
52501.3,52545.6,52493.9,52534.7,09-07-2024 10:35
52532.75,52568.25,52529.65,52552.75,09-07-2024 10:40
52554.3,52571.25,52541.6,52551.15,09-07-2024 10:45
52547.45,52574.55,52541.8,52566.6,09-07-2024 10:50
52562,52570.5,52533.7,52539.15,09-07-2024 10:55
52539.55,52568.5,52526.05,52535.5,09-07-2024 11:00
52537.1,52557.5,52502.85,52530.45,09-07-2024 11:05
52531.05,52548.85,52496.9,52527.9,09-07-2024 11:10
52529.75,52538.3,52512.8,52527.85,09-07-2024 11:15
52528.15,52562.55,52522.75,52533.65,09-07-2024 11:20
52526.3,52548.5,52515.4,52517.8,09-07-2024 11:25
52516.75,52554.7,52512.95,52543.65,09-07-2024 11:30
52545.75,52557.5,52535.4,52547.65,09-07-2024 11:35
52544.6,52620,52537.5,52617,09-07-2024 11:40
52615.85,52626.6,52582.1,52593.35,09-07-2024 11:45
52588.15,52597.7,52579.15,52587.15,09-07-2024 11:50
52588.25,52609,52581.45,52593.75,09-07-2024 11:55
52590.35,52596.6,52566.75,52566.75,09-07-2024 12:00
52567.8,52594,52558,52565.45,09-07-2024 12:05
52562.25,52572.05,52544.85,52560.8,09-07-2024 12:10
52557.9,52566.3,52526.1,52527.4,09-07-2024 12:15
52528.25,52549,52526.3,52537,09-07-2024 12:20
52536.95,52558.4,52532.45,52557.1,09-07-2024 12:25
52552.75,52562.65,52534.45,52551,09-07-2024 12:30
52550.7,52567.15,52541.05,52544.45,09-07-2024 12:35
52544.6,52558.6,52483.7,52493.95,09-07-2024 12:40
52492,52540.4,52491.05,52523.2,09-07-2024 12:45
52525.6,52549.4,52523.05,52538.95,09-07-2024 12:50
52538.95,52552.2,52526.9,52537.05,09-07-2024 12:55
52538.25,52567.1,52525.5,52545.45,09-07-2024 13:00
52546,52569.65,52543,52565.3,09-07-2024 13:05
52560.35,52573.15,52553.4,52558.75,09-07-2024 13:10
52558.05,52576.35,52548.95,52550.65,09-07-2024 13:15
52552,52563.3,52550.95,52556.5,09-07-2024 13:20
52556.2,52583.4,52535.95,52566.05,09-07-2024 13:25
52565.95,52569.2,52542.25,52550.1,09-07-2024 13:30
52548.2,52556.35,52534.1,52547.35,09-07-2024 13:35
52547.35,52564,52541.35,52550.5,09-07-2024 13:40
52549.5,52569.95,52548.3,52561.5,09-07-2024 13:45
52557.9,52577.75,52555.25,52564.4,09-07-2024 13:50
52563.9,52594.2,52560.1,52588.6,09-07-2024 13:55
52586.15,52592.4,52566.15,52576.35,09-07-2024 14:00
52579.2,52585.55,52563.05,52571.45,09-07-2024 14:05
52574.15,52595.5,52568.85,52581.15,09-07-2024 14:10
52578.7,52582.3,52540.05,52542.35,09-07-2024 14:15
52541.75,52566.15,52529.85,52564.1,09-07-2024 14:20
52565,52566.5,52525.5,52527.5,09-07-2024 14:25
52526.6,52548.75,52523.55,52541.95,09-07-2024 14:30
52546.05,52556,52536.05,52545.8,09-07-2024 14:35
52546.1,52560.9,52511.9,52548,09-07-2024 14:40
52543.3,52555.4,52500.95,52509.6,09-07-2024 14:45
52506.8,52553.65,52506.8,52526,09-07-2024 14:50
52526.25,52540.9,52505.15,52525.95,09-07-2024 14:55
52532.45,52603,52524.35,52593.75,09-07-2024 15:00
52595.1,52602.1,52533.4,52560.15,09-07-2024 15:05
52559.4,52601.2,52555.2,52567,09-07-2024 15:10
52567.25,52607.65,52562.55,52603.5,09-07-2024 15:15
52591.9,52600.55,52537.55,52538.8,09-07-2024 15:20
52542.55,52564.5,52488.4,52521.4,09-07-2024 15:25
52528.8,52528.8,52175.2,52255.7,10-07-2024 09:15
52252.5,52296.65,52185.7,52281,10-07-2024 09:20
52270.1,52319.25,52249.8,52265.8,10-07-2024 09:25
52274.4,52320.25,52262.15,52287.7,10-07-2024 09:30
52283.8,52325.25,52256.3,52315.3,10-07-2024 09:35
52312.45,52354.6,52292.55,52299.4,10-07-2024 09:40
52299.05,52299.45,52201.85,52284.2,10-07-2024 09:45
52284.55,52385.65,52266.95,52359.2,10-07-2024 09:50
52357.1,52386.4,52343.15,52362.7,10-07-2024 09:55
52362.75,52369.5,52316.35,52337.4,10-07-2024 10:00
52336.9,52348.95,52255.65,52272.55,10-07-2024 10:05
52263.85,52300.25,52234,52284.55,10-07-2024 10:10
52278.7,52300.95,52254.75,52266.05,10-07-2024 10:15
52266.55,52266.55,52166.95,52176.15,10-07-2024 10:20
52175.95,52219.8,52171.85,52196.85,10-07-2024 10:25
52196.45,52228.9,52179.6,52192.05,10-07-2024 10:30
52187.6,52187.6,52108.5,52133.35,10-07-2024 10:35
52128.45,52165.75,52077.9,52151.15,10-07-2024 10:40
52150.15,52160.65,52118.05,52136.7,10-07-2024 10:45
52134.7,52156.5,52102.3,52114.65,10-07-2024 10:50
52113.8,52156.35,52110.9,52136.55,10-07-2024 10:55
52135.6,52152.5,52105.4,52148.15,10-07-2024 11:00
52149.55,52160.05,52125.75,52126.2,10-07-2024 11:05
52127.85,52158.15,52102.35,52124,10-07-2024 11:10
52123.7,52143,52082.15,52132.6,10-07-2024 11:15
52134.65,52155.6,52128.95,52140.15,10-07-2024 11:20
52139.95,52147.7,52117.6,52133.7,10-07-2024 11:25
52137.25,52152.35,52123.15,52143.45,10-07-2024 11:30
52145.05,52168.55,52124.95,52138.1,10-07-2024 11:35
52134.9,52158.7,52125.45,52145.3,10-07-2024 11:40
52145.9,52152.65,52123.45,52134.45,10-07-2024 11:45
52141.15,52183.15,52116.45,52161.1,10-07-2024 11:50
52156,52172.55,52145.25,52148.85,10-07-2024 11:55
52151.65,52175.3,52146.8,52173.45,10-07-2024 12:00
52173.05,52187.75,52152.15,52169.3,10-07-2024 12:05
52160.85,52172.6,52141.55,52153.75,10-07-2024 12:10
52156.25,52168.55,52137.15,52145.5,10-07-2024 12:15
52145.85,52165.9,52133.4,52159.45,10-07-2024 12:20
52159.5,52168.8,52128.35,52146.4,10-07-2024 12:25
52142.8,52147.9,52125.9,52139.15,10-07-2024 12:30
52139.15,52152.15,52132.15,52144.95,10-07-2024 12:35
52146,52154.45,52111.65,52113.1,10-07-2024 12:40
52116.45,52148.45,52107.75,52142.75,10-07-2024 12:45
52143.1,52167.3,52135.75,52161.25,10-07-2024 12:50
52159.25,52162.3,52115.3,52140,10-07-2024 12:55
52139.85,52159.85,52123.3,52132.6,10-07-2024 13:00
52132.85,52147.75,52120.05,52132.6,10-07-2024 13:05
52131,52139.9,52107.9,52129.3,10-07-2024 13:10
52128.2,52134.2,52107.4,52123,10-07-2024 13:15
52123.15,52128.8,52097.2,52113,10-07-2024 13:20
52116.1,52128.5,52103.4,52108.4,10-07-2024 13:25
52109.8,52147.85,52105.85,52134.05,10-07-2024 13:30
52133.6,52141.7,52116.05,52118.6,10-07-2024 13:35
52115.15,52126.8,52107.25,52114.3,10-07-2024 13:40
52117.7,52123.35,52100.3,52105.55,10-07-2024 13:45
52105.4,52118,52092.9,52114.3,10-07-2024 13:50
52114.25,52127.85,52107.85,52109.45,10-07-2024 13:55
52110.6,52121.7,52085.4,52104.65,10-07-2024 14:00
52105.1,52114.65,52075.4,52102.8,10-07-2024 14:05
52100.95,52133.05,52088.95,52120.35,10-07-2024 14:10
52121.7,52151.1,52108.3,52141.25,10-07-2024 14:15
52142.05,52164.4,52123.4,52133.9,10-07-2024 14:20
52134.5,52150.9,52124.55,52140.1,10-07-2024 14:25
52142.75,52213,52139.2,52164.45,10-07-2024 14:30
52165.75,52234.7,52163.8,52211.9,10-07-2024 14:35
52222.55,52235.95,52183.4,52199.85,10-07-2024 14:40
52197.65,52220.05,52150.6,52167.05,10-07-2024 14:45
52164,52172.3,52116.1,52125.25,10-07-2024 14:50
52123.55,52144.6,52100.1,52140.15,10-07-2024 14:55
52139.2,52203.75,52139.2,52183.6,10-07-2024 15:00
52181.25,52238.55,52171.05,52233.7,10-07-2024 15:05
52231.8,52234.75,52168.85,52174.4,10-07-2024 15:10
52172.7,52228.35,52162.1,52182.25,10-07-2024 15:15
52184.4,52193.4,52160.15,52188.6,10-07-2024 15:20
52187.55,52234.5,52183.2,52217.3,10-07-2024 15:25
52316.9,52400.3,52250.35,52250.35,11-07-2024 09:15
52244.9,52273.65,52169.7,52180.4,11-07-2024 09:20
52183.65,52230.25,52172.6,52203.05,11-07-2024 09:25
52200.55,52233.55,52115.55,52138.45,11-07-2024 09:30
52138.35,52159.1,52110,52143.5,11-07-2024 09:35
52138.75,52195.1,52133.05,52142.5,11-07-2024 09:40
52143.5,52216.4,52119.4,52210.7,11-07-2024 09:45
52213.95,52264.7,52212.55,52257.7,11-07-2024 09:50
52256,52263.05,52186.35,52207.35,11-07-2024 09:55
52212.05,52264.6,52206.3,52257.8,11-07-2024 10:00
52256.65,52305.7,52248.25,52283.45,11-07-2024 10:05
52290,52298.1,52138,52140.65,11-07-2024 10:10
52141.55,52142.85,51922.95,51950.65,11-07-2024 10:15
51953.25,51990.45,51889.95,51902.55,11-07-2024 10:20
51893.65,51944.15,51857.95,51857.95,11-07-2024 10:25
51857.9,51919.25,51824.2,51912.5,11-07-2024 10:30
51909.55,51947.85,51892.1,51920.3,11-07-2024 10:35
51922,51927.95,51844.7,51848,11-07-2024 10:40
51850.65,51870.6,51811.8,51839.25,11-07-2024 10:45
51837.2,51850.2,51816.65,51820.1,11-07-2024 10:50
51816.95,51849,51811,51811,11-07-2024 10:55
51805.4,51837.45,51766.2,51785.7,11-07-2024 11:00
51781.9,51812.7,51763.55,51772.5,11-07-2024 11:05
51769.7,51801.5,51749.45,51801.5,11-07-2024 11:10
51796.6,51840,51779.1,51824.35,11-07-2024 11:15
51821.9,51855.35,51801.5,51852.1,11-07-2024 11:20
51852.15,51877.6,51832.15,51837.1,11-07-2024 11:25
51836.3,51854.65,51822.5,51846.95,11-07-2024 11:30
51849.35,51894.2,51846.35,51888.3,11-07-2024 11:35
51884.45,51928.35,51870.9,51891.6,11-07-2024 11:40
51890.9,51896.05,51863.3,51868.15,11-07-2024 11:45
51870.15,51894.35,51861.9,51869.45,11-07-2024 11:50
51869.85,51920.95,51859.85,51903.35,11-07-2024 11:55
51900.6,51918.55,51768.35,51794.75,11-07-2024 12:00
51795.15,51832,51781.65,51825.2,11-07-2024 12:05
51826.75,51906.35,51820.3,51882.85,11-07-2024 12:10
51883.5,51894.65,51863.5,51886.9,11-07-2024 12:15
51886.2,51947.7,51881.7,51911.95,11-07-2024 12:20
51922.35,51944.95,51907.45,51930.6,11-07-2024 12:25
51927.9,51960.8,51918.9,51954,11-07-2024 12:30
51956.45,51960,51893.25,51929.15,11-07-2024 12:35
51928.2,51939.85,51910.15,51929.2,11-07-2024 12:40
51930.65,51965.7,51923.8,51956.85,11-07-2024 12:45
51956.1,51958.25,51924.5,51926.3,11-07-2024 12:50
51928.45,51928.8,51886.15,51912.4,11-07-2024 12:55
51912,51950.55,51908.2,51934.9,11-07-2024 13:00
51934.6,51958.8,51930.8,51950,11-07-2024 13:05
51950.25,51961.75,51930.1,51933.1,11-07-2024 13:10
51933.85,51950,51923.6,51932.7,11-07-2024 13:15
51932.4,51955.95,51898.1,51921.25,11-07-2024 13:20
51924.35,51935.9,51908.55,51911.8,11-07-2024 13:25
51912.45,51913.7,51885.4,51894.7,11-07-2024 13:30
51888.7,51902.75,51877.95,51892.25,11-07-2024 13:35
51894.6,51930.7,51889.95,51920.25,11-07-2024 13:40
51919.05,51976.9,51915.85,51967.8,11-07-2024 13:45
51968.4,52083.9,51962.3,52072.3,11-07-2024 13:50
52070.75,52099.5,52044.75,52069.3,11-07-2024 13:55
52074.8,52244.7,52074.8,52229.9,11-07-2024 14:00
52231.95,52231.95,52154.45,52169.1,11-07-2024 14:05
52168.9,52179.4,52121.8,52168.7,11-07-2024 14:10
52170.5,52215.6,52162.25,52192.2,11-07-2024 14:15
52193.55,52196.25,52134.55,52174.75,11-07-2024 14:20
52174.45,52175.15,52142.2,52157,11-07-2024 14:25
52154.3,52171.05,52131.25,52160.2,11-07-2024 14:30
52160.35,52186.55,52145.45,52171.6,11-07-2024 14:35
52170.85,52185.05,52143.6,52148.6,11-07-2024 14:40
52146.8,52173.55,52132,52161.4,11-07-2024 14:45
52162.05,52295.7,52157.15,52277.8,11-07-2024 14:50
52283.6,52343.3,52269.2,52311.25,11-07-2024 14:55
52309.45,52324.2,52221.7,52236.9,11-07-2024 15:00
52234.65,52268.75,52224.7,52260.8,11-07-2024 15:05
52260.3,52297.55,52257.4,52287.6,11-07-2024 15:10
52288.85,52294.4,52254.85,52272.9,11-07-2024 15:15
52269.7,52324.7,52257.6,52317.7,11-07-2024 15:20
52317.9,52335.2,52284.9,52305.65,11-07-2024 15:25
52272.65,52361.95,52216.2,52225.2,12-07-2024 09:15
52228.5,52251.5,52193.8,52251.05,12-07-2024 09:20
52238.9,52482.25,52229.8,52465.15,12-07-2024 09:25
52464.85,52489.55,52438.85,52469.1,12-07-2024 09:30
52469.25,52473.2,52399.25,52435.95,12-07-2024 09:35
52436.75,52510.75,52408.6,52490.25,12-07-2024 09:40
52487.85,52491.1,52437.85,52442.45,12-07-2024 09:45
52445.8,52445.8,52303.35,52316.6,12-07-2024 09:50
52315.25,52315.25,52171.15,52269.05,12-07-2024 09:55
52268.7,52321.3,52238.5,52276.8,12-07-2024 10:00
52276.75,52358,52260.35,52268.45,12-07-2024 10:05
52267.45,52274.25,52234.25,52237,12-07-2024 10:10
52232.15,52330.1,52224.9,52301.65,12-07-2024 10:15
52304,52352.65,52263.7,52274.2,12-07-2024 10:20
52274.3,52335.6,52268.4,52332.35,12-07-2024 10:25
52331.8,52332.05,52276.5,52312.1,12-07-2024 10:30
52314.2,52320.1,52288.95,52293.15,12-07-2024 10:35
52291.45,52296.35,52242.5,52292.15,12-07-2024 10:40
52292.3,52312.4,52265.05,52267.9,12-07-2024 10:45
52267.2,52503.55,52253.8,52493.55,12-07-2024 10:50
52495.4,52605.8,52472.95,52594,12-07-2024 10:55
52601.3,52757.3,52591.4,52757.3,12-07-2024 11:00
52756.25,52794.55,52667.5,52679.3,12-07-2024 11:05
52675.6,52696.8,52626.8,52649.8,12-07-2024 11:10
52647.4,52659.45,52579.3,52612.65,12-07-2024 11:15
52609.2,52630.9,52540.8,52560.5,12-07-2024 11:20
52559.8,52578.95,52505.5,52544.2,12-07-2024 11:25
52543.65,52574.8,52509.35,52532.45,12-07-2024 11:30
52535.9,52535.95,52448.4,52505.5,12-07-2024 11:35
52505.85,52555.7,52496.7,52524.8,12-07-2024 11:40
52525.45,52577.4,52512.95,52570,12-07-2024 11:45
52569.55,52571.7,52506.85,52539.95,12-07-2024 11:50
52540.55,52540.8,52495.1,52504.5,12-07-2024 11:55
52507.2,52511.45,52468.5,52496.9,12-07-2024 12:00
52496.35,52533.3,52491.1,52528.05,12-07-2024 12:05
52527.15,52576.6,52526.65,52551.5,12-07-2024 12:10
52554.85,52562.4,52502.1,52513.95,12-07-2024 12:15
52517.2,52524,52490.6,52496.35,12-07-2024 12:20
52496.35,52515,52479.2,52509.7,12-07-2024 12:25
52508.6,52514.8,52469.3,52483.7,12-07-2024 12:30
52482.2,52507.35,52470.85,52501.3,12-07-2024 12:35
52501.7,52522.5,52476.6,52479.45,12-07-2024 12:40
52478.05,52489.8,52444.65,52486.35,12-07-2024 12:45
52478.9,52515.65,52466.05,52507.45,12-07-2024 12:50
52508.9,52560.6,52506.2,52538.8,12-07-2024 12:55
52541.25,52556,52509.1,52553.4,12-07-2024 13:00
52553.1,52573.35,52539.15,52571.3,12-07-2024 13:05
52572.25,52586.5,52543.25,52554.65,12-07-2024 13:10
52555.55,52632.1,52548.75,52626.85,12-07-2024 13:15
52624.8,52637.35,52589.65,52594.2,12-07-2024 13:20
52594.25,52601.35,52546.1,52554.2,12-07-2024 13:25
52551.9,52616.7,52543.35,52585.7,12-07-2024 13:30
52581.25,52592.65,52537,52541.1,12-07-2024 13:35
52540.85,52564.15,52538.3,52546.3,12-07-2024 13:40
52547.15,52586.25,52537.25,52581.25,12-07-2024 13:45
52578,52586.15,52532,52544.6,12-07-2024 13:50
52543.65,52576.1,52540.25,52558.35,12-07-2024 13:55
52558.95,52576.65,52549.25,52563.1,12-07-2024 14:00
52557.6,52580.65,52544.85,52558.8,12-07-2024 14:05
52557.85,52573.65,52542.35,52562.15,12-07-2024 14:10
52562.3,52582.3,52526.3,52548.85,12-07-2024 14:15
52547.05,52552.85,52497.85,52510.1,12-07-2024 14:20
52515.75,52538.55,52493.15,52529.5,12-07-2024 14:25
52525.1,52542.6,52481.35,52497.2,12-07-2024 14:30
52499.8,52515.85,52444.85,52452.55,12-07-2024 14:35
52450.55,52456.8,52404.55,52437,12-07-2024 14:40
52437.65,52439.8,52382.75,52408.9,12-07-2024 14:45
52406,52420.85,52383.4,52400.55,12-07-2024 14:50
52397.6,52420.1,52369.6,52381.85,12-07-2024 14:55
52385.95,52387.3,52265.75,52336.65,12-07-2024 15:00
52334.5,52343.55,52283.85,52286.6,12-07-2024 15:05
52287.75,52304.15,52226.05,52228.45,12-07-2024 15:10
52224.75,52282.75,52193.3,52272.55,12-07-2024 15:15
52273.35,52330.85,52265.95,52320.95,12-07-2024 15:20
52321.9,52350.65,52257.2,52348.7,12-07-2024 15:25
52330.05,52395.85,52275.2,52355.75,15-07-2024 09:15
52348.5,52361.95,52259.3,52269.4,15-07-2024 09:20
52272.7,52444.9,52271.8,52415,15-07-2024 09:25
52416,52439.6,52344.2,52359.95,15-07-2024 09:30
52357.95,52375.2,52278.3,52283.65,15-07-2024 09:35
52285.25,52329.05,52219.95,52272.15,15-07-2024 09:40
52273.45,52291.25,52233.35,52269.7,15-07-2024 09:45
52267.85,52307.75,52240.5,52265.8,15-07-2024 09:50
52264.65,52275.05,52230.45,52232.1,15-07-2024 09:55
52231.25,52251.4,52167.25,52213.2,15-07-2024 10:00
52212.8,52247.8,52184.75,52247.8,15-07-2024 10:05
52249.95,52358.15,52249.2,52313,15-07-2024 10:10
52313.5,52338.25,52294.25,52336.8,15-07-2024 10:15
52337.75,52337.75,52228.8,52264.15,15-07-2024 10:20
52262.6,52266.95,52237.6,52260.9,15-07-2024 10:25
52264.8,52300.5,52260.05,52296.15,15-07-2024 10:30
52291.2,52307.95,52265.95,52306.1,15-07-2024 10:35
52307.95,52516.4,52301.35,52446.45,15-07-2024 10:40
52447.75,52462.95,52418.3,52446.3,15-07-2024 10:45
52445.9,52473.1,52385.5,52423.4,15-07-2024 10:50
52423.25,52436.3,52406,52422.25,15-07-2024 10:55
52421.55,52464.4,52405.25,52434.9,15-07-2024 11:00
52432.2,52451.95,52411.55,52435.6,15-07-2024 11:05
52434.05,52465.4,52419.5,52426.7,15-07-2024 11:10
52426.6,52431.5,52403.35,52408.45,15-07-2024 11:15
52406.95,52413.05,52372.5,52403.15,15-07-2024 11:20
52403.15,52417.05,52394.35,52406.75,15-07-2024 11:25
52407.15,52412.3,52367.5,52382.55,15-07-2024 11:30
52382.65,52435,52381.15,52408.2,15-07-2024 11:35
52407.9,52423.15,52391.05,52406.3,15-07-2024 11:40
52403.85,52437.9,52391,52408.9,15-07-2024 11:45
52408.4,52445.9,52396.05,52414,15-07-2024 11:50
52413.25,52436.65,52154,52400.5,15-07-2024 11:55
52406.1,52428.45,52366.9,52376.75,15-07-2024 12:00
52377.65,52377.65,52302.55,52313.3,15-07-2024 12:05
52312.7,52362.45,52304.6,52358.3,15-07-2024 12:10
52357.85,52363.5,52315.6,52322.8,15-07-2024 12:15
52318.25,52336.35,52265.7,52275.45,15-07-2024 12:20
52275.75,52307.75,52256.3,52270.95,15-07-2024 12:25
52267.65,52294.9,52259.85,52283.05,15-07-2024 12:30
52283.25,52310.65,52274.05,52279.25,15-07-2024 12:35
52278.45,52296.5,52263.7,52289.2,15-07-2024 12:40
52286.55,52343.8,52275.25,52316.85,15-07-2024 12:45
52313.4,52337.4,52298.85,52308.65,15-07-2024 12:50
52306.75,52361.7,52303.85,52317.7,15-07-2024 12:55
52317.15,52344.95,52309.75,52331.55,15-07-2024 13:00
52332,52367.55,52320.3,52361.3,15-07-2024 13:05
52361.5,52441.9,52353.5,52434.6,15-07-2024 13:10
52438.5,52569.75,52426.8,52541.3,15-07-2024 13:15
52543.05,52602.15,52536.75,52548.9,15-07-2024 13:20
52548.65,52582.5,52534.5,52579.9,15-07-2024 13:25
52578.35,52622.85,52565.7,52588.65,15-07-2024 13:30
52592.3,52613.25,52572,52599.8,15-07-2024 13:35
52600.45,52611.2,52552,52552.5,15-07-2024 13:40
52555.85,52662.25,52543.3,52625.25,15-07-2024 13:45
52627.05,52637,52575.25,52582.6,15-07-2024 13:50
52583.3,52599.15,52563.45,52583.85,15-07-2024 13:55
52584.05,52609.9,52571.2,52599,15-07-2024 14:00
52598.05,52614.05,52571.45,52592.45,15-07-2024 14:05
52592.3,52602.2,52515.95,52545.2,15-07-2024 14:10
52542.05,52562,52510.8,52545.85,15-07-2024 14:15
52544,52567.5,52536.15,52554.15,15-07-2024 14:20
52556.2,52614.15,52552.4,52594.55,15-07-2024 14:25
52595.05,52606.95,52523.85,52547.65,15-07-2024 14:30
52544.55,52558.95,52524.5,52531.5,15-07-2024 14:35
52529.65,52564,52522.35,52523.9,15-07-2024 14:40
52522.55,52586.2,52519.7,52571.3,15-07-2024 14:45
52571.05,52585.9,52518.35,52536.65,15-07-2024 14:50
52535.4,52545.5,52447.75,52506.75,15-07-2024 14:55
52512.45,52520.3,52427.7,52435.1,15-07-2024 15:00
52435.85,52504.7,52424.65,52463.95,15-07-2024 15:05
52465.8,52481.05,52436,52448.95,15-07-2024 15:10
52442.9,52470.9,52442.65,52460.65,15-07-2024 15:15
52461.05,52469.7,52432.9,52447.05,15-07-2024 15:20
52441.75,52486.65,52422.65,52484.4,15-07-2024 15:25
52466.7,52619.05,52466.25,52583.6,16-07-2024 09:15
52572.4,52610.6,52556.15,52592.8,16-07-2024 09:20
52592.9,52592.9,52499.1,52512.7,16-07-2024 09:25
52514.1,52564.85,52465.1,52564.85,16-07-2024 09:30
52563.55,52581.65,52482.4,52491.2,16-07-2024 09:35
52487,52548.15,52459.05,52510.3,16-07-2024 09:40
52508.1,52517,52441.05,52462.65,16-07-2024 09:45
52466.05,52487.2,52359.75,52369.4,16-07-2024 09:50
52367,52477.75,52357.5,52477.75,16-07-2024 09:55
52470.5,52495.75,52399.35,52425.7,16-07-2024 10:00
52428.75,52476.25,52417.05,52443.1,16-07-2024 10:05
52446.5,52466.85,52406.1,52448.1,16-07-2024 10:10
52450.05,52502.45,52440.55,52499.35,16-07-2024 10:15
52497.15,52509.15,52449.3,52449.3,16-07-2024 10:20
52448.25,52485.4,52448.25,52480.25,16-07-2024 10:25
52476.7,52516.95,52443.75,52509.15,16-07-2024 10:30
52516.35,52522.1,52477.65,52495.6,16-07-2024 10:35
52498,52526.4,52482.35,52502.3,16-07-2024 10:40
52501.25,52507.9,52480.5,52504.3,16-07-2024 10:45
52503.9,52510.25,52474.05,52482.15,16-07-2024 10:50
52481.6,52514.65,52478.85,52507.3,16-07-2024 10:55
52506.9,52512.3,52482.25,52507.6,16-07-2024 11:00
52506.55,52515.8,52481.6,52485.95,16-07-2024 11:05
52487.7,52501.1,52435.75,52499,16-07-2024 11:10
52497.45,52510,52486.5,52493.25,16-07-2024 11:15
52489,52496.15,52473.7,52492.55,16-07-2024 11:20
52492.25,52507.55,52487.25,52499.6,16-07-2024 11:25
52494.4,52512.7,52477.25,52484.85,16-07-2024 11:30
52481.2,52499.1,52481.2,52492.65,16-07-2024 11:35
52493.2,52494.6,52457.7,52475.85,16-07-2024 11:40
52475.55,52480.95,52457.95,52470.75,16-07-2024 11:45
52471.05,52471.55,52435.35,52440,16-07-2024 11:50
52439.5,52465.9,52427.4,52462.75,16-07-2024 11:55
52460.65,52478.85,52426.2,52442,16-07-2024 12:00
52442.85,52457.4,52431.5,52448.2,16-07-2024 12:05
52448.6,52458.1,52435.6,52436,16-07-2024 12:10
52436.9,52453.5,52423.7,52437.95,16-07-2024 12:15
52438.7,52465.95,52434.45,52463.5,16-07-2024 12:20
52463.65,52470.7,52450.95,52457.25,16-07-2024 12:25
52455.45,52471.35,52443.95,52451.15,16-07-2024 12:30
52450.55,52492.85,52450.1,52482,16-07-2024 12:35
52476.5,52487.5,52468.4,52468.75,16-07-2024 12:40
52469.9,52507.45,52469.2,52497.7,16-07-2024 12:45
52495.75,52507.25,52458.75,52498.55,16-07-2024 12:50
52496.6,52500.15,52468.15,52498.4,16-07-2024 12:55
52497.2,52513.85,52457.2,52460.75,16-07-2024 13:00
52461.15,52487.35,52451.8,52458.6,16-07-2024 13:05
52459.7,52468.2,52428.25,52461.55,16-07-2024 13:10
52461.5,52476.85,52439.35,52445.8,16-07-2024 13:15
52442.45,52449.15,52407.5,52408.9,16-07-2024 13:20
52409.75,52424.7,52379.15,52414.25,16-07-2024 13:25
52415.35,52423.25,52387.6,52392.2,16-07-2024 13:30
52394.25,52434.1,52375.5,52393.95,16-07-2024 13:35
52395.75,52412.75,52382.6,52396.4,16-07-2024 13:40
52395.1,52422.85,52389.4,52408.55,16-07-2024 13:45
52408.1,52427.6,52399.6,52424.1,16-07-2024 13:50
52423.4,52425.8,52403.3,52412.3,16-07-2024 13:55
52413.7,52434.05,52400.9,52424.75,16-07-2024 14:00
52424.45,52436.7,52396.5,52399.9,16-07-2024 14:05
52400.5,52417.8,52389.1,52416.1,16-07-2024 14:10
52419.05,52419.05,52397.55,52409.5,16-07-2024 14:15
52409.55,52418.05,52398.35,52407.5,16-07-2024 14:20
52407.95,52414.7,52381.65,52387.55,16-07-2024 14:25
52387.5,52394.3,52335.35,52341.55,16-07-2024 14:30
52336.8,52409.15,52331.6,52401.55,16-07-2024 14:35
52399.7,52412.15,52379.85,52394.65,16-07-2024 14:40
52392.7,52419.3,52374.3,52382.3,16-07-2024 14:45
52380.1,52400.6,52378.15,52396.5,16-07-2024 14:50
52400.85,52409.45,52381.95,52389.2,16-07-2024 14:55
52391.35,52442.7,52387.6,52416.55,16-07-2024 15:00
52415.45,52456.7,52381.9,52435.45,16-07-2024 15:05
52433.9,52434.05,52378.65,52407.5,16-07-2024 15:10
52407.25,52410.05,52365.85,52386.75,16-07-2024 15:15
52387.1,52431.1,52370.9,52427.4,16-07-2024 15:20
52432.65,52454.35,52397.2,52399.95,16-07-2024 15:25
52215.05,52344.6,52168.65,52314.2,18-07-2024 09:15
52310.95,52384.45,52289.35,52292.3,18-07-2024 09:20
52294.7,52312.65,52254.6,52275.7,18-07-2024 09:25
52274.85,52331.9,52258,52327.45,18-07-2024 09:30
52325.45,52376.4,52307.25,52348.85,18-07-2024 09:35
52349.5,52426.4,52314.65,52402.7,18-07-2024 09:40
52408.7,52589.65,52403.95,52587.25,18-07-2024 09:45
52588.5,52609.3,52544,52587.5,18-07-2024 09:50
52588.95,52604.45,52530.7,52530.7,18-07-2024 09:55
52529.15,52597.55,52528.75,52589.05,18-07-2024 10:00
52587.05,52621.1,52552.6,52580.75,18-07-2024 10:05
52581.6,52668.8,52579.7,52608,18-07-2024 10:10
52602.4,52631.05,52583.9,52587.75,18-07-2024 10:15
52582.6,52598.9,52544.3,52580.1,18-07-2024 10:20
52576.5,52591.2,52543.45,52560.15,18-07-2024 10:25
52557,52580.8,52526.3,52540.65,18-07-2024 10:30
52541.1,52555.15,52479.35,52502.1,18-07-2024 10:35
52501,52534.5,52467,52513.85,18-07-2024 10:40
52519.6,52539.6,52445.55,52449.4,18-07-2024 10:45
52444.65,52468.95,52407.3,52417.05,18-07-2024 10:50
52417.15,52447.45,52361.3,52361.3,18-07-2024 10:55
52359.8,52403.35,52336.25,52384.95,18-07-2024 11:00
52382.8,52437.15,52381.35,52399.75,18-07-2024 11:05
52400,52409.25,52267.65,52272.95,18-07-2024 11:10
52270.1,52298.75,52250.55,52282.55,18-07-2024 11:20
52283.45,52316.05,52261.15,52291.7,18-07-2024 11:25
52289.3,52314.8,52185.7,52240.6,18-07-2024 11:30
52239.6,52257.4,52193.55,52234.1,18-07-2024 11:35
52232.95,52245.55,52208.65,52239.75,18-07-2024 11:40
52238.05,52260.65,52204.35,52219.85,18-07-2024 11:45
52218.8,52267.5,52218.8,52255.85,18-07-2024 11:50
52256.55,52281.35,52240.95,52281.35,18-07-2024 11:55
52279.9,52316.2,52263.3,52280.45,18-07-2024 12:00
52282.1,52334.35,52278.85,52329.7,18-07-2024 12:05
52330.25,52436.35,52306.25,52427.85,18-07-2024 12:10
52424.05,52489.15,52397.45,52398.8,18-07-2024 12:15
52395.35,52425.85,52374.25,52403,18-07-2024 12:20
52398.1,52436.55,52362.15,52362.25,18-07-2024 12:25
52364.3,52426.95,52359.9,52424.3,18-07-2024 12:30
52427.05,52430.6,52365.35,52381.5,18-07-2024 12:35
52380.45,52442.5,52372.95,52433.1,18-07-2024 12:40
52436.05,52440.45,52402.55,52435.9,18-07-2024 12:45
52436.8,52436.8,52403.8,52413.1,18-07-2024 12:50
52411.8,52421.8,52381.7,52387.1,18-07-2024 12:55
52386.25,52401.3,52375.7,52390.45,18-07-2024 13:00
52388.55,52438.05,52352.7,52428.9,18-07-2024 13:05
52428.05,52583.4,52414.85,52557.8,18-07-2024 13:10
52562.25,52590.1,52505.95,52514.95,18-07-2024 13:15
52514.75,52587.75,52514.75,52549.7,18-07-2024 13:20
52550.5,52599.1,52548.8,52590.9,18-07-2024 13:25
52591.25,52623.3,52551.2,52559.6,18-07-2024 13:30
52563.8,52594.15,52525.8,52525.8,18-07-2024 13:35
52527.7,52557.6,52526.75,52546.85,18-07-2024 13:40
52548.6,52589.3,52540.25,52563,18-07-2024 13:45
52560.4,52627.8,52534.55,52619.3,18-07-2024 13:50
52616.45,52637.35,52597.55,52602.55,18-07-2024 13:55
52598.55,52719.55,52598.55,52719.55,18-07-2024 14:00
52715.6,52720.45,52659.55,52659.9,18-07-2024 14:05
52662.55,52754.05,52658.15,52734.6,18-07-2024 14:10
52730.95,52766.35,52710.65,52744.05,18-07-2024 14:15
52739.8,52747,52687.5,52712.5,18-07-2024 14:20
52712.1,52782.75,52702.6,52731.6,18-07-2024 14:25
52731.9,52739.95,52650.2,52692.25,18-07-2024 14:30
52689.5,52700.45,52661.35,52677.65,18-07-2024 14:35
52677.45,52755.6,52676.45,52738.8,18-07-2024 14:40
52736.75,52766.15,52716.45,52731.7,18-07-2024 14:45
52729.65,52757.35,52677.55,52682.4,18-07-2024 14:50
52679.65,52694.3,52635.8,52659.95,18-07-2024 14:55
52661.9,52668.4,52614.3,52637.95,18-07-2024 15:00
52641,52684.5,52607.05,52619.1,18-07-2024 15:05
52616.8,52691.65,52609.7,52630.1,18-07-2024 15:10
52631.1,52653.05,52594.85,52610.3,18-07-2024 15:15
52608.25,52623,52590.55,52610.05,18-07-2024 15:20
52613.55,52625.3,52558.25,52559.25,18-07-2024 15:25
52531.55,52586.75,52388.65,52417.4,19-07-2024 09:15
52416.75,52418.35,52339.95,52386.9,19-07-2024 09:20
52388.5,52539.75,52380.4,52523.8,19-07-2024 09:25
52525.55,52539.65,52482.2,52518.7,19-07-2024 09:30
52517.3,52547.4,52495.9,52533.3,19-07-2024 09:35
52533.3,52562.9,52526.65,52551.85,19-07-2024 09:40
52551.85,52554,52430.5,52460.9,19-07-2024 09:45
52462.5,52462.5,52404.6,52439,19-07-2024 09:50
52438.4,52474.3,52382.85,52389.8,19-07-2024 09:55
52390.1,52426.35,52356.1,52396.85,19-07-2024 10:00
52392.25,52422.45,52357.7,52382.25,19-07-2024 10:05
52381.2,52381.2,52317.5,52362.4,19-07-2024 10:10
52360.65,52405.5,52344.4,52391.65,19-07-2024 10:15
52392.6,52443,52390.5,52419.5,19-07-2024 10:20
52423.15,52475.45,52402.5,52425.55,19-07-2024 10:25
52423.75,52434.7,52396.45,52423.1,19-07-2024 10:30
52422.9,52440.6,52378.2,52388,19-07-2024 10:35
52389.75,52414.1,52354.25,52385.6,19-07-2024 10:40
52384.35,52399.25,52332.05,52359.2,19-07-2024 10:45
52355.8,52372.3,52339,52348.15,19-07-2024 10:50
52348.3,52349.1,52210.3,52229.8,19-07-2024 10:55
52229.4,52295.45,52146.3,52284.55,19-07-2024 11:00
52278.1,52316.8,52254.75,52303.95,19-07-2024 11:05
52300.35,52307.1,52250,52298.1,19-07-2024 11:10
52297.2,52314.1,52257.95,52314.1,19-07-2024 11:15
52312,52344.05,52280.95,52341.95,19-07-2024 11:20
52337.4,52356.85,52308,52330.7,19-07-2024 11:25
52330.6,52397.75,52320.65,52351.2,19-07-2024 11:30
52348.05,52353.1,52320.05,52326.95,19-07-2024 11:35
52327.35,52327.35,52282.1,52306.75,19-07-2024 11:40
52307.65,52326.95,52277.7,52296.4,19-07-2024 11:45
52297.3,52328.6,52292.2,52309.5,19-07-2024 11:50
52309.45,52352.8,52309.45,52325.1,19-07-2024 11:55
52325.3,52352.4,52312.3,52351.6,19-07-2024 12:00
52350.4,52381,52349.2,52366.75,19-07-2024 12:05
52363.2,52376.35,52340.65,52344.1,19-07-2024 12:10
52342.9,52376.1,52322.1,52328.75,19-07-2024 12:15
52325.95,52325.95,52278.05,52285.85,19-07-2024 12:20
52281.1,52313.25,52265.9,52309,19-07-2024 12:25
52311.4,52318.8,52213.6,52215,19-07-2024 12:30
52215.65,52258.15,52200.2,52241.85,19-07-2024 12:35
52243.8,52273.65,52230.7,52261.7,19-07-2024 12:40
52261.5,52276.45,52248.9,52260.15,19-07-2024 12:45
52260.15,52277.9,52248.65,52274.65,19-07-2024 12:50
52275.65,52278.15,52206.05,52211.95,19-07-2024 12:55
52213.55,52247.55,52182.3,52241.2,19-07-2024 13:00
52242.2,52271.4,52237.35,52245.15,19-07-2024 13:05
52238.5,52261.95,52219.25,52255.4,19-07-2024 13:10
52250,52257.65,52217.85,52220.1,19-07-2024 13:15
52225.55,52296.7,52217.25,52296.25,19-07-2024 13:20
52296.8,52338.15,52289.1,52308.3,19-07-2024 13:25
52306.05,52356.3,52287.95,52301.25,19-07-2024 13:30
52297.1,52344.75,52295.4,52332.95,19-07-2024 13:35
52322.5,52361.7,52290.95,52303.65,19-07-2024 13:40
52306.65,52347.3,52298.8,52344.45,19-07-2024 13:45
52342.3,52384.4,52310.3,52329.6,19-07-2024 13:50
52331.95,52347,52317.1,52333.4,19-07-2024 13:55
52328.95,52368,52301.35,52306.7,19-07-2024 14:00
52312.3,52328.1,52292.45,52318.7,19-07-2024 14:05
52320.25,52321.2,52246.75,52263.9,19-07-2024 14:10
52264.8,52289.25,52234.75,52285.8,19-07-2024 14:15
52286.4,52316.05,52261.1,52266.85,19-07-2024 14:20
52266.85,52310.25,52243.75,52305.95,19-07-2024 14:25
52309.25,52324.7,52263.4,52269.2,19-07-2024 14:30
52267.9,52296.25,52248.6,52266.45,19-07-2024 14:35
52264.45,52302.25,52264.45,52290.65,19-07-2024 14:40
52290.35,52341.15,52275.15,52322.25,19-07-2024 14:45
52325.45,52332.85,52282.95,52293.7,19-07-2024 14:50
52295.35,52332.1,52251.5,52312.6,19-07-2024 14:55
52310.4,52339.55,52282.25,52292.9,19-07-2024 15:00
52297.65,52314.65,52257.75,52280.25,19-07-2024 15:05
52279.05,52308.2,52251.8,52277.05,19-07-2024 15:10
52281.6,52287.45,52206,52240,19-07-2024 15:15
52244.85,52256.3,52207.25,52255.05,19-07-2024 15:20
52250.95,52263.45,52195.35,52222.95,19-07-2024 15:25
52145.6,52229.3,51874.55,51962.1,22-07-2024 09:15
51948,52000.5,51928.95,51990.9,22-07-2024 09:20
51988.75,52055.9,51940.5,52047.55,22-07-2024 09:25
52051.5,52185.7,52028.85,52157.5,22-07-2024 09:30
52157.9,52262.15,52153.6,52262.15,22-07-2024 09:35
52257.5,52334.05,52233.7,52274.95,22-07-2024 09:40
52269.65,52314,52248.65,52286.75,22-07-2024 09:45
52292.4,52319.35,52272.9,52287.85,22-07-2024 09:50
52288.75,52345.8,52268.35,52345.8,22-07-2024 09:55
52342,52344.15,52275.7,52325.5,22-07-2024 10:00
52326.6,52364.45,52312.25,52331.9,22-07-2024 10:05
52333.45,52369.05,52311.7,52365.45,22-07-2024 10:10
52364.6,52384.15,52341.3,52349.1,22-07-2024 10:15
52350.05,52402.85,52316.7,52402.85,22-07-2024 10:20
52402.9,52426,52376.8,52394.1,22-07-2024 10:25
52394.2,52424.8,52376,52411.9,22-07-2024 10:30
52412.05,52413.5,52348.75,52396.2,22-07-2024 10:35
52400,52427,52378.95,52392.75,22-07-2024 10:40
52391.85,52399.6,52363.2,52396.5,22-07-2024 10:45
52395.75,52417.8,52343.15,52359.35,22-07-2024 10:50
52360.55,52375.85,52334.95,52338.45,22-07-2024 10:55
52338.75,52345.55,52267.55,52296.05,22-07-2024 11:00
52296.95,52356.9,52274.65,52346.4,22-07-2024 11:05
52345.05,52351.9,52306.2,52313.9,22-07-2024 11:10
52314.2,52331.05,52274.25,52293.05,22-07-2024 11:15
52293.05,52303.35,52272.15,52297.65,22-07-2024 11:20
52296.35,52329.7,52285.85,52305.1,22-07-2024 11:25
52305.75,52325.8,52288.8,52312.95,22-07-2024 11:30
52313.2,52329.45,52280.8,52295.9,22-07-2024 11:35
52294.4,52304.85,52254.1,52291.8,22-07-2024 11:40
52291.15,52307.35,52267.95,52277.95,22-07-2024 11:45
52279.9,52298.65,52261.5,52262.85,22-07-2024 11:50
52263.35,52303.6,52254.6,52266.85,22-07-2024 11:55
52269.85,52275.4,52238.5,52243.35,22-07-2024 12:00
52242.5,52265.85,52230,52256.4,22-07-2024 12:05
52257.25,52275.25,52238.9,52263.55,22-07-2024 12:10
52264.45,52272.15,52238.65,52256.25,22-07-2024 12:15
52255.55,52267.2,52240.75,52251,22-07-2024 12:20
52253.2,52259.25,52189.95,52208,22-07-2024 12:25
52207,52217.9,52165.8,52190.65,22-07-2024 12:30
52190.2,52202.3,52167.5,52184.9,22-07-2024 12:35
52188.15,52261.7,52175.9,52237,22-07-2024 12:40
52234.3,52268.65,52231.55,52257.9,22-07-2024 12:45
52258.55,52267.4,52217.6,52226.6,22-07-2024 12:50
52226,52253.55,52204.8,52227.25,22-07-2024 12:55
52228.25,52237.45,52194.4,52206.25,22-07-2024 13:00
52207.3,52231.35,52199,52225.5,22-07-2024 13:05
52225.65,52266.15,52224.1,52241.9,22-07-2024 13:10
52242.4,52265.9,52237.5,52247.3,22-07-2024 13:15
52246.15,52272.6,52242.05,52269.75,22-07-2024 13:20
52269.75,52314.05,52262.85,52291.75,22-07-2024 13:25
52291.3,52324.85,52287,52305.75,22-07-2024 13:30
52303.75,52312,52269.6,52277.45,22-07-2024 13:35
52274.65,52294.9,52263.05,52290.05,22-07-2024 13:40
52291.6,52309.9,52282.1,52294.6,22-07-2024 13:45
52295.25,52313.9,52289.75,52307.05,22-07-2024 13:50
52307.4,52320.7,52263.85,52267.3,22-07-2024 13:55
52267.9,52287.6,52235.6,52270.8,22-07-2024 14:00
52272.25,52276.5,52236.2,52241.05,22-07-2024 14:05
52242.75,52261.35,52231.45,52243.75,22-07-2024 14:10
52244.85,52261.25,52220.95,52235.05,22-07-2024 14:15
52234.2,52280.3,52217.65,52265,22-07-2024 14:20
52268.4,52277.9,52246.7,52268.85,22-07-2024 14:25
52272.55,52303.15,52248,52285.9,22-07-2024 14:30
52288.2,52294.6,52257.45,52289.3,22-07-2024 14:35
52292.05,52321.15,52281.95,52292.8,22-07-2024 14:40
52290.2,52295.3,52228.8,52240.5,22-07-2024 14:45
52236.65,52258.8,52227.75,52253.2,22-07-2024 14:50
52253.25,52279.8,52226.35,52270.6,22-07-2024 14:55
52265,52303.2,52239.55,52250.75,22-07-2024 15:00
52249.85,52301,52231.2,52295.7,22-07-2024 15:05
52299.75,52332.55,52277.3,52309.8,22-07-2024 15:10
52312.75,52318.7,52267.05,52288.9,22-07-2024 15:15
52289.6,52301.4,52262.75,52295.35,22-07-2024 15:20
52294.7,52332.55,52279.4,52328.6,22-07-2024 15:25
52511,52547.55,52324.2,52371.45,23-07-2024 09:15
52362.25,52427.6,52320.7,52354.4,23-07-2024 09:20
52362.95,52375,52275.65,52347.3,23-07-2024 09:25
52346.5,52362.4,52315.05,52327.95,23-07-2024 09:30
52327.6,52360.95,52308.6,52319.65,23-07-2024 09:35
52319.95,52321.4,52088.55,52218.5,23-07-2024 09:40
52220.4,52286.45,52190.6,52204.65,23-07-2024 09:45
52203.15,52279.2,52195.25,52251.45,23-07-2024 09:50
52252.4,52269.75,52159,52232.75,23-07-2024 09:55
52234.3,52242.15,52156.3,52212.7,23-07-2024 10:00
52210.65,52242.65,52195.65,52215.75,23-07-2024 10:05
52214.55,52237.3,52182.5,52219.95,23-07-2024 10:10
52215.1,52227.35,52124.45,52193.4,23-07-2024 10:15
52194.15,52257.65,52189.4,52201.65,23-07-2024 10:20
52201.8,52228.8,52152.55,52172.75,23-07-2024 10:25
52176.55,52335.2,52164.7,52218.7,23-07-2024 10:30
52217.85,52250.65,52154.3,52178.9,23-07-2024 10:35
52167.2,52222.3,52167.2,52209.15,23-07-2024 10:40
52208.75,52251.2,52190.35,52219.9,23-07-2024 10:45
52219.15,52277.75,52202.35,52258.5,23-07-2024 10:50
52255.25,52308.45,52244.4,52272.1,23-07-2024 10:55
52274.35,52395.95,52273.8,52333.25,23-07-2024 11:00
52335.3,52427.45,52326.2,52387.1,23-07-2024 11:05
52388.4,52405.9,52297.95,52351.1,23-07-2024 11:10
52350.5,52370.5,51801.1,52142.6,23-07-2024 11:15
52144.65,52323.5,52083.95,52204.8,23-07-2024 11:20
52208,52250.95,52135.1,52206.6,23-07-2024 11:25
52206.35,52244.4,52078.4,52153.6,23-07-2024 11:30
52149.8,52196.85,52061.25,52170.05,23-07-2024 11:35
52169.15,52194.65,52073,52130.55,23-07-2024 11:40
52129.55,52158.35,52084.65,52146.2,23-07-2024 11:45
52144.75,52157.15,52018.6,52085.35,23-07-2024 11:50
52083.55,52217.9,52021.5,52122.45,23-07-2024 11:55
52111.45,52143.85,52078.65,52100.95,23-07-2024 12:00
52103.2,52249.1,52101.7,52165.2,23-07-2024 12:05
52163.4,52196.75,52145.9,52163.4,23-07-2024 12:10
52167.8,52197.25,51857,51889.3,23-07-2024 12:15
51877.3,52000.9,51711.8,51749.75,23-07-2024 12:20
51754.35,51940.4,51599.75,51632.15,23-07-2024 12:25
51630.85,51958.3,51554.85,51954.85,23-07-2024 12:30
51943.3,52034,51797.45,51835.5,23-07-2024 12:35
51837.8,52061.85,51788.6,51909.75,23-07-2024 12:40
51910.6,51910.6,51778.65,51797.25,23-07-2024 12:45
51797.3,51913.1,51789.5,51859.5,23-07-2024 12:50
51862.2,51882.55,51641.7,51664.3,23-07-2024 12:55
51675,51707.4,51610.75,51659.15,23-07-2024 13:00
51652.65,51681.3,51481.9,51498.35,23-07-2024 13:05
51498.15,51544.9,51342.65,51359.75,23-07-2024 13:10
51363.45,51463.25,51363.45,51455.8,23-07-2024 13:15
51461,51528.1,51421.1,51470.65,23-07-2024 13:20
51464.4,51703.1,51455.25,51637.1,23-07-2024 13:25
51638.25,51672.05,51528.5,51570.6,23-07-2024 13:30
51571.25,51696.85,51557.45,51659.5,23-07-2024 13:35
51659.7,51693.05,51621.5,51631.55,23-07-2024 13:40
51639.75,51660.35,51559.25,51649.75,23-07-2024 13:45
51645.35,51755.75,51600.65,51699.45,23-07-2024 13:50
51700.95,51778.4,51692.9,51749.85,23-07-2024 13:55
51749.7,51791.5,51715.1,51782.25,23-07-2024 14:00
51782.6,51901.05,51751.9,51879.95,23-07-2024 14:05
51883.05,51917.8,51835.6,51849.15,23-07-2024 14:10
51850.35,51868.6,51726.4,51743.65,23-07-2024 14:15
51738.9,51763.55,51688.6,51760.5,23-07-2024 14:20
51761.6,51765.05,51670.5,51712.7,23-07-2024 14:25
51710.05,51943.4,51692.3,51939.55,23-07-2024 14:30
51951.05,52057.65,51897.75,52048.15,23-07-2024 14:35
52048.9,52086.35,51924.9,52048.25,23-07-2024 14:40
52046.65,52054.7,51977.2,51986.45,23-07-2024 14:45
51987.5,52020.6,51934.95,52000.25,23-07-2024 14:50
51993.6,51995.85,51796.85,51804.9,23-07-2024 14:55
51809.1,51887.55,51767.85,51872.95,23-07-2024 15:00
51876.65,51881.65,51756,51857.95,23-07-2024 15:05
51860.3,51860.3,51749.55,51752.3,23-07-2024 15:10
51747.8,51778.5,51685.75,51687.75,23-07-2024 15:15
51685.35,51707.25,51661,51705.2,23-07-2024 15:20
51704.35,51764,51694.8,51757.15,23-07-2024 15:25
51657.65,51741.7,51526.55,51712.85,24-07-2024 09:15
51715.15,51831.1,51657.45,51694,24-07-2024 09:20
51696.05,51787.35,51677.5,51702.85,24-07-2024 09:25
51698.85,51889.95,51658.4,51882.75,24-07-2024 09:30
51879.5,51937.65,51503.8,51503.8,24-07-2024 09:35
51507.8,51643.6,51469.8,51619.75,24-07-2024 09:40
51612.15,51642.9,51551.7,51570.4,24-07-2024 09:45
51556.5,51887.5,51556.5,51830.35,24-07-2024 09:50
51827.45,51944.65,51741.1,51848.6,24-07-2024 09:55
51842.6,51862.6,51638.55,51690.9,24-07-2024 10:00
51691.85,51756.6,51644.55,51686.3,24-07-2024 10:05
51685.2,51744.5,51671.6,51703.35,24-07-2024 10:10
51701.05,51831.4,51684.9,51720.4,24-07-2024 10:15
51720.7,51731.55,51669.4,51721.65,24-07-2024 10:20
51719.3,51720.25,51361.35,51392.75,24-07-2024 10:25
51388.75,51585.45,51388.75,51523.9,24-07-2024 10:30
51526.55,51530.3,51406.15,51497.95,24-07-2024 10:35
51491.15,51498.75,51405.05,51458.15,24-07-2024 10:40
51461.3,51494.75,51389.1,51446.95,24-07-2024 10:45
51445.05,51530.4,51406.05,51530.4,24-07-2024 10:50
51527.65,51527.65,51277.6,51376.2,24-07-2024 10:55
51374.2,51398.35,51320.7,51366.25,24-07-2024 11:00
51359.85,51360.5,51209.4,51264.7,24-07-2024 11:05
51268.5,51296.55,51153.6,51190.6,24-07-2024 11:10
51190.15,51236.95,51136.2,51214.25,24-07-2024 11:15
51200.95,51218.6,51113.05,51156.85,24-07-2024 11:20
51153.75,51173,51033.4,51060.9,24-07-2024 11:25
51057.4,51131.2,51018.6,51052.75,24-07-2024 11:30
51057.5,51125.2,51032.5,51095.15,24-07-2024 11:35
51089.3,51131.9,51009.1,51048.65,24-07-2024 11:40
51045.1,51143.7,51040.75,51111.7,24-07-2024 11:45
51107.25,51171,51068.55,51133.15,24-07-2024 11:50
51130,51141.55,51057.05,51098.9,24-07-2024 11:55
51100.65,51147.5,51082.15,51134.85,24-07-2024 12:00
51130.35,51144.9,51050.4,51111.25,24-07-2024 12:05
51108.25,51118.9,51035.8,51071.15,24-07-2024 12:10
51071.85,51082.05,50887.1,50902.6,24-07-2024 12:15
50904.75,50914.5,50784.25,50881.7,24-07-2024 12:20
50880.3,50910.8,50834.6,50871.1,24-07-2024 12:25
50871.35,50919.4,50847.05,50877.45,24-07-2024 12:30
50880.2,50933.4,50826.05,50876.1,24-07-2024 12:35
50876.35,50918.5,50855.2,50876.85,24-07-2024 12:40
50871.4,50967,50865.65,50939.55,24-07-2024 12:45
50941.95,50955.95,50880.7,50889.8,24-07-2024 12:50
50890.6,50961.25,50885.2,50921.8,24-07-2024 12:55
50924.75,50962,50890.95,50929,24-07-2024 13:00
50925.8,51004.25,50924.7,50974.3,24-07-2024 13:05
50980.55,51120.55,50954.8,51102.65,24-07-2024 13:10
51103,51115.7,51029.7,51046.4,24-07-2024 13:15
51048.15,51200.1,51012.55,51163.6,24-07-2024 13:20
51163.5,51184.3,51117.7,51124.35,24-07-2024 13:25
51125,51201.2,51104.4,51152.3,24-07-2024 13:30
51147.6,51316.35,51129,51297.25,24-07-2024 13:35
51301.4,51515.55,51280.45,51490.25,24-07-2024 13:40
51487.25,51491.45,51325.85,51328.8,24-07-2024 13:45
51328.6,51389.85,51321.35,51352.75,24-07-2024 13:50
51359.6,51360.6,51189.05,51193.4,24-07-2024 13:55
51193.05,51209.15,51044.3,51113,24-07-2024 14:00
51115.9,51124.05,51054.85,51074.9,24-07-2024 14:05
51075.55,51081.5,51006.95,51034.95,24-07-2024 14:10
51039.35,51100.7,51023.2,51042.15,24-07-2024 14:15
51041,51106.35,50994.1,51094.3,24-07-2024 14:20
51097.3,51192.35,51077.65,51173.4,24-07-2024 14:25
51173.85,51334.8,51170.8,51265.4,24-07-2024 14:30
51267.75,51280.55,51124.55,51161.05,24-07-2024 14:35
51162.7,51262.2,51145.6,51183.55,24-07-2024 14:40
51180.45,51250.55,51175.85,51213.55,24-07-2024 14:45
51207.8,51317.3,51202.3,51285.85,24-07-2024 14:50
51285.5,51324.8,51219.9,51291.15,24-07-2024 14:55
51293.3,51293.3,51208.4,51246.1,24-07-2024 15:00
51248.8,51299.65,51242.2,51299.65,24-07-2024 15:05
51293.3,51328.2,51237.85,51314.45,24-07-2024 15:10
51314.7,51353.8,51260.15,51343.35,24-07-2024 15:15
51346.95,51462.15,51346.45,51450.8,24-07-2024 15:20
51450.95,51459.1,51406.55,51429.75,24-07-2024 15:25
50762.3,51006.1,50705.65,50745.15,25-07-2024 09:15
50742.75,50829.1,50702.25,50770.3,25-07-2024 09:20
50772.9,50807.25,50734.1,50790,25-07-2024 09:25
50795.4,50860.15,50784.4,50818.95,25-07-2024 09:30
50819.95,50856.9,50750.4,50848.05,25-07-2024 09:35
50847.3,50882.65,50796.05,50800.15,25-07-2024 09:40
50795.55,50799.25,50618.7,50671.55,25-07-2024 09:45
50672.3,50711.95,50645.7,50691.3,25-07-2024 09:50
50694.5,50710.3,50618.1,50628.8,25-07-2024 09:55
50631.3,50685.4,50572,50685.4,25-07-2024 10:00
50677.75,50683.15,50629.75,50650.6,25-07-2024 10:05
50648.6,50670.6,50623.7,50636.05,25-07-2024 10:10
50638.05,50707.75,50605.4,50622.3,25-07-2024 10:15
50620.8,50644.9,50565.85,50571.65,25-07-2024 10:20
50572.95,50621.9,50559.9,50585.2,25-07-2024 10:25
50588.2,50668.85,50573.85,50620.65,25-07-2024 10:30
50623.05,50700,50623.05,50652.8,25-07-2024 10:35
50652.7,50699.25,50629.9,50692.75,25-07-2024 10:40
50687.35,50731.7,50658.45,50682.4,25-07-2024 10:45
50678.95,50708.55,50651.25,50670.85,25-07-2024 10:50
50671.5,50730.45,50660.35,50717.7,25-07-2024 10:55
50722.65,50766.8,50711.65,50750.1,25-07-2024 11:00
50747.85,50760.8,50715.35,50743.25,25-07-2024 11:05
50745.55,50768.25,50721.7,50737.25,25-07-2024 11:10
50736.35,50746.35,50696.55,50712,25-07-2024 11:15
50701.6,50764.15,50700.7,50764.15,25-07-2024 11:20
50762.35,50812.65,50756.1,50781.8,25-07-2024 11:25
50780.05,50816.7,50771,50800.8,25-07-2024 11:30
50799.55,50846.6,50793.9,50814.85,25-07-2024 11:35
50815.2,50879.15,50812.4,50839.75,25-07-2024 11:40
50838.8,50862.85,50831.15,50850.5,25-07-2024 11:45
50848.95,50851.9,50811,50840.35,25-07-2024 11:50
50838.25,50865.35,50826.3,50844.85,25-07-2024 11:55
50839.85,50855.8,50816.7,50853.85,25-07-2024 12:00
50854.75,50869.05,50783.95,50803.25,25-07-2024 12:05
50797.8,50841.35,50791.8,50839.65,25-07-2024 12:10
50837.25,50845.55,50815,50822.95,25-07-2024 12:15
50821.9,50844.8,50810.8,50832.45,25-07-2024 12:20
50830.65,50849.85,50818.05,50823.65,25-07-2024 12:25
50818.95,50857.15,50817,50840.45,25-07-2024 12:30
50839.5,50853.05,50813.5,50813.5,25-07-2024 12:35
50812.3,50814.3,50778.9,50793.1,25-07-2024 12:40
50793.65,50855.1,50791.65,50840.4,25-07-2024 12:45
50840.7,50861.05,50831.05,50845.5,25-07-2024 12:50
50845.5,50860.65,50826.1,50859.25,25-07-2024 12:55
50859.95,50879.55,50844.2,50848.65,25-07-2024 13:00
50847.6,50864.9,50823.65,50864.9,25-07-2024 13:05
50862.8,50866.85,50825.1,50833.25,25-07-2024 13:10
50831.35,50848.65,50827.85,50830.5,25-07-2024 13:15
50829.9,50839.85,50811.7,50831.85,25-07-2024 13:20
50829.05,50864.6,50829.05,50844.9,25-07-2024 13:25
50843.3,50851.85,50776.1,50809.5,25-07-2024 13:30
50807.75,50827.7,50784.4,50795.55,25-07-2024 13:35
50794.65,50833.85,50781.45,50790.15,25-07-2024 13:40
50792.15,50828.35,50785.05,50805.25,25-07-2024 13:45
50803.95,50837.75,50797.9,50821.9,25-07-2024 13:50
50824.1,50861.25,50821,50856.6,25-07-2024 13:55
50860,50921.7,50848.35,50917.3,25-07-2024 14:00
50915.1,50917.85,50867.25,50901.55,25-07-2024 14:05
50902.05,50904,50857.3,50890.4,25-07-2024 14:10
50894.4,50904.55,50872.25,50904,25-07-2024 14:15
50903.35,50919.9,50896.05,50916.05,25-07-2024 14:20
50916.75,50936.25,50893.05,50900.7,25-07-2024 14:25
50901.4,50924,50873.9,50878.4,25-07-2024 14:30
50879.65,50902.1,50859.35,50884.9,25-07-2024 14:35
50887.45,50913.5,50847.45,50855.9,25-07-2024 14:40
50855.8,50893.9,50855.8,50886.4,25-07-2024 14:45
50886.05,50894.7,50858.3,50862.6,25-07-2024 14:50
50861.3,50892.7,50841.45,50852.4,25-07-2024 14:55
50857.3,50908.65,50857.3,50900.85,25-07-2024 15:00
50899.45,50926.45,50873.2,50914.65,25-07-2024 15:05
50915,50928.35,50888.1,50897.9,25-07-2024 15:10
50898.55,50898.55,50853.8,50858.95,25-07-2024 15:15
50857.55,50895.75,50853.85,50890,25-07-2024 15:20
50893.1,50897.8,50861.6,50886.55,25-07-2024 15:25
50456.1,50796.15,50438.3,50796.15,26-07-2024 09:15
50793.65,50876.4,50748.4,50751.15,26-07-2024 09:20
50752.7,50804.85,50708.95,50724.9,26-07-2024 09:25
50723.3,50763.55,50680.3,50698.6,26-07-2024 09:30
50696.8,50842.65,50696.35,50810.2,26-07-2024 09:35
50810.9,50824.85,50711.7,50770.95,26-07-2024 09:40
50772.15,50786.35,50717.35,50722.2,26-07-2024 09:45
50723.6,50731.75,50616.95,50724.65,26-07-2024 09:50
50725.9,50772.8,50706.5,50759.5,26-07-2024 09:55
50755.95,50818.15,50736.1,50744.75,26-07-2024 10:00
50743.5,50770.4,50707,50707.85,26-07-2024 10:05
50710.75,50744.45,50693.8,50722.15,26-07-2024 10:10
50722.4,50781.85,50721.2,50777.8,26-07-2024 10:15
50780.9,50785.65,50739.7,50770.85,26-07-2024 10:20
50769.8,50776.55,50726.7,50750,26-07-2024 10:25
50747.85,50785.8,50743.4,50770.85,26-07-2024 10:30
50771.15,50776.6,50749.85,50770.8,26-07-2024 10:35
50770.05,50772.9,50737.45,50740.35,26-07-2024 10:40
50745.9,50745.9,50706.4,50729.85,26-07-2024 10:45
50731.2,50756.5,50711.25,50743.95,26-07-2024 10:50
50742.3,50749.4,50717.45,50737.55,26-07-2024 10:55
50739.4,50833.15,50728.4,50825.15,26-07-2024 11:00
50826.2,50904.4,50797.85,50885,26-07-2024 11:05
50890.5,50950.45,50883.35,50895.3,26-07-2024 11:10
50891.45,50922.75,50886,50905.95,26-07-2024 11:15
50905.85,50912.65,50885.45,50904.15,26-07-2024 11:20
50907.6,50923,50890.85,50896.55,26-07-2024 11:25
50899.5,50908.45,50854.05,50857.15,26-07-2024 11:30
50857.8,50898.9,50851.5,50873.35,26-07-2024 11:35
50875.45,50924.4,50871,50916.55,26-07-2024 11:40
50916.3,50937.7,50911.3,50915,26-07-2024 11:45
50911.95,50923.8,50900.85,50904.7,26-07-2024 11:50
50907.8,50978.05,50900.2,50960.15,26-07-2024 11:55
50960.45,50987.25,50934.15,50942.25,26-07-2024 12:00
50940.95,50951.2,50918.05,50928.5,26-07-2024 12:05
50929.45,50943.05,50873.55,50878.85,26-07-2024 12:10
50878.15,50907.5,50863,50897.55,26-07-2024 12:15
50895.1,50917.35,50884.3,50887.45,26-07-2024 12:20
50889.35,50923.1,50887,50912.85,26-07-2024 12:25
50916.05,50998.55,50910.7,50985.5,26-07-2024 12:30
50982.55,51004.2,50960,50986.6,26-07-2024 12:35
50986.05,51064.45,50974.2,51064.45,26-07-2024 12:40
51061.3,51081.65,51037.1,51042.9,26-07-2024 12:45
51042.75,51066.05,51023.15,51066.05,26-07-2024 12:50
51066.5,51078.6,51044.4,51062.75,26-07-2024 12:55
51062.15,51099.5,51062.15,51069.35,26-07-2024 13:00
51069.55,51122.4,51048.85,51122.4,26-07-2024 13:05
51119.95,51201.55,51103,51201.55,26-07-2024 13:10
51205.15,51221.35,51160.3,51171.4,26-07-2024 13:15
51181.25,51221.6,51173.55,51204.15,26-07-2024 13:20
51206,51225.7,51178.75,51186.9,26-07-2024 13:25
51188.2,51205.55,51160.55,51180.25,26-07-2024 13:30
51179.9,51275.9,51179.9,51259.8,26-07-2024 13:35
51260.5,51277.2,51220.1,51232.25,26-07-2024 13:40
51228.8,51322.2,51225.1,51303.15,26-07-2024 13:45
51304.4,51319.45,51274.55,51303.7,26-07-2024 13:50
51304.4,51304.4,51178.95,51238.85,26-07-2024 13:55
51229.1,51242.15,51188.5,51209.1,26-07-2024 14:00
51208.9,51259.8,51205.75,51221.05,26-07-2024 14:05
51220.2,51244.65,51179,51222.75,26-07-2024 14:10
51223.8,51248.9,51189.9,51210.6,26-07-2024 14:15
51206.1,51224.3,51136.95,51140.95,26-07-2024 14:20
51145.05,51221.75,51141.8,51195.2,26-07-2024 14:25
51197.8,51234.7,51185.9,51218.75,26-07-2024 14:30
51223.7,51249.15,51200.75,51239.55,26-07-2024 14:35
51239.85,51256.6,51201.6,51249.45,26-07-2024 14:40
51248.1,51280.05,51233.3,51262.75,26-07-2024 14:45
51262.05,51282.65,51250.25,51273.15,26-07-2024 14:50
51270.7,51339.1,51254.15,51328.9,26-07-2024 14:55
51325.3,51345.45,51283.85,51299.65,26-07-2024 15:00
51297.2,51302.7,51230.15,51254.65,26-07-2024 15:05
51255.1,51335.1,51246.4,51321.25,26-07-2024 15:10
51319.5,51328.45,51277.9,51297.05,26-07-2024 15:15
51302.05,51321.45,51264.9,51316.75,26-07-2024 15:20
51318.9,51398.6,51302.75,51352.75,26-07-2024 15:25
51546.65,51838.15,51433.9,51733.9,29-07-2024 09:15
51731.6,51849.4,51715.8,51785.2,29-07-2024 09:20
51776.4,51815.15,51699.65,51759.25,29-07-2024 09:25
51763.45,51830.95,51741.95,51816.05,29-07-2024 09:30
51816.75,51909.8,51803.15,51875.05,29-07-2024 09:35
51879.7,51939.8,51874.7,51930.3,29-07-2024 09:40
51931.3,51940.65,51890.55,51922.3,29-07-2024 09:45
51919.9,51954.4,51751.15,51834.45,29-07-2024 09:50
51840.3,51861.4,51774.1,51814.45,29-07-2024 09:55
51814.7,51879.05,51754.05,51871.55,29-07-2024 10:00
51870.9,51880.9,51789.85,51816.65,29-07-2024 10:05
51817.5,51835.9,51770,51798.95,29-07-2024 10:10
51798.5,51839.15,51778.75,51830.65,29-07-2024 10:15
51839.75,51881.4,51817.6,51870.05,29-07-2024 10:20
51866.4,51896.75,51857.4,51879.95,29-07-2024 10:25
51876.85,51898.6,51834.3,51875.75,29-07-2024 10:30
51874.05,51879.5,51839.55,51850.9,29-07-2024 10:35
51851.45,51881.65,51842.35,51867.4,29-07-2024 10:40
51865.65,51993.95,51865.3,51971.15,29-07-2024 10:45
51975.95,52009.45,51959.1,51992.7,29-07-2024 10:50
51994.85,52113.25,51987.1,52097.55,29-07-2024 10:55
52099.9,52183,52099.9,52138.2,29-07-2024 11:00
52140.85,52147.25,52110.5,52129.25,29-07-2024 11:05
52130.1,52168.5,52120.1,52130.35,29-07-2024 11:10
52130.45,52184.35,52125.7,52161.55,29-07-2024 11:15
52158.6,52195.6,52147.9,52175.25,29-07-2024 11:20
52175.05,52185.55,52102.15,52137.9,29-07-2024 11:25
52137.1,52146.2,52104.4,52135.4,29-07-2024 11:30
52134.7,52167.3,52128.75,52153.15,29-07-2024 11:35
52153.3,52244.45,52146.65,52229.6,29-07-2024 11:40
52232.9,52340.25,52228.75,52310.6,29-07-2024 11:45
52307.3,52314.8,52262.1,52291.25,29-07-2024 11:50
52290.75,52298.5,52238.55,52256.75,29-07-2024 11:55
52266,52308.4,52241.35,52292.35,29-07-2024 12:00
52293.2,52300.35,52163.6,52186.05,29-07-2024 12:05
52186.15,52188.1,51737,51833.8,29-07-2024 12:10
51829.15,51866.9,51186.95,51337.65,29-07-2024 12:15
51341,51596.15,51266.2,51392.9,29-07-2024 12:20
51398.05,51593.8,51388.45,51586.25,29-07-2024 12:25
51586.95,51626.2,51491.5,51528.9,29-07-2024 12:30
51529.55,51653.45,51496.65,51633.1,29-07-2024 12:35
51631.8,51742.1,51622.8,51687.15,29-07-2024 12:40
51688.25,51762.65,51684.65,51716.9,29-07-2024 12:45
51721.25,51752.8,51587.3,51601.25,29-07-2024 12:50
51593.95,51743.55,51592.35,51736.85,29-07-2024 12:55
51737.6,51778.45,51720.4,51738.9,29-07-2024 13:00
51737.85,51774.7,51708.9,51725.15,29-07-2024 13:05
51719.65,51728.9,51512.3,51516.85,29-07-2024 13:10
51521.9,51595,51512.3,51589.15,29-07-2024 13:15
51589.1,51676.7,51584.8,51655.3,29-07-2024 13:20
51656.8,51682.95,51624.4,51647.5,29-07-2024 13:25
51645,51687.35,51619.65,51678.8,29-07-2024 13:30
51681.2,51717.65,51648.15,51657.95,29-07-2024 13:35
51660.15,51697.25,51644.8,51677.45,29-07-2024 13:40
51673.75,51687.05,51532.15,51586.4,29-07-2024 13:45
51593.05,51647.5,51563.75,51580.65,29-07-2024 13:50
51581.05,51613.2,51468.7,51479.2,29-07-2024 13:55
51480.3,51496.2,51376.25,51401.45,29-07-2024 14:00
51402.9,51470.1,51368.95,51459.55,29-07-2024 14:05
51460.1,51476.75,51343.75,51345.35,29-07-2024 14:10
51345.9,51403.85,51264.65,51276.8,29-07-2024 14:15
51285.1,51372.3,51282.95,51330.25,29-07-2024 14:20
51328.2,51453.05,51324.65,51453.05,29-07-2024 14:25
51452.5,51548.65,51435.55,51530,29-07-2024 14:30
51530.4,51535.75,51427.45,51446.6,29-07-2024 14:35
51446.35,51500.7,51426.6,51481.8,29-07-2024 14:40
51484.55,51570.65,51458.55,51565.85,29-07-2024 14:45
51564.2,51590.35,51513.05,51547.05,29-07-2024 14:50
51545.8,51569.85,51505.7,51553.05,29-07-2024 14:55
51553.8,51617.85,51352.3,51356.7,29-07-2024 15:00
51353.55,51389,51283.35,51323.3,29-07-2024 15:05
51327.1,51370.6,51298.25,51311.85,29-07-2024 15:10
51311.35,51384.95,51293.45,51377.65,29-07-2024 15:15
51378.65,51380.9,51296.5,51337.8,29-07-2024 15:20
51337.9,51395.05,51333.5,51389.6,29-07-2024 15:25
51383.9,51501.9,51260.05,51415.05,30-07-2024 09:15
51402.5,51434.85,51352.6,51402.95,30-07-2024 09:20
51405.15,51454.6,51330.25,51370.2,30-07-2024 09:25
51372.3,51528.1,51370.4,51515.45,30-07-2024 09:30
51516.85,51518.35,51432.2,51476.2,30-07-2024 09:35
51476.8,51599.65,51460.4,51588.25,30-07-2024 09:40
51584.05,51601.55,51345.55,51396.1,30-07-2024 09:45
51395.85,51525.35,51389.2,51485.05,30-07-2024 09:50
51484.55,51501.55,51397.3,51438.3,30-07-2024 09:55
51440.4,51456.45,51369.5,51391.65,30-07-2024 10:00
51395.9,51402.25,51305.15,51365.95,30-07-2024 10:05
51366.55,51486.75,51364.1,51470.1,30-07-2024 10:10
51472.05,51514.2,51448.15,51508.1,30-07-2024 10:15
51508.4,51560.75,51495.7,51543,30-07-2024 10:20
51541.3,51615.5,51526.2,51590.85,30-07-2024 10:25
51591.6,51611.45,51516.55,51579.85,30-07-2024 10:30
51580.35,51661.8,51560.9,51645.85,30-07-2024 10:35
51652.2,51692.45,51643.95,51667.6,30-07-2024 10:40
51676.9,51676.9,51576.65,51630.7,30-07-2024 10:45
51630.25,51666.55,51596,51652.7,30-07-2024 10:50
51649.3,51703,51637.85,51698.45,30-07-2024 10:55
51700.05,51700.05,51652.05,51670.3,30-07-2024 11:00
51672.5,51688.5,51610.6,51641.65,30-07-2024 11:05
51641.35,51681.95,51629.7,51645.1,30-07-2024 11:10
51645.2,51692.15,51642.25,51681.65,30-07-2024 11:15
51679.25,51696.5,51655.65,51664.05,30-07-2024 11:20
51664.8,51710.9,51650.65,51682.4,30-07-2024 11:25
51682.35,51762.55,51677.8,51747.35,30-07-2024 11:30
51746.85,51784.6,51734.45,51747.4,30-07-2024 11:35
51746.2,51774.25,51734.05,51758.1,30-07-2024 11:40
51761.05,51762.65,51725.7,51734.6,30-07-2024 11:45
51735.5,51756.9,51691.35,51718.1,30-07-2024 11:50
51716.75,51739.45,51666.85,51704.05,30-07-2024 11:55
51704.1,51708.75,51654.15,51694.5,30-07-2024 12:00
51692,51718.75,51649.75,51685.9,30-07-2024 12:05
51685.55,51694.5,51663.4,51689.15,30-07-2024 12:10
51690.6,51736,51683.35,51700.35,30-07-2024 12:15
51702.85,51708.4,51671.75,51693.25,30-07-2024 12:20
51693.55,51719.7,51688.55,51708.2,30-07-2024 12:25
51706.95,51751.3,51695.1,51720.6,30-07-2024 12:30
51722.15,51738.15,51714.4,51732.5,30-07-2024 12:35
51727.75,51734.3,51689.95,51706.5,30-07-2024 12:40
51698.3,51721.65,51676.15,51709.2,30-07-2024 12:45
51699.55,51730.05,51682.15,51724.8,30-07-2024 12:50
51719.4,51736.1,51697.1,51712.8,30-07-2024 12:55
51714.7,51743.85,51698.95,51718.7,30-07-2024 13:00
51720,51957.3,51715.65,51910.1,30-07-2024 13:05
51900.65,51957.75,51794.85,51802.6,30-07-2024 13:10
51797.3,51838.45,51627.75,51673.85,30-07-2024 13:15
51673.4,51706.85,51628.65,51661.8,30-07-2024 13:20
51662,51688.9,51647.7,51678.25,30-07-2024 13:25
51678.95,51693.6,51642.05,51680.2,30-07-2024 13:30
51682.05,51706.35,51664.45,51683.1,30-07-2024 13:35
51685.4,51817,51682.65,51814.05,30-07-2024 13:40
51809.25,51836.9,51782.95,51801.4,30-07-2024 13:45
51801.9,51862.1,51796.55,51837.85,30-07-2024 13:50
51835.4,51866.5,51823.3,51840.45,30-07-2024 13:55
51844.8,51862.85,51812.95,51833.15,30-07-2024 14:00
51834.4,51841.2,51784.85,51819.55,30-07-2024 14:05
51815.85,51820.25,51768.1,51795.5,30-07-2024 14:10
51795.85,51863.65,51795.85,51854.4,30-07-2024 14:15
51848.45,51892.85,51842.25,51873.9,30-07-2024 14:20
51873.65,51891.6,51813.75,51840.3,30-07-2024 14:25
51842.35,51850.2,51809.35,51839.4,30-07-2024 14:30
51839.95,51895.45,51814.85,51894.45,30-07-2024 14:35
51894.6,51922.55,51847.05,51875.55,30-07-2024 14:40
51871.3,51876.95,51819.45,51838.4,30-07-2024 14:45
51838.5,51839.55,51779.4,51807.4,30-07-2024 14:50
51804.95,51825.15,51686.25,51714.5,30-07-2024 14:55
51715.8,51719.45,51522.9,51522.9,30-07-2024 15:00
51518.75,51587.45,51470.55,51476.85,30-07-2024 15:05
51475.15,51511.35,51413.2,51462.35,30-07-2024 15:10
51460.9,51510.85,51442.15,51457.7,30-07-2024 15:15
51458.3,51462.85,51413.5,51419.6,30-07-2024 15:20
51419.2,51443.9,51390.6,51426.15,30-07-2024 15:25
51583.45,51587.95,51482.05,51498.5,31-07-2024 09:15
51496.35,51538.6,51444.8,51456.7,31-07-2024 09:20
51455.4,51555.2,51452.1,51549.3,31-07-2024 09:25
51549.6,51552.65,51392.85,51445.45,31-07-2024 09:30
51446.45,51540.95,51431.9,51514.3,31-07-2024 09:35
51515.05,51525.5,51458.55,51472.45,31-07-2024 09:40
51475.85,51520.55,51441.55,51481.95,31-07-2024 09:45
51468.85,51497.3,51445.35,51468.35,31-07-2024 09:50
51468.25,51526.3,51439.05,51518.55,31-07-2024 09:55
51515.05,51565.25,51488.45,51545.65,31-07-2024 10:00
51545.1,51570.75,51520.75,51535.35,31-07-2024 10:05
51534.85,51621.75,51533.2,51606.85,31-07-2024 10:10
51603.35,51657.45,51582.5,51650.6,31-07-2024 10:15
51649.7,51661.85,51578.1,51578.1,31-07-2024 10:20
51575.65,51614.45,51530.2,51588.1,31-07-2024 10:25
51587.15,51592.5,51562,51589.45,31-07-2024 10:30
51584.7,51595.3,51568.1,51583.3,31-07-2024 10:35
51580.05,51610.25,51575.8,51592.1,31-07-2024 10:40
51591.8,51612.7,51547.35,51581.2,31-07-2024 10:45
51579.95,51602.25,51567.5,51590.85,31-07-2024 10:50
51591.25,51593.65,51537.8,51552.45,31-07-2024 10:55
51552.6,51585.5,51549.45,51576.35,31-07-2024 11:00
51575.35,51579.05,51549.45,51559.05,31-07-2024 11:05
51554.65,51589.85,51523.2,51557.15,31-07-2024 11:10
51555.45,51569.4,51541.55,51560.9,31-07-2024 11:15
51561.65,51571.85,51542.95,51555.3,31-07-2024 11:20
51561.2,51567.3,51404.9,51405.45,31-07-2024 11:25
51411.45,51459.8,51400.1,51457.1,31-07-2024 11:30
51456.3,51512.55,51448.4,51479.65,31-07-2024 11:35
51480.7,51505.05,51469.9,51493.2,31-07-2024 11:40
51488.3,51511.95,51478.8,51478.8,31-07-2024 11:45
51480.3,51499,51462.5,51488.9,31-07-2024 11:50
51486.45,51504.65,51464.8,51469.5,31-07-2024 11:55
51467.9,51511.25,51458.3,51477,31-07-2024 12:00
51475.75,51494.5,51463.05,51466.65,31-07-2024 12:05
51464.4,51487.1,51448.05,51475.9,31-07-2024 12:10
51475.6,51498.35,51472.6,51479.4,31-07-2024 12:15
51479.15,51488.85,51449.3,51483.3,31-07-2024 12:20
51485.1,51495.55,51471.55,51493.55,31-07-2024 12:25
51488.5,51497.5,51444.9,51457.5,31-07-2024 12:30
51455.35,51486.45,51451.55,51461.8,31-07-2024 12:35
51459.05,51480.8,51452.45,51475.35,31-07-2024 12:40
51469.5,51579.8,51463.55,51557.35,31-07-2024 12:45
51552.3,51569.9,51475.35,51492.4,31-07-2024 12:50
51489.5,51502.7,51481.6,51498.4,31-07-2024 12:55
51494.45,51501.55,51480.15,51484.9,31-07-2024 13:00
51480.85,51509.95,51480.85,51504.3,31-07-2024 13:05
51496.5,51515.85,51460.3,51498.05,31-07-2024 13:10
51491.05,51506.15,51484.5,51494.8,31-07-2024 13:15
51491.4,51535.35,51489.45,51518.6,31-07-2024 13:20
51517.7,51529.55,51497.85,51511,31-07-2024 13:25
51509.05,51540.7,51504.3,51533.25,31-07-2024 13:30
51532.25,51541.25,51511.95,51520.75,31-07-2024 13:35
51520.3,51534.7,51348.75,51426.65,31-07-2024 13:40
51424.25,51470.35,51423.85,51458.6,31-07-2024 13:45
51455.35,51461.85,51404.6,51451.9,31-07-2024 13:50
51450.6,51462.55,51437.45,51445.5,31-07-2024 13:55
51443.65,51448.1,51391.35,51429.95,31-07-2024 14:00
51429.35,51430.45,51361.2,51369,31-07-2024 14:05
51362.8,51403.45,51335.7,51385.7,31-07-2024 14:10
51385.65,51408.25,51365.2,51394.9,31-07-2024 14:15
51395.1,51410,51363.4,51390.9,31-07-2024 14:20
51390.55,51458,51373.85,51445.9,31-07-2024 14:25
51442.25,51504.55,51419.65,51421.45,31-07-2024 14:30
51422.35,51485,51420.9,51479.1,31-07-2024 14:35
51485.4,51487.15,51425.95,51459.1,31-07-2024 14:40
51460.45,51511,51436.45,51480.55,31-07-2024 14:45
51481.05,51520.15,51444.95,51459,31-07-2024 14:50
51455.65,51490.75,51445.8,51480.65,31-07-2024 14:55
51476.2,51538.15,51469.05,51486.25,31-07-2024 15:00
51479.9,51536.95,51470.65,51527.8,31-07-2024 15:05
51532.75,51583.45,51500.75,51547.45,31-07-2024 15:10
51549,51626.05,51542.65,51607.2,31-07-2024 15:15
51605.3,51645.75,51576.05,51640.1,31-07-2024 15:20
51634.5,51663.1,51618.45,51620.8,31-07-2024 15:25
51672.6,51844.95,51652.45,51833.2,01-08-2024 09:15
51835.7,51874.85,51810.35,51841.15,01-08-2024 09:20
51840.65,51877.15,51829.5,51860.6,01-08-2024 09:25
51855.75,51867.9,51803.35,51838.05,01-08-2024 09:30
51835.8,51840.1,51789.25,51791,01-08-2024 09:35
51788.2,51799.4,51757,51787.75,01-08-2024 09:40
51782.2,51814.75,51753,51786.85,01-08-2024 09:45
51784.35,51787.95,51710.5,51716.4,01-08-2024 09:50
51717,51752.7,51702.1,51741.75,01-08-2024 09:55
51743.5,51754.35,51676.8,51680.35,01-08-2024 10:00
51681.7,51703.9,51646.05,51654.9,01-08-2024 10:05
51653.9,51700.6,51650.5,51692.55,01-08-2024 10:10
51688.8,51766.6,51688.8,51743.85,01-08-2024 10:15
51745.55,51760.85,51721.95,51729.6,01-08-2024 10:20
51729.95,51738.75,51706,51711.75,01-08-2024 10:25
51712.05,51747.5,51707.55,51737.95,01-08-2024 10:30
51737.75,51748.35,51713.6,51744.1,01-08-2024 10:35
51744.45,51756.1,51723.05,51728.75,01-08-2024 10:40
51728.25,51754.55,51712.05,51725.25,01-08-2024 10:45
51725.4,51726.55,51670.7,51674.1,01-08-2024 10:50
51674.6,51705.15,51667.6,51697.05,01-08-2024 10:55
51697.35,51721.7,51688.95,51700.9,01-08-2024 11:00
51702.1,51731.1,51690.2,51727.95,01-08-2024 11:05
51727.95,51779.25,51720.8,51750.3,01-08-2024 11:10
51749.6,51750.15,51729.25,51731.55,01-08-2024 11:15
51733.4,51757.65,51729.45,51752.95,01-08-2024 11:20
51752,51765.4,51742,51755.45,01-08-2024 11:25
51751.7,51764.5,51744.5,51748.7,01-08-2024 11:30
51749.05,51760.75,51731.35,51753.75,01-08-2024 11:35
51752.6,51762.9,51695,51704.35,01-08-2024 11:40
51705.05,51723.9,51688.5,51689.3,01-08-2024 11:45
51686.65,51727.85,51685.7,51717.1,01-08-2024 11:50
51719.65,51721.4,51700.2,51707.6,01-08-2024 11:55
51708.45,51738.9,51703.15,51736.3,01-08-2024 12:00
51731.9,51755.4,51711.5,51717.85,01-08-2024 12:05
51718.4,51740.05,51689.2,51711,01-08-2024 12:10
51706.65,51723.3,51686.9,51708.6,01-08-2024 12:15
51709.3,51717.6,51672.3,51672.95,01-08-2024 12:20
51672.25,51697.7,51587.15,51617.15,01-08-2024 12:25
51613.15,51633.45,51580.85,51631.9,01-08-2024 12:30
51632.7,51645.9,51605.5,51609.45,01-08-2024 12:35
51609,51647.4,51606.25,51628.65,01-08-2024 12:40
51630.25,51655.1,51591.8,51638.25,01-08-2024 12:45
51638.95,51652.65,51619.2,51645.85,01-08-2024 12:50
51645.05,51653.2,51628.35,51645.7,01-08-2024 12:55
51645.75,51683,51640.55,51672.15,01-08-2024 13:00
51671.7,51706.75,51669.15,51683.6,01-08-2024 13:05
51685.65,51700.75,51680.7,51694.15,01-08-2024 13:10
51694.4,51718,51686.15,51703.4,01-08-2024 13:15
51703.85,51716.4,51681.65,51701.4,01-08-2024 13:20
51699.55,51721.3,51661.45,51661.85,01-08-2024 13:25
51660.9,51694.5,51660.1,51680.2,01-08-2024 13:30
51680.55,51696.1,51671.35,51673.75,01-08-2024 13:35
51675.45,51680.05,51652.5,51656.45,01-08-2024 13:40
51656.2,51673.5,51654.25,51664.55,01-08-2024 13:45
51663.9,51696.3,51660.45,51687.75,01-08-2024 13:50
51688.35,51693.05,51647.6,51655.45,01-08-2024 13:55
51653.95,51665.5,51601.95,51634.75,01-08-2024 14:00
51634.8,51641.95,51609.2,51621.05,01-08-2024 14:05
51621.1,51623.6,51565.7,51569.1,01-08-2024 14:10
51568.55,51588.25,51535.45,51571.65,01-08-2024 14:15
51572.6,51576.6,51525.5,51533.2,01-08-2024 14:20
51533,51540.2,51457.8,51494.15,01-08-2024 14:25
51494.2,51512.05,51467.35,51507.4,01-08-2024 14:30
51500.6,51543.55,51496.8,51529.75,01-08-2024 14:35
51530.1,51595.8,51521.05,51574.3,01-08-2024 14:40
51573.35,51591.75,51529.95,51576.6,01-08-2024 14:45
51581.8,51581.8,51524.7,51540.45,01-08-2024 14:50
51540.75,51545.55,51502.05,51518.95,01-08-2024 14:55
51519.9,51541.9,51456.25,51466.75,01-08-2024 15:00
51466.25,51558.85,51456.2,51557.8,01-08-2024 15:05
51559.5,51573.7,51544,51571.65,01-08-2024 15:10
51571.3,51610.55,51570.15,51585.9,01-08-2024 15:15
51587,51631,51584.4,51615.2,01-08-2024 15:20
51617.4,51639.15,51583.15,51606.45,01-08-2024 15:25
51172.25,51267.95,51087.85,51172.1,02-08-2024 09:15
51170.9,51259.85,51148.45,51258,02-08-2024 09:20
51263.3,51347.05,51242.65,51319.75,02-08-2024 09:25
51322.2,51374.95,51284.25,51335.25,02-08-2024 09:30
51333.1,51376.8,51310,51336.05,02-08-2024 09:35
51339.65,51367.8,51249.95,51255.8,02-08-2024 09:40
51258,51294.3,51232.1,51261.6,02-08-2024 09:45
51270.9,51299.4,51246,51254.05,02-08-2024 09:50
51252,51257.05,51189.8,51218.45,02-08-2024 09:55
51219.2,51245.2,51205.05,51227.5,02-08-2024 10:00
51225.45,51254.95,51202.35,51253.85,02-08-2024 10:05
51251,51265.8,51222.4,51247.65,02-08-2024 10:10
51246.65,51298.8,51241.35,51290.4,02-08-2024 10:15
51287.1,51291.95,51251.45,51286.15,02-08-2024 10:20
51287.2,51301.25,51267.15,51277.05,02-08-2024 10:25
51276.8,51457.45,51276.8,51454,02-08-2024 10:30
51450,51464.55,51404.9,51421.6,02-08-2024 10:35
51421.1,51424.8,51379.7,51407.65,02-08-2024 10:40
51405.1,51534.9,51403.3,51519.85,02-08-2024 10:45
51517.8,51521.4,51447.1,51467.35,02-08-2024 10:50
51465.4,51470.65,51428,51462.6,02-08-2024 10:55
51463.5,51473.7,51415.5,51441.45,02-08-2024 11:00
51437,51452.6,51415.65,51426.55,02-08-2024 11:05
51426.75,51481.35,51422.6,51480.9,02-08-2024 11:10
51478.05,51500.25,51460.15,51465.85,02-08-2024 11:15
51465.4,51506.75,51450.5,51496.5,02-08-2024 11:20
51492.05,51503.45,51467.55,51487.2,02-08-2024 11:25
51487.5,51490.4,51425.35,51442.75,02-08-2024 11:30
51438.6,51508.05,51428.15,51503.4,02-08-2024 11:35
51501.55,51537.7,51488.8,51522.8,02-08-2024 11:40
51522.25,51568.35,51512.45,51536.2,02-08-2024 11:45
51539.55,51539.55,51479.75,51514.5,02-08-2024 11:50
51514.9,51539.95,51502,51503.9,02-08-2024 11:55
51504.15,51507.3,51454.5,51467.35,02-08-2024 12:00
51466.15,51491.45,51458.65,51481.45,02-08-2024 12:05
51480.3,51487.15,51462.75,51469.9,02-08-2024 12:10
51468.7,51495.5,51444.4,51446.4,02-08-2024 12:15
51448.15,51477.7,51444.4,51449.45,02-08-2024 12:20
51449.45,51458.25,51379.6,51412.85,02-08-2024 12:25
51410.95,51430,51393.3,51414.75,02-08-2024 12:30
51416.3,51429.65,51404.45,51418.1,02-08-2024 12:35
51421.2,51433.05,51384.55,51391.2,02-08-2024 12:40
51394.9,51428.6,51364.15,51413.85,02-08-2024 12:45
51419.55,51441.6,51393.15,51421.35,02-08-2024 12:50
51420.75,51455.55,51406,51433.1,02-08-2024 12:55
51433.35,51465.1,51430.6,51437.95,02-08-2024 13:00
51441.4,51451.85,51424.65,51440.75,02-08-2024 13:05
51444.4,51464.3,51436.4,51452.7,02-08-2024 13:10
51445.25,51468.65,51432.85,51447.65,02-08-2024 13:15
51447.05,51476.75,51441.3,51463.95,02-08-2024 13:20
51464.75,51514.45,51460.4,51507.1,02-08-2024 13:25
51506.95,51544.05,51501.45,51508.9,02-08-2024 13:30
51506.7,51588.1,51499.55,51585.2,02-08-2024 13:35
51581.45,51608.7,51558,51558.35,02-08-2024 13:40
51557.45,51566.25,51520.6,51534.7,02-08-2024 13:45
51542.9,51554.65,51526.5,51531.95,02-08-2024 13:50
51530.9,51562.5,51525.6,51542.1,02-08-2024 13:55
51543.45,51586.05,51539.95,51562.1,02-08-2024 14:00
51560.45,51582.2,51506.75,51515.1,02-08-2024 14:05
51512.75,51520.65,51482.65,51500.95,02-08-2024 14:10
51496.9,51504.7,51438.55,51494.05,02-08-2024 14:15
51494.65,51542,51480.4,51510.15,02-08-2024 14:20
51505.8,51536.45,51505.55,51515.2,02-08-2024 14:25
51514.7,51526.05,51474.6,51487.65,02-08-2024 14:30
51488.65,51504.15,51453,51463,02-08-2024 14:35
51464.75,51487.4,51440.85,51448.55,02-08-2024 14:40
51448.85,51478,51440.55,51457.35,02-08-2024 14:45
51457.2,51457.2,51405.8,51425.9,02-08-2024 14:50
51424.25,51432.55,51367.25,51416.2,02-08-2024 14:55
51417.05,51422.35,51308.95,51347.5,02-08-2024 15:00
51355.15,51394.45,51343.25,51346.1,02-08-2024 15:05
51348.85,51351.8,51316.75,51341.7,02-08-2024 15:10
51342.1,51368.75,51325.35,51349.85,02-08-2024 15:15
51356.75,51401.05,51354.1,51362.55,02-08-2024 15:20
51368.4,51368.4,51334.4,51337.75,02-08-2024 15:25
50586.25,50747.55,50508.05,50557.15,05-08-2024 09:15
50553.2,50585.35,50409.45,50409.45,05-08-2024 09:20
50411.65,50453.45,50361.1,50414.65,05-08-2024 09:25
50408.85,50514.3,50346.7,50455.65,05-08-2024 09:30
50459.8,50499.05,50404.9,50408.65,05-08-2024 09:35
50400.5,50478.75,50398.55,50429.15,05-08-2024 09:40
50431.35,50464.75,50383.5,50393.25,05-08-2024 09:45
50393.65,50480.85,50378.15,50461.85,05-08-2024 09:50
50464.4,50507.45,50437.7,50487.05,05-08-2024 09:55
50485.65,50498.9,50425.2,50443.65,05-08-2024 10:00
50446,50447.4,50352.55,50370,05-08-2024 10:05
50371.25,50422.8,50367.3,50389.1,05-08-2024 10:10
50381.9,50413.9,50367.4,50400.8,05-08-2024 10:15
50400.05,50441.65,50378.85,50389.9,05-08-2024 10:20
50386.35,50403.85,50304.7,50341.2,05-08-2024 10:25
50338.1,50370.2,50264.5,50279.55,05-08-2024 10:30
50279.2,50322.5,50238.1,50260.2,05-08-2024 10:35
50258,50271.8,50214.35,50247.95,05-08-2024 10:40
50247.2,50247.2,50090.85,50098.5,05-08-2024 10:45
50098.9,50127.85,50034.5,50051.7,05-08-2024 10:50
50046.1,50092.75,50020.95,50039.2,05-08-2024 10:55
50035.3,50053.3,49945.05,49998.8,05-08-2024 11:00
49999.6,50038.75,49941,50001.6,05-08-2024 11:05
49990.7,49998.8,49902.65,49920.5,05-08-2024 11:10
49922.6,49953.5,49898.8,49920.8,05-08-2024 11:15
49918.95,49928.4,49719.1,49765.55,05-08-2024 11:20
49769.75,49990.65,49762.95,49930.85,05-08-2024 11:25
49932.5,49970.85,49878.15,49900.25,05-08-2024 11:30
49897.05,49964.8,49891.5,49955.35,05-08-2024 11:35
49957.25,50006.4,49923.35,49935.35,05-08-2024 11:40
49934.95,49976.7,49891.55,49976.45,05-08-2024 11:45
49967.1,49982.8,49900.95,49914.6,05-08-2024 11:50
49914.5,49948,49892.55,49898.4,05-08-2024 11:55
49894.75,49936,49881.2,49917.8,05-08-2024 12:00
49915.4,49965.85,49894.3,49963.55,05-08-2024 12:05
49961,50002.6,49935.6,49992.95,05-08-2024 12:10
49992.9,50047.55,49983.05,50016.6,05-08-2024 12:15
50007.8,50015.5,49940.45,49940.8,05-08-2024 12:20
49936,49952.1,49901.25,49928.75,05-08-2024 12:25
49931.6,49934.1,49885.75,49901.45,05-08-2024 12:30
49899.5,49900.1,49850.7,49866.3,05-08-2024 12:35
49868.6,49898.3,49851,49856.4,05-08-2024 12:40
49855.4,49918.05,49843.45,49895.8,05-08-2024 12:45
49896.7,49908.8,49877.9,49898.35,05-08-2024 12:50
49898.95,49905.1,49827.25,49834.4,05-08-2024 12:55
49835.5,49864.9,49808.1,49856.85,05-08-2024 13:00
49858.25,49935.75,49851.1,49908.5,05-08-2024 13:05
49910.1,50020.4,49900.95,50012.4,05-08-2024 13:10
50015.65,50163.95,49961.5,49970.95,05-08-2024 13:15
49970.05,49998.9,49942.2,49985.35,05-08-2024 13:20
49984,50067.5,49981.55,50031.9,05-08-2024 13:25
50031.6,50067.6,50004.7,50058.8,05-08-2024 13:30
50063.8,50101.45,50053.55,50076.3,05-08-2024 13:35
50071.45,50106,50042.15,50049.2,05-08-2024 13:40
50047.4,50142.35,50029.75,50141.15,05-08-2024 13:45
50140.4,50164.6,50086.15,50105.65,05-08-2024 13:50
50104,50145.5,50074.2,50118.95,05-08-2024 13:55
50119.5,50145.75,50080.1,50113.7,05-08-2024 14:00
50110.7,50124.25,50056.8,50061.4,05-08-2024 14:05
50058.55,50089.5,50033.5,50055.65,05-08-2024 14:10
50051,50139.4,50051,50127.3,05-08-2024 14:15
50128.5,50144.9,49973.4,49992.6,05-08-2024 14:20
49994.35,50026.3,49965,50023.3,05-08-2024 14:25
50022.5,50116.1,50003.2,50079.45,05-08-2024 14:30
50080.3,50140.3,50077.25,50092.5,05-08-2024 14:35
50092.5,50207.9,50073.8,50200.7,05-08-2024 14:40
50200.45,50221.25,50146.65,50162.3,05-08-2024 14:45
50154.8,50196.3,50092.55,50109.35,05-08-2024 14:50
50108.6,50156.05,50071.5,50147.65,05-08-2024 14:55
50144.3,50190.5,50112.95,50117.15,05-08-2024 15:00
50115.05,50127.8,50067.95,50099.7,05-08-2024 15:05
50100.65,50125.85,50078.95,50081,05-08-2024 15:10
50081.95,50113.1,50062.6,50064.6,05-08-2024 15:15
50062.65,50089.35,50033.55,50066.9,05-08-2024 15:20
50074.8,50093.65,50030.6,50056,05-08-2024 15:25
50436.9,50598.25,50395.95,50545.9,06-08-2024 09:15
50548.75,50688.8,50529.55,50617.25,06-08-2024 09:20
50603.5,50616.15,50431.45,50493,06-08-2024 09:25
50489.4,50529.55,50444.05,50444.05,06-08-2024 09:30
50441.6,50473.45,50416.75,50449.2,06-08-2024 09:35
50449.95,50469.85,50378.15,50398.3,06-08-2024 09:40
50396.45,50484,50392.2,50452.4,06-08-2024 09:45
50450.25,50453.7,50337.3,50435.95,06-08-2024 09:50
50438.85,50448.75,50394.8,50422.3,06-08-2024 09:55
50421.7,50429.65,50393.65,50399.15,06-08-2024 10:00
50399.15,50405.1,50267.3,50283.7,06-08-2024 10:05
50288.25,50293.9,50237.95,50263.75,06-08-2024 10:10
50270.65,50297.3,50196.95,50209.55,06-08-2024 10:15
50205.3,50245.45,50176.6,50186.55,06-08-2024 10:20
50185.5,50252.75,50136.25,50165.55,06-08-2024 10:25
50160.8,50174.65,50076.9,50085.2,06-08-2024 10:30
50090.25,50118.95,50020.45,50047.6,06-08-2024 10:35
50047.4,50059.8,49907.6,49965.75,06-08-2024 10:40
49964.8,50068.95,49964.2,50001.65,06-08-2024 10:45
49995.15,50081.25,49992.5,50035,06-08-2024 10:50
50039.5,50152.45,50020.85,50152.45,06-08-2024 10:55
50143.2,50172.45,50087.3,50112,06-08-2024 11:00
50114.85,50147.45,50092.55,50143.65,06-08-2024 11:05
50142.1,50171.4,50124.2,50147.55,06-08-2024 11:10
50148.4,50255.25,50148.4,50230.45,06-08-2024 11:15
50231,50252.55,50173.1,50186.3,06-08-2024 11:20
50189.4,50190.6,50079.6,50118.25,06-08-2024 11:25
50119.1,50164.9,50110.9,50155.15,06-08-2024 11:30
50155.25,50191.85,50143.95,50188.9,06-08-2024 11:35
50189.35,50204.75,50152.05,50200.3,06-08-2024 11:40
50201.05,50201.05,50136.1,50146,06-08-2024 11:45
50143.65,50174.55,50121.05,50162.05,06-08-2024 11:50
50163.75,50199.05,50161.45,50187.85,06-08-2024 11:55
50187.65,50212,50171.8,50210.75,06-08-2024 12:00
50211.05,50217.7,50158,50161.85,06-08-2024 12:05
50162.05,50196.75,50159.2,50188.15,06-08-2024 12:10
50183.45,50193.55,50152.65,50168.35,06-08-2024 12:15
50168.5,50199.6,50145.4,50175.35,06-08-2024 12:20
50175.45,50179.6,50134.4,50155.85,06-08-2024 12:25
50155.45,50166.25,50079.35,50117.65,06-08-2024 12:30
50116.7,50157.4,50088.75,50152.55,06-08-2024 12:35
50148,50152.5,50123.15,50131.15,06-08-2024 12:40
50130,50165.95,50123.15,50130.65,06-08-2024 12:45
50126.3,50195.75,50118.95,50188.85,06-08-2024 12:50
50187.65,50189.15,50100.9,50127.45,06-08-2024 12:55
50127,50160,50113.65,50158.1,06-08-2024 13:00
50156.25,50159.55,50126.6,50133.9,06-08-2024 13:05
50133.1,50141.75,50084.4,50096.35,06-08-2024 13:10
50094.1,50134.1,50088.25,50112.15,06-08-2024 13:15
50109.8,50115.45,50035,50059.55,06-08-2024 13:20
50054.35,50102.35,50053.1,50096.6,06-08-2024 13:25
50096.4,50105.85,50078.55,50079.55,06-08-2024 13:30
50079.7,50080.1,49880.5,49908.9,06-08-2024 13:35
49910.3,49955.2,49875.3,49914.5,06-08-2024 13:40
49913.25,49921.05,49813.55,49813.55,06-08-2024 13:45
49816.8,49870.05,49725.2,49845.7,06-08-2024 13:50
49846.05,49903.8,49824.7,49885.65,06-08-2024 13:55
49884.35,49925.25,49832.95,49832.95,06-08-2024 14:00
49832.05,49853.1,49816.1,49840.85,06-08-2024 14:05
49839.65,49847.9,49754.7,49776.4,06-08-2024 14:10
49776.1,49785.85,49659.05,49677.7,06-08-2024 14:15
49676.95,49812.1,49676.95,49769.55,06-08-2024 14:20
49771.5,49875.5,49767.9,49789.15,06-08-2024 14:25
49785.3,49791.05,49741.75,49768.95,06-08-2024 14:30
49764.95,49839.05,49752.05,49792.75,06-08-2024 14:35
49793.85,49801.5,49707.85,49707.85,06-08-2024 14:40
49706.25,49771.1,49706.25,49755.3,06-08-2024 14:45
49754.15,49790.05,49735.4,49788.85,06-08-2024 14:50
49792.25,49850.95,49753.1,49773.75,06-08-2024 14:55
49774.6,49807.1,49713.9,49780.55,06-08-2024 15:00
49781.25,49810.75,49740,49787.2,06-08-2024 15:05
49787,49790.45,49701.7,49735.15,06-08-2024 15:10
49738.45,49755.35,49708.05,49728.05,06-08-2024 15:15
49732.5,49771,49717.2,49758.95,06-08-2024 15:20
49755.55,49797.55,49755.55,49770.2,06-08-2024 15:25
50286.2,50292.45,50154,50207.9,07-08-2024 09:15
50210.85,50258.45,50136.7,50183.05,07-08-2024 09:20
50183.75,50193.4,50096.9,50110.7,07-08-2024 09:25
50111.35,50167.55,50038.65,50048.95,07-08-2024 09:30
50049.85,50122.9,50025.85,50061.25,07-08-2024 09:35
50063.4,50116.7,50036.15,50050.45,07-08-2024 09:40
50052.7,50082.15,49974.4,50001.75,07-08-2024 09:45
50007.35,50036.95,49962.7,49994.1,07-08-2024 09:50
49998.95,50014.85,49966.7,49990,07-08-2024 09:55
49991.15,50029.9,49884.55,49891.85,07-08-2024 10:00
49884.85,49926.6,49794.5,49845.85,07-08-2024 10:05
49846.95,49906,49835.35,49836.2,07-08-2024 10:10
49835.15,49890.2,49782.2,49889.25,07-08-2024 10:15
49888.8,49895.4,49836.15,49848.55,07-08-2024 10:20
49848.55,49923.1,49816.9,49917.9,07-08-2024 10:25
49916.05,49999.5,49905.95,49954.95,07-08-2024 10:30
49963.9,50159.2,49953,50106.7,07-08-2024 10:35
50107.75,50119.1,49982.35,50033.75,07-08-2024 10:40
50033.1,50075.6,50000.75,50025.2,07-08-2024 10:45
50027.5,50057.5,49995.3,50033.5,07-08-2024 10:50
50033.15,50062.15,50025.55,50046,07-08-2024 10:55
50044.6,50045.45,49893.75,49905.75,07-08-2024 11:00
49907.05,49931.7,49833.5,49880.4,07-08-2024 11:05
49878.95,49935.75,49852.1,49929.3,07-08-2024 11:10
49925.85,49940.4,49841,49866.65,07-08-2024 11:15
49865.95,49921.5,49855.25,49894.25,07-08-2024 11:20
49896.4,49931.95,49885.7,49900.55,07-08-2024 11:25
49905.1,49941.35,49886.45,49890.3,07-08-2024 11:30
49889.45,49977.05,49887.55,49918.65,07-08-2024 11:35
49918.65,49944.75,49902.4,49935.35,07-08-2024 11:40
49936.4,49959.7,49858.25,49891.4,07-08-2024 11:45
49898,49922.9,49890.75,49914.2,07-08-2024 11:50
49919.45,49945.55,49901.1,49914.35,07-08-2024 11:55
49911.55,49952,49894.35,49929.35,07-08-2024 12:00
49934.8,49968.9,49905.35,49914.25,07-08-2024 12:05
49913.8,49937.95,49876.5,49883.6,07-08-2024 12:10
49891.15,49952.55,49882.45,49940.9,07-08-2024 12:15
49948.8,50055.3,49939.85,50049.05,07-08-2024 12:20
50049.65,50098.65,49997.05,50025.15,07-08-2024 12:25
50023.85,50043.15,49986.85,50015.85,07-08-2024 12:30
50017,50028.55,49976.2,50007.65,07-08-2024 12:35
50005.45,50035.45,49965.2,49979.85,07-08-2024 12:40
49981.95,50022.45,49976.4,50008.9,07-08-2024 12:45
50009.2,50014,49931.25,49943.3,07-08-2024 12:50
49942.65,49963.9,49922.35,49944.75,07-08-2024 12:55
49942.8,49945.85,49893.9,49930.05,07-08-2024 13:00
49925.7,49956.4,49874.15,49894.95,07-08-2024 13:05
49903.25,49936,49888.75,49931.75,07-08-2024 13:10
49932.7,49932.7,49881.45,49890.1,07-08-2024 13:15
49894.6,49940.15,49867.05,49889.05,07-08-2024 13:20
49895.8,49916.15,49863.4,49870.65,07-08-2024 13:25
49869.1,49911.05,49855.6,49869.6,07-08-2024 13:30
49871.7,49935,49867.35,49919.55,07-08-2024 13:35
49922.05,49962.9,49897.85,49909.95,07-08-2024 13:40
49908.8,49945.3,49882.75,49919.65,07-08-2024 13:45
49921.95,49941.35,49904.6,49929.9,07-08-2024 13:50
49928.9,49959.15,49901.7,49928.75,07-08-2024 13:55
49930.95,49939,49898.9,49910.15,07-08-2024 14:00
49909.8,49980.9,49887.5,49963.05,07-08-2024 14:05
49962.85,49968.4,49919.2,49968.4,07-08-2024 14:10
49967.9,50080.45,49960.5,50030.9,07-08-2024 14:15
50025.1,50099.85,50011.45,50054.6,07-08-2024 14:20
50050.4,50158.55,50050.4,50096.45,07-08-2024 14:25
50094.8,50126.7,50074.2,50077.6,07-08-2024 14:30
50083.8,50117.15,50041.55,50050.2,07-08-2024 14:35
50051.3,50081.5,50029.85,50038.5,07-08-2024 14:40
50045.4,50047.05,49980.95,50003.45,07-08-2024 14:45
50006.2,50008.55,49945.6,49952.05,07-08-2024 14:50
49957.5,50005.45,49948.25,50001.85,07-08-2024 14:55
50007,50084.8,50005.1,50065.7,07-08-2024 15:00
50067.25,50123.2,50060.3,50116.25,07-08-2024 15:05
50117.9,50165.45,50095.95,50140.95,07-08-2024 15:10
50139.3,50181.5,50123.35,50175.75,07-08-2024 15:15
50174.95,50196.35,50159.65,50166.9,07-08-2024 15:20
50165.85,50254.5,50153.55,50226.45,07-08-2024 15:25
50051.9,50185.55,49956.6,50130.4,08-08-2024 09:15
50124.3,50138.95,50079.4,50092.6,08-08-2024 09:20
50093.4,50121.6,50039.4,50058.95,08-08-2024 09:25
50059.8,50160.1,50059.3,50132.7,08-08-2024 09:30
50135.4,50136.55,50064.7,50086.1,08-08-2024 09:35
50085.5,50122.85,50069,50102.05,08-08-2024 09:40
50103.8,50182.15,50095.75,50148.6,08-08-2024 09:45
50150.9,50167.4,50101.05,50109.4,08-08-2024 09:50
50109.8,50127.05,50013.9,50016.95,08-08-2024 09:55
50015.35,50100.1,50013.7,50075.45,08-08-2024 10:00
50067.85,50068.95,49829.6,49845.5,08-08-2024 10:05
49849.95,49948.7,49843.25,49928.3,08-08-2024 10:10
49928,49984.65,49901.55,49969.1,08-08-2024 10:15
49969,49995.25,49927,49974.85,08-08-2024 10:20
49975.75,50132.2,49957.5,50121.6,08-08-2024 10:25
50115.45,50129.75,49938.55,49977.15,08-08-2024 10:30
49981.1,50112.25,49974,50076.65,08-08-2024 10:35
50076.2,50101.65,50046.25,50067.95,08-08-2024 10:40
50072.9,50110.45,50025.4,50077.4,08-08-2024 10:45
50076.5,50134.4,50061,50068.45,08-08-2024 10:50
50068.45,50083.25,49976.9,50007.2,08-08-2024 10:55
50005.4,50064,50005.4,50055.25,08-08-2024 11:00
50056,50186.45,50037.65,50186.45,08-08-2024 11:05
50186.7,50224.15,50156.05,50168.65,08-08-2024 11:10
50170.95,50294.3,50158.8,50260.45,08-08-2024 11:15
50268.15,50268.15,50161.7,50188.2,08-08-2024 11:20
50183.65,50225.95,50159.65,50222.85,08-08-2024 11:25
50221.9,50226.4,50150.75,50190.8,08-08-2024 11:30
50191.05,50230.55,50179.45,50206.85,08-08-2024 11:35
50207,50250.4,50183.7,50194.35,08-08-2024 11:40
50196.2,50268.1,50187.3,50257.15,08-08-2024 11:45
50265.4,50310.4,50233.45,50274.65,08-08-2024 11:50
50276.55,50289.95,50247.75,50254.6,08-08-2024 11:55
50256.1,50306.3,50226,50227.05,08-08-2024 12:00
50225.9,50294.9,50225.9,50267.1,08-08-2024 12:05
50266.1,50407.15,50261.95,50407.15,08-08-2024 12:10
50408.25,50438.65,50366.5,50377.9,08-08-2024 12:15
50375.9,50413.7,50353.3,50358.8,08-08-2024 12:20
50359.9,50408.5,50355.25,50398.6,08-08-2024 12:25
50395.6,50440.75,50372.55,50381.25,08-08-2024 12:30
50379.75,50416.1,50369,50408.4,08-08-2024 12:35
50407.5,50418.15,50350.4,50368.35,08-08-2024 12:40
50367.9,50391,50270.75,50276.2,08-08-2024 12:45
50273.9,50330.6,50269,50298.35,08-08-2024 12:50
50299.8,50305.1,50180.55,50247.6,08-08-2024 12:55
50243.75,50255.2,50127.25,50232.45,08-08-2024 13:00
50232.7,50239.75,50109.8,50183.4,08-08-2024 13:05
50181.7,50218,50153.05,50197.2,08-08-2024 13:10
50195.95,50212.7,50160.1,50189.4,08-08-2024 13:15
50190.05,50236.45,50158.15,50206.75,08-08-2024 13:20
50212.55,50223.3,50086,50091,08-08-2024 13:25
50088.9,50201.75,50068.85,50187,08-08-2024 13:30
50185.65,50226,50162.65,50221.45,08-08-2024 13:35
50220.15,50271.3,50211.65,50254.7,08-08-2024 13:40
50255.3,50281.15,50206.1,50238.3,08-08-2024 13:45
50237.6,50261.45,50195.75,50202.3,08-08-2024 13:50
50204.5,50216.35,50122.6,50142.2,08-08-2024 13:55
50139.75,50220.2,50131.95,50218.8,08-08-2024 14:00
50219.25,50241,50190.75,50204.35,08-08-2024 14:05
50205.4,50234.8,50175.7,50198.05,08-08-2024 14:10
50199.85,50286.15,50195.5,50231.85,08-08-2024 14:15
50231.1,50233.4,50167.95,50209.25,08-08-2024 14:20
50209.85,50235.45,50189.35,50232.05,08-08-2024 14:25
50234.4,50242.85,50197.2,50233.4,08-08-2024 14:30
50238.1,50261.75,50228.2,50234.2,08-08-2024 14:35
50233.45,50266.25,50220.7,50242.5,08-08-2024 14:40
50242,50287.65,50235.4,50282.3,08-08-2024 14:45
50280.1,50284.2,50165.9,50183.3,08-08-2024 14:50
50181.1,50209.6,50134.35,50193.45,08-08-2024 14:55
50194.15,50226.9,50160.75,50190.25,08-08-2024 15:00
50192.8,50206.05,50156.15,50176.3,08-08-2024 15:05
50172.65,50182.65,50144.9,50151.1,08-08-2024 15:10
50148.35,50170.2,50119.65,50132.5,08-08-2024 15:15
50127.4,50136.55,50103.05,50124.6,08-08-2024 15:20
50118.15,50137.65,50094.65,50109.45,08-08-2024 15:25
50612.1,50626.5,50386.45,50510.9,09-08-2024 09:15
50512.7,50575.1,50490.5,50504.35,09-08-2024 09:20
50506.45,50590.3,50478.9,50566.3,09-08-2024 09:25
50566.75,50594.2,50517.15,50549.15,09-08-2024 09:30
50546.25,50591.5,50544.2,50572.95,09-08-2024 09:35
50571.1,50638.8,50564.7,50601,09-08-2024 09:40
50597.2,50697.3,50591.45,50680.6,09-08-2024 09:45
50680.65,50707.75,50561.75,50578.35,09-08-2024 09:50
50576.3,50624.05,50571.25,50615.9,09-08-2024 09:55
50614.7,50653.7,50598.9,50609.5,09-08-2024 10:00
50610.95,50625.3,50531.3,50551.65,09-08-2024 10:05
50551.65,50587.65,50538.55,50545.6,09-08-2024 10:10
50546.45,50592.05,50536.25,50582,09-08-2024 10:15
50581.4,50601.2,50520.7,50528.8,09-08-2024 10:20
50530,50547.55,50485.6,50511.15,09-08-2024 10:25
50512.5,50524.5,50469.3,50485.55,09-08-2024 10:30
50485.15,50510.25,50447.55,50462.65,09-08-2024 10:35
50463.7,50475.65,50420.95,50462.7,09-08-2024 10:40
50462.9,50491.9,50447.75,50485.75,09-08-2024 10:45
50485.85,50523.2,50447.05,50447.3,09-08-2024 10:50
50447.15,50498.85,50447.15,50493.25,09-08-2024 10:55
50497.85,50523.75,50484.9,50513.85,09-08-2024 11:00
50510.35,50517.55,50499.65,50509.5,09-08-2024 11:05
50512.3,50514.85,50476.35,50488.25,09-08-2024 11:10
50491.95,50523.55,50481.1,50514.4,09-08-2024 11:15
50514.85,50537.35,50509.35,50522.25,09-08-2024 11:20
50522.65,50547.75,50511.9,50527.55,09-08-2024 11:25
50521.6,50543.45,50512.25,50530.5,09-08-2024 11:30
50531.8,50532.45,50495.75,50521.2,09-08-2024 11:35
50522.1,50553.05,50506.15,50534.4,09-08-2024 11:40
50534.15,50565.05,50532,50554.35,09-08-2024 11:45
50555.3,50570.65,50549.8,50566.3,09-08-2024 11:50
50563.2,50596.9,50554.8,50592.6,09-08-2024 11:55
50590.1,50608.1,50565,50569.45,09-08-2024 12:00
50567.4,50578.2,50543.1,50570.35,09-08-2024 12:05
50569.5,50574.9,50539.45,50543.1,09-08-2024 12:10
50541.3,50567.4,50531.3,50549.65,09-08-2024 12:15
50548.45,50553.3,50531.15,50539.7,09-08-2024 12:20
50536.25,50559.4,50533.9,50547.95,09-08-2024 12:25
50547.2,50553.05,50530.35,50540,09-08-2024 12:30
50538.2,50557.85,50526.9,50548.85,09-08-2024 12:35
50547.7,50564.7,50526.25,50529.6,09-08-2024 12:40
50528,50533.3,50500.75,50508.15,09-08-2024 12:45
50508.15,50510.75,50469.05,50479.3,09-08-2024 12:50
50481.85,50499.2,50472.1,50475.8,09-08-2024 12:55
50475.75,50494.7,50462.65,50487.85,09-08-2024 13:00
50489.05,50505.2,50460.85,50464,09-08-2024 13:05
50465.7,50495.75,50454.1,50492.5,09-08-2024 13:10
50493.95,50505.85,50478.15,50504.15,09-08-2024 13:15
50503.35,50551,50488.7,50532.2,09-08-2024 13:20
50532.15,50550.35,50517.2,50545.75,09-08-2024 13:25
50540.7,50586.05,50531.15,50583,09-08-2024 13:30
50584.35,50588.25,50547.25,50562.5,09-08-2024 13:35
50560.05,50611.95,50556.95,50602.45,09-08-2024 13:40
50602.8,50632.35,50578.2,50582.6,09-08-2024 13:45
50582.6,50587.1,50523.55,50541.35,09-08-2024 13:50
50540.85,50564.65,50526.2,50557,09-08-2024 13:55
50557.4,50593.55,50537.6,50590.1,09-08-2024 14:00
50593.3,50622.85,50590.15,50598.1,09-08-2024 14:05
50594.65,50609.6,50578.5,50588.5,09-08-2024 14:10
50586.1,50593,50540.05,50553.1,09-08-2024 14:15
50552.2,50578.5,50540.6,50567.95,09-08-2024 14:20
50568.3,50573.2,50532.85,50532.85,09-08-2024 14:25
50533.9,50546.7,50504.3,50509.7,09-08-2024 14:30
50506.7,50530.65,50501.7,50518.4,09-08-2024 14:35
50520.35,50538.6,50496.1,50504.75,09-08-2024 14:40
50505.25,50544.75,50491.55,50542.65,09-08-2024 14:45
50541.65,50551.35,50504.85,50516.1,09-08-2024 14:50
50516.15,50549.8,50509.5,50548.4,09-08-2024 14:55
50542.9,50542.9,50484.75,50487.75,09-08-2024 15:00
50487.65,50520.3,50465.35,50510.7,09-08-2024 15:05
50510.65,50530.35,50464.05,50470.5,09-08-2024 15:10
50478.25,50485.3,50443.15,50477.75,09-08-2024 15:15
50475.4,50489.95,50458.15,50484.05,09-08-2024 15:20
50482.75,50490.85,50457.35,50481.8,09-08-2024 15:25
50412.6,50460.15,50201.2,50228.9,12-08-2024 09:15
50231.05,50328.05,50212.35,50280,12-08-2024 09:20
50285.8,50346.15,50237,50305.55,12-08-2024 09:25
50308.5,50359.85,50285.8,50315.25,12-08-2024 09:30
50316.1,50361.25,50279.7,50290.5,12-08-2024 09:35
50288.65,50304,50255.3,50263.35,12-08-2024 09:40
50266.3,50275.75,50235.25,50245.25,12-08-2024 09:45
50243.8,50253.5,50187.95,50204.7,12-08-2024 09:50
50203.7,50226.75,50153,50173.55,12-08-2024 09:55
50172.6,50222.45,50149.25,50215.95,12-08-2024 10:00
50217.8,50276.45,50167.15,50261.35,12-08-2024 10:05
50261.8,50305.95,50229,50277.35,12-08-2024 10:10
50278.95,50455.45,50278.95,50453.25,12-08-2024 10:15
50452.6,50497.85,50420.55,50451.25,12-08-2024 10:20
50450.75,50466.8,50402.85,50414.95,12-08-2024 10:25
50415.6,50480.6,50415.05,50460.45,12-08-2024 10:30
50459.65,50564.5,50459.65,50550.55,12-08-2024 10:35
50550.7,50634.9,50545.65,50587.55,12-08-2024 10:40
50590.3,50627.55,50552.4,50595.25,12-08-2024 10:45
50595.55,50622.7,50552.85,50604.15,12-08-2024 10:50
50603.4,50718.2,50593.85,50696.35,12-08-2024 10:55
50698.7,50741.9,50668.8,50674.35,12-08-2024 11:00
50676.5,50697.5,50665.35,50687.85,12-08-2024 11:05
50689.9,50722.25,50667.6,50721.6,12-08-2024 11:10
50716.45,50792.9,50685.6,50770.5,12-08-2024 11:15
50774,50778.55,50726.1,50741.25,12-08-2024 11:20
50742.9,50746.1,50631.8,50695.9,12-08-2024 11:25
50695.9,50718.05,50658.2,50679.15,12-08-2024 11:30
50675.2,50677.65,50642.55,50658.35,12-08-2024 11:35
50661.9,50680.35,50632.55,50637.05,12-08-2024 11:40
50635.5,50681.9,50635.5,50665.1,12-08-2024 11:45
50669.2,50716.85,50661.4,50679.65,12-08-2024 11:50
50679.65,50740.3,50675.9,50705.35,12-08-2024 11:55
50706.6,50734.7,50685.3,50703.7,12-08-2024 12:00
50699.6,50710.1,50659.45,50666.55,12-08-2024 12:05
50667,50674.7,50636.75,50641.1,12-08-2024 12:10
50640.3,50671.55,50636.2,50663.35,12-08-2024 12:15
50662.4,50665.3,50614.6,50635.85,12-08-2024 12:20
50636.8,50665.25,50603.85,50644.7,12-08-2024 12:25
50641.35,50700.15,50614.85,50697.7,12-08-2024 12:30
50695.85,50741.05,50689.85,50728.05,12-08-2024 12:35
50727.9,50742.9,50712.6,50727.2,12-08-2024 12:40
50729.85,50788.15,50711.85,50781.95,12-08-2024 12:45
50781.85,50788.1,50739.35,50752.95,12-08-2024 12:50
50750.8,50762.6,50734.9,50742.6,12-08-2024 12:55
50747.75,50804.85,50742,50775.3,12-08-2024 13:00
50775.8,50784.25,50727.35,50745.55,12-08-2024 13:05
50745.2,50753.25,50719.85,50726,12-08-2024 13:10
50726,50728.2,50694.4,50704.4,12-08-2024 13:15
50705.8,50738.75,50673.5,50730.2,12-08-2024 13:20
50729.05,50732.45,50697.35,50728.4,12-08-2024 13:25
50725.7,50752.75,50714.05,50726.2,12-08-2024 13:30
50730.55,50748.1,50713.35,50746.6,12-08-2024 13:35
50747,50777.2,50744.8,50773.65,12-08-2024 13:40
50771.45,50783.95,50747.3,50763.75,12-08-2024 13:45
50761.85,50812.75,50744.9,50787.9,12-08-2024 13:50
50788.15,50799.7,50776.4,50792.45,12-08-2024 13:55
50787.85,50801.65,50757.1,50760.5,12-08-2024 14:00
50759.7,50817.75,50751.65,50806.65,12-08-2024 14:05
50803.8,50830.7,50778.85,50797.8,12-08-2024 14:10
50797.4,50814.1,50752,50752.1,12-08-2024 14:15
50747.3,50767.6,50710.4,50735.05,12-08-2024 14:20
50734.45,50758.1,50713.4,50750.4,12-08-2024 14:25
50744.3,50748.65,50689.7,50731.55,12-08-2024 14:30
50729.7,50747.65,50712.4,50735,12-08-2024 14:35
50734.1,50746.1,50689.65,50727.15,12-08-2024 14:40
50728.85,50761.6,50702.15,50715.45,12-08-2024 14:45
50717.4,50732,50599.65,50633.3,12-08-2024 14:50
50630.8,50659.55,50594.9,50595.6,12-08-2024 14:55
50600.75,50603.4,50525.35,50562.4,12-08-2024 15:00
50564.4,50616.2,50544.25,50577.95,12-08-2024 15:05
50581.1,50631.6,50556.2,50591.75,12-08-2024 15:10
50598.9,50607.95,50551.45,50594.5,12-08-2024 15:15
50600.6,50606,50559.4,50569.65,12-08-2024 15:20
50578.35,50594,50543.5,50578.55,12-08-2024 15:25
50395.35,50559.25,50387,50509.35,13-08-2024 09:15
50503.45,50523.75,50446.35,50484.85,13-08-2024 09:20
50480.7,50499.5,50406.35,50417.25,13-08-2024 09:25
50417.8,50425.3,50335.85,50341.55,13-08-2024 09:30
50344.35,50392.15,50308.6,50367.15,13-08-2024 09:35
50367.55,50475.8,50367.55,50455.75,13-08-2024 09:40
50452.25,50497.65,50420.6,50467.85,13-08-2024 09:45
50463.75,50491.65,50420.15,50446.05,13-08-2024 09:50
50445.95,50447.75,50344.9,50372.45,13-08-2024 09:55
50368.3,50397.2,50358.4,50387.75,13-08-2024 10:00
50382.15,50426.25,50310.2,50330.45,13-08-2024 10:05
50330.85,50355.85,50312.85,50355.75,13-08-2024 10:10
50354.75,50373.8,50270.2,50273.4,13-08-2024 10:15
50277.8,50295.85,50229.75,50261.05,13-08-2024 10:20
50260.3,50294.1,50258.15,50266.15,13-08-2024 10:25
50264.75,50302.05,50236.8,50289.7,13-08-2024 10:30
50294.45,50320.95,50277.55,50280.15,13-08-2024 10:35
50281.3,50281.3,50233.9,50243,13-08-2024 10:40
50243.45,50291.95,50226.6,50280.45,13-08-2024 10:45
50277.3,50313.95,50267.9,50305.65,13-08-2024 10:50
50306.95,50307.35,50262.7,50291.15,13-08-2024 10:55
50284.85,50301.25,50269.5,50290.9,13-08-2024 11:00
50290.5,50304.4,50257.25,50263.5,13-08-2024 11:05
50260.9,50306.35,50251.15,50299.85,13-08-2024 11:10
50298.35,50317.5,50264.65,50313.35,13-08-2024 11:15
50308.9,50341.95,50284.25,50285.85,13-08-2024 11:20
50288.65,50329.45,50277.15,50319.1,13-08-2024 11:25
50319.55,50324.95,50293.1,50298.15,13-08-2024 11:30
50292.5,50340.3,50289.8,50330.05,13-08-2024 11:35
50327.4,50332.8,50294.45,50320.65,13-08-2024 11:40
50320.1,50330,50307.4,50317.65,13-08-2024 11:45
50317,50344,50307.25,50322.15,13-08-2024 11:50
50321.85,50335.1,50311.4,50324.8,13-08-2024 11:55
50319.65,50334.5,50200.95,50219.2,13-08-2024 12:00
50215.65,50271.45,50210,50254,13-08-2024 12:05
50251.45,50282.45,50245.85,50260.8,13-08-2024 12:10
50260.4,50268.55,50227.15,50249.85,13-08-2024 12:15
50248.45,50254.65,50222.25,50227.4,13-08-2024 12:20
50225.3,50261.65,50224.6,50252.9,13-08-2024 12:25
50251.2,50256.75,50129.65,50163.95,13-08-2024 12:30
50166.3,50195.15,50151.1,50170.45,13-08-2024 12:35
50171.1,50182.9,50128.15,50144.8,13-08-2024 12:40
50138.05,50157.85,50002.3,50067.45,13-08-2024 12:45
50066.2,50093.3,50049.05,50072.5,13-08-2024 12:50
50075.6,50092.35,50044.9,50045.65,13-08-2024 12:55
50047.05,50074.75,50020.8,50025.5,13-08-2024 13:00
50027.85,50069.8,50017.55,50034.55,13-08-2024 13:05
50034.6,50040.8,49992.65,50036.65,13-08-2024 13:10
50037.2,50095.15,50028.25,50089.85,13-08-2024 13:15
50087.7,50094,50047.65,50090.65,13-08-2024 13:20
50087,50110.65,50079.6,50088.8,13-08-2024 13:25
50085.8,50103.4,50071.9,50081.15,13-08-2024 13:30
50081.05,50118.9,50055.4,50118.9,13-08-2024 13:35
50119.65,50129.25,50037.25,50050.4,13-08-2024 13:40
50044.05,50078.2,50036.5,50074.2,13-08-2024 13:45
50071.6,50087.9,50016.5,50020.2,13-08-2024 13:50
50022.05,50041.5,49991,50006.75,13-08-2024 13:55
50004.05,50061.4,49988.9,50000.35,13-08-2024 14:00
49998.45,50001.85,49883.75,49887.95,13-08-2024 14:05
49893.5,49965.2,49877.3,49961.9,13-08-2024 14:10
49961.65,49970.1,49917.95,49962.7,13-08-2024 14:15
49962.4,49967.55,49919.9,49930.8,13-08-2024 14:20
49931.6,49942.75,49896.45,49927.45,13-08-2024 14:25
49924.85,49942.05,49845.15,49881.5,13-08-2024 14:30
49877.85,49915,49870.8,49871.9,13-08-2024 14:35
49871.85,49879.5,49824.35,49835.85,13-08-2024 14:40
49837.9,49851.1,49794.7,49826.05,13-08-2024 14:45
49824.65,49905.6,49824.65,49879.85,13-08-2024 14:50
49874.95,49878.15,49804.15,49813.3,13-08-2024 14:55
49812.5,49856,49803.6,49849.55,13-08-2024 15:00
49852.1,49866.15,49825.7,49852.4,13-08-2024 15:05
49857.5,49865.15,49799.95,49803.8,13-08-2024 15:10
49805.55,49851.9,49785.1,49823.5,13-08-2024 15:15
49828.9,49863.6,49810.1,49831.8,13-08-2024 15:20
49830.9,49868.45,49829.8,49853.7,13-08-2024 15:25
49887.15,49959.25,49771.3,49795.75,14-08-2024 09:15
49794.9,49801.85,49709.6,49714.9,14-08-2024 09:20
49714.25,49746.85,49683.5,49701.15,14-08-2024 09:25
49692.8,49782.8,49654.65,49763.6,14-08-2024 09:30
49763.15,49812.85,49738.5,49776.8,14-08-2024 09:35
49779.15,49830.85,49771.65,49787.05,14-08-2024 09:40
49783.95,49884.9,49783.95,49843.95,14-08-2024 09:45
49843.85,49882.3,49752.05,49755.9,14-08-2024 09:50
49757.7,49759.2,49723.45,49744.25,14-08-2024 09:55
49742.8,49782.25,49714.45,49760.3,14-08-2024 10:00
49762.4,49773.75,49723.5,49749,14-08-2024 10:05
49749.1,49755.55,49724.7,49728.05,14-08-2024 10:10
49728.4,49857.6,49703.25,49817.35,14-08-2024 10:15
49812.6,49822.4,49721.55,49734.1,14-08-2024 10:20
49734.65,49758.95,49723.6,49746.2,14-08-2024 10:25
49745.9,49820.05,49741.8,49804.8,14-08-2024 10:30
49804.65,49830.45,49785.75,49792.1,14-08-2024 10:35
49791.15,49821.05,49771.25,49814.15,14-08-2024 10:40
49816.1,49816.1,49766.6,49775.7,14-08-2024 10:45
49775.8,49787.25,49756.4,49771.45,14-08-2024 10:50
49770.6,49773.45,49738.25,49742.95,14-08-2024 10:55
49743.45,49761.95,49728.95,49730.3,14-08-2024 11:00
49732.5,49750.9,49715,49743.1,14-08-2024 11:05
49744.6,49755.6,49716.75,49726.55,14-08-2024 11:10
49725.35,49731.95,49683.35,49684.05,14-08-2024 11:15
49685.05,49727.05,49681,49716,14-08-2024 11:20
49715.9,49734.8,49711.25,49726.8,14-08-2024 11:25
49725.9,49738.95,49703.55,49734.05,14-08-2024 11:30
49733,49737.75,49708.7,49719.05,14-08-2024 11:35
49714.85,49735.3,49705.65,49718.95,14-08-2024 11:40
49719.3,49724.8,49696.7,49698.45,14-08-2024 11:45
49698.65,49739,49694.05,49725.5,14-08-2024 11:50
49727.45,49738.5,49716.05,49720.65,14-08-2024 11:55
49715.3,49755.6,49715.2,49742.3,14-08-2024 12:00
49740.3,49779.3,49727.9,49767.4,14-08-2024 12:05
49767.3,49777.05,49734.15,49756.15,14-08-2024 12:10
49754.85,49770.6,49725,49731.8,14-08-2024 12:15
49732.25,49734.65,49706.6,49724.8,14-08-2024 12:20
49724.8,49732.65,49709.9,49724.95,14-08-2024 12:25
49724.4,49727.6,49702.6,49709.5,14-08-2024 12:30
49709.45,49734.9,49708.95,49726.15,14-08-2024 12:35
49731.95,49736.15,49705.5,49728,14-08-2024 12:40
49728.95,49746.1,49721.75,49736.5,14-08-2024 12:45
49737.75,49761.75,49732.5,49759,14-08-2024 12:50
49759.9,49774.65,49750.6,49764.85,14-08-2024 12:55
49770.65,49773.85,49728.35,49739,14-08-2024 13:00
49738.2,49745.9,49729.9,49742.8,14-08-2024 13:05
49744.7,49767.5,49742.1,49752.2,14-08-2024 13:10
49754.95,49761.55,49715.5,49722.5,14-08-2024 13:15
49721.7,49739.05,49713.8,49722.6,14-08-2024 13:20
49726.15,49745.7,49710.35,49738.35,14-08-2024 13:25
49737.8,49752.35,49723,49725.3,14-08-2024 13:30
49725,49751.3,49722.3,49749.65,14-08-2024 13:35
49754.85,49757.4,49740.4,49742.45,14-08-2024 13:40
49742.3,49751.8,49729.8,49745.3,14-08-2024 13:45
49745,49746.05,49727.3,49728.25,14-08-2024 13:50
49728.65,49744.7,49703.5,49712.6,14-08-2024 13:55
49714.3,49729.3,49703.55,49717.55,14-08-2024 14:00
49717.25,49750.9,49707.9,49739.7,14-08-2024 14:05
49742.3,49800.4,49739.3,49763.55,14-08-2024 14:10
49761.4,49778.1,49740.9,49758,14-08-2024 14:15
49759.4,49764.95,49716.05,49733.05,14-08-2024 14:20
49735.15,49746.3,49719.95,49735.9,14-08-2024 14:25
49735.85,49761.95,49728.35,49759.65,14-08-2024 14:30
49759.15,49771.05,49714.25,49722.25,14-08-2024 14:35
49722.25,49743.05,49705.4,49729.25,14-08-2024 14:40
49742.1,49763.15,49727.55,49736.1,14-08-2024 14:45
49731.55,49755.1,49718.15,49747.9,14-08-2024 14:50
49743.6,49753.5,49719.25,49725.95,14-08-2024 14:55
49731.35,49739.9,49692.85,49730.75,14-08-2024 15:00
49728.3,49746.7,49707.7,49737.6,14-08-2024 15:05
49737,49747.25,49692.8,49701.35,14-08-2024 15:10
49702.5,49750.55,49697.05,49748,14-08-2024 15:15
49748.2,49755.8,49716.8,49723.7,14-08-2024 15:20
49722.45,49763.7,49718,49746.4,14-08-2024 15:25
50133,50199.4,50054.35,50190.25,16-08-2024 09:15
50188.55,50267.7,50164.75,50251.45,16-08-2024 09:20
50251,50290.3,50209.65,50240,16-08-2024 09:25
50237.75,50242.25,50171.3,50187.3,16-08-2024 09:30
50181.5,50199.75,50060.8,50094,16-08-2024 09:35
50096.2,50102,49970.6,50005.3,16-08-2024 09:40
50010.5,50017.05,49934.35,49989.25,16-08-2024 09:45
49990.45,50012.4,49901.7,49950.65,16-08-2024 09:50
49951.05,50012.65,49930.05,49940.9,16-08-2024 09:55
49934,50011.3,49873.9,50011.25,16-08-2024 10:00
50010.55,50020.3,49935.2,49950.9,16-08-2024 10:05
49952.15,49994.95,49927.85,49981.8,16-08-2024 10:10
49982.75,49998.05,49926.7,49945.4,16-08-2024 10:15
49943.65,49975.55,49914.25,49965.7,16-08-2024 10:20
49963.4,49978.75,49861.95,49874.9,16-08-2024 10:25
49876.5,49915.9,49806.05,49901.6,16-08-2024 10:30
49909.5,49914.05,49876.25,49896.6,16-08-2024 10:35
49893.75,49930.1,49858.25,49928.25,16-08-2024 10:40
49927.4,50007.35,49918.4,50002.85,16-08-2024 10:45
50005.1,50016.75,49972.2,49990.85,16-08-2024 10:50
49990.25,49991.8,49938.4,49953.45,16-08-2024 10:55
49955.9,49967.25,49931.75,49965.75,16-08-2024 11:00
49965.7,49966,49910.65,49916.35,16-08-2024 11:05
49922.55,49976.25,49914.8,49951,16-08-2024 11:10
49951.85,49982.1,49938.15,49966.3,16-08-2024 11:15
49967.45,50004.3,49963.5,49967.1,16-08-2024 11:20
49971.4,50112,49969.3,50102.2,16-08-2024 11:25
50102.7,50166.75,50097.85,50163.2,16-08-2024 11:30
50163.45,50179.9,50128.5,50148.7,16-08-2024 11:35
50147.75,50188.1,50139.25,50183.45,16-08-2024 11:40
50181.45,50268.05,50174.05,50231,16-08-2024 11:45
50231.35,50266.5,50205.15,50235.65,16-08-2024 11:50
50235.8,50286.25,50209.15,50275.45,16-08-2024 11:55
50279.9,50340.5,50264.6,50340.5,16-08-2024 12:00
50339.25,50401.6,50323.45,50394,16-08-2024 12:05
50395.85,50415.65,50346.4,50370.05,16-08-2024 12:10
50365.2,50400.7,50346.55,50356.75,16-08-2024 12:15
50352.55,50370.45,50291.8,50318.8,16-08-2024 12:20
50315.95,50357.45,50315.95,50342.8,16-08-2024 12:25
50338.25,50395.2,50338.25,50354.55,16-08-2024 12:30
50354.5,50411.05,50348.25,50395.55,16-08-2024 12:35
50397.1,50412.65,50357.5,50368,16-08-2024 12:40
50369.8,50388,50328.05,50361.7,16-08-2024 12:45
50360,50377.3,50342.2,50360.5,16-08-2024 12:50
50358.35,50385.25,50343.75,50363.85,16-08-2024 12:55
50363.45,50441.2,50355.2,50434.3,16-08-2024 13:00
50434.45,50442.4,50382.45,50398.05,16-08-2024 13:05
50397.05,50412.9,50372.05,50389.75,16-08-2024 13:10
50390.5,50425.55,50377.2,50416.45,16-08-2024 13:15
50410.4,50419.4,50377.2,50407,16-08-2024 13:20
50406.45,50428.2,50361,50390.35,16-08-2024 13:25
50387.05,50423.5,50381.65,50423.5,16-08-2024 13:30
50418.7,50486.5,50418.7,50472.95,16-08-2024 13:35
50473.75,50507.2,50468.25,50496.4,16-08-2024 13:40
50493.6,50597.3,50484.5,50566.1,16-08-2024 13:45
50562,50602.1,50557.35,50585.55,16-08-2024 13:50
50583.6,50590.85,50515.05,50545.7,16-08-2024 13:55
50545.8,50597.7,50539.4,50564.2,16-08-2024 14:00
50569.85,50603.4,50537.8,50596.35,16-08-2024 14:05
50593.15,50602.25,50567.35,50578.9,16-08-2024 14:10
50575.2,50580.55,50542.55,50564.9,16-08-2024 14:15
50563.45,50579.55,50518.7,50556.05,16-08-2024 14:20
50552.05,50561.25,50508.95,50531.1,16-08-2024 14:25
50525.95,50533.8,50452.6,50455.5,16-08-2024 14:30
50455.2,50516.25,50449.05,50463.85,16-08-2024 14:35
50466.3,50485,50432.85,50456.5,16-08-2024 14:40
50456.5,50491.65,50444.15,50455.55,16-08-2024 14:45
50453.3,50498.2,50438.35,50475.5,16-08-2024 14:50
50470.3,50493.65,50447.9,50485.1,16-08-2024 14:55
50484.65,50564.5,50470,50552.25,16-08-2024 15:00
50553.4,50553.4,50500,50546.1,16-08-2024 15:05
50546.25,50553.3,50518,50529.3,16-08-2024 15:10
50534.15,50541.55,50499.1,50506.45,16-08-2024 15:15
50509.95,50513.55,50484.8,50491.8,16-08-2024 15:20
50489.6,50530.5,50487.3,50510.95,16-08-2024 15:25
50683.55,50728.25,50597.5,50646.15,19-08-2024 09:15
50632.7,50670.15,50595.6,50617.9,19-08-2024 09:20
50618.65,50637.3,50556.65,50562.7,19-08-2024 09:25
50567.85,50673.9,50563.45,50627.1,19-08-2024 09:30
50628.3,50646.9,50563.1,50589.7,19-08-2024 09:35
50590.55,50651.55,50587.95,50617.4,19-08-2024 09:40
50615.45,50660.15,50558.05,50577.55,19-08-2024 09:45
50576.95,50595.15,50453.65,50460.05,19-08-2024 09:50
50458.4,50485.75,50432.4,50479.2,19-08-2024 09:55
50479.2,50516,50451.15,50472.8,19-08-2024 10:00
50472.6,50502.45,50412,50443.85,19-08-2024 10:05
50440.3,50453.65,50386.1,50406.55,19-08-2024 10:10
50407.25,50446,50395.35,50414.05,19-08-2024 10:15
50413.4,50439.7,50376.25,50395.55,19-08-2024 10:20
50396.25,50413.05,50361.85,50408.45,19-08-2024 10:25
50408.7,50490.75,50408.7,50427.95,19-08-2024 10:30
50428.55,50483.4,50427.4,50469.1,19-08-2024 10:35
50471.7,50487.35,50452.05,50470,19-08-2024 10:40
50465.4,50474.8,50410.4,50424.25,19-08-2024 10:45
50424.9,50439.4,50410.15,50419.7,19-08-2024 10:50
50420.35,50448.35,50414.05,50432.7,19-08-2024 10:55
50436,50450.6,50379.6,50415.35,19-08-2024 11:00
50416.5,50436.4,50396.9,50405.85,19-08-2024 11:05
50406.55,50433.45,50398.7,50423.8,19-08-2024 11:10
50423.8,50532.5,50418.65,50498.95,19-08-2024 11:15
50498.45,50573.1,50496.5,50536,19-08-2024 11:20
50536.35,50559.1,50500.75,50558.2,19-08-2024 11:25
50555.55,50585.9,50534.15,50543.1,19-08-2024 11:30
50542.45,50580.8,50520.1,50533.15,19-08-2024 11:35
50532.6,50552.3,50522.5,50533.95,19-08-2024 11:40
50533.15,50548.55,50501.7,50521.05,19-08-2024 11:45
50519.4,50529.8,50500.9,50525.4,19-08-2024 11:50
50517.2,50549.8,50517.2,50543.95,19-08-2024 11:55
50547.5,50554,50452.85,50504.35,19-08-2024 12:00
50502.45,50507.45,50469.8,50482.45,19-08-2024 12:05
50476.4,50476.4,50407.05,50453.45,19-08-2024 12:10
50453.45,50467.25,50435.45,50453,19-08-2024 12:15
50452.65,50463.3,50340.65,50406.5,19-08-2024 12:20
50406.45,50412.45,50370.15,50370.7,19-08-2024 12:25
50373.35,50398.35,50350.1,50375.2,19-08-2024 12:30
50373.1,50410.8,50363.55,50405.1,19-08-2024 12:35
50404.3,50427.4,50384.7,50392.9,19-08-2024 12:40
50391.8,50429.95,50385.9,50420.35,19-08-2024 12:45
50421.9,50444.15,50407.05,50435.5,19-08-2024 12:50
50434.95,50434.95,50383.25,50394.15,19-08-2024 12:55
50393.9,50429.6,50392.45,50412.65,19-08-2024 13:00
50412.65,50427.75,50380.3,50386.15,19-08-2024 13:05
50386.15,50410.9,50382.45,50408.75,19-08-2024 13:10
50408.7,50470.9,50406.3,50450.7,19-08-2024 13:15
50450.45,50456.45,50376.1,50393.85,19-08-2024 13:20
50393.45,50402.3,50358.25,50359.75,19-08-2024 13:25
50359.45,50393.15,50358.45,50382.9,19-08-2024 13:30
50384.45,50390.45,50331.9,50355.5,19-08-2024 13:35
50352.75,50361,50302.3,50326.15,19-08-2024 13:40
50325.95,50349.5,50298.65,50349.4,19-08-2024 13:45
50349.1,50360.6,50333.2,50350.1,19-08-2024 13:50
50351.95,50354.05,50315.3,50321.9,19-08-2024 13:55
50322.55,50342.45,50303.25,50328.9,19-08-2024 14:00
50328.4,50363.75,50324.7,50362.15,19-08-2024 14:05
50361.95,50366,50318.2,50330.75,19-08-2024 14:10
50334.1,50359.5,50326.3,50340.95,19-08-2024 14:15
50340.2,50366.55,50324.95,50360.05,19-08-2024 14:20
50360.5,50385.65,50351.05,50381.1,19-08-2024 14:25
50375.45,50394.8,50350.8,50390,19-08-2024 14:30
50389.35,50413.2,50369.75,50387.45,19-08-2024 14:35
50387.55,50398.3,50361.3,50374.5,19-08-2024 14:40
50373.65,50382.6,50350.05,50355.2,19-08-2024 14:45
50351.55,50377.55,50349.35,50358.7,19-08-2024 14:50
50360.25,50373,50319.3,50322.15,19-08-2024 14:55
50324.95,50326.85,50283.55,50324.8,19-08-2024 15:00
50318.95,50348.5,50307.2,50345,19-08-2024 15:05
50340.95,50389.5,50325.15,50359.05,19-08-2024 15:10
50356.9,50427.5,50356.65,50420.65,19-08-2024 15:15
50424.6,50431.5,50398.1,50411.3,19-08-2024 15:20
50416.7,50432.3,50409.15,50418.85,19-08-2024 15:25
50417.25,50504,50409.65,50429.35,20-08-2024 09:15
50433.25,50473.75,50419.95,50430.15,20-08-2024 09:20
50430.2,50473.15,50398.6,50443.75,20-08-2024 09:25
50444.2,50524.55,50439,50515.2,20-08-2024 09:30
50513.3,50603.5,50503.05,50592.75,20-08-2024 09:35
50593.05,50672.7,50588.55,50662.05,20-08-2024 09:40
50660,50696.3,50618.5,50692.45,20-08-2024 09:45
50685.9,50696.45,50654.2,50674.2,20-08-2024 09:50
50675.8,50741.4,50625.85,50731.15,20-08-2024 09:55
50729.45,50759,50708.55,50748.95,20-08-2024 10:00
50743.7,50778.05,50716.35,50749.75,20-08-2024 10:05
50755.05,50807.1,50738.6,50785,20-08-2024 10:10
50788.95,50790.05,50753.4,50771.35,20-08-2024 10:15
50769.2,50779.8,50721.25,50750.65,20-08-2024 10:20
50750.1,50786,50740.8,50778.55,20-08-2024 10:25
50779.3,50850.45,50771,50841.45,20-08-2024 10:30
50844.25,50857.6,50801.15,50820.5,20-08-2024 10:35
50822,50830.5,50773.45,50776.6,20-08-2024 10:40
50777.9,50786.85,50751.8,50785.9,20-08-2024 10:45
50785.5,50785.5,50728.05,50754.7,20-08-2024 10:50
50754.75,50777.05,50731.2,50752.35,20-08-2024 10:55
50749.25,50762.4,50735.7,50746.2,20-08-2024 11:00
50752.45,50827.4,50744.65,50807,20-08-2024 11:05
50811.35,50911.7,50806,50894.05,20-08-2024 11:10
50893.75,50926.35,50873.05,50902.15,20-08-2024 11:15
50902.6,50956.15,50889.25,50947.9,20-08-2024 11:20
50948.45,50959.05,50902.9,50913.2,20-08-2024 11:25
50912.95,50929.95,50905.05,50921.9,20-08-2024 11:30
50923.75,50927.4,50861.8,50866.6,20-08-2024 11:35
50866.7,50912.35,50864.8,50894.9,20-08-2024 11:40
50891.05,50943.3,50891.05,50916.15,20-08-2024 11:45
50915.9,50949.3,50903.8,50922.4,20-08-2024 11:50
50922.05,50945.5,50918.7,50933.85,20-08-2024 11:55
50933.45,50936.25,50915.6,50930.25,20-08-2024 12:00
50934.1,50949.5,50919.8,50936.1,20-08-2024 12:05
50933.9,50948.75,50927.65,50942.55,20-08-2024 12:10
50945.6,50979.25,50938.5,50971.55,20-08-2024 12:15
50972.5,50991.3,50958.15,50970,20-08-2024 12:20
50964.7,50975.6,50947.6,50951.5,20-08-2024 12:25
50953,50984.85,50951.35,50978.1,20-08-2024 12:30
50974.1,50994.9,50935.65,50944.05,20-08-2024 12:35
50943.6,50949.9,50908.65,50923.8,20-08-2024 12:40
50920.35,50957.55,50914.6,50947.95,20-08-2024 12:45
50947.4,50998.55,50942.55,50991.25,20-08-2024 12:50
50990.55,51025.6,50979.75,51013.2,20-08-2024 12:55
51012.45,51017.6,50962.2,50984.2,20-08-2024 13:00
50983,50998.1,50958.6,50994.6,20-08-2024 13:05
50993.7,51004.85,50979.35,50999.85,20-08-2024 13:10
50998.8,51003.7,50960.35,50979.85,20-08-2024 13:15
50980.75,50981.35,50940.2,50957.65,20-08-2024 13:20
50953.05,50962.7,50925.7,50940.1,20-08-2024 13:25
50938.35,50945.8,50917.35,50937.75,20-08-2024 13:30
50940.45,50969,50926.25,50956.5,20-08-2024 13:35
50950.25,50963.75,50937.9,50945.1,20-08-2024 13:40
50950.2,50952.7,50925.05,50939.1,20-08-2024 13:45
50937.95,50954.8,50928.75,50941.55,20-08-2024 13:50
50941.8,50966.3,50938.95,50950,20-08-2024 13:55
50952.3,50964.8,50915.85,50930.35,20-08-2024 14:00
50930.35,50952.8,50919.25,50943.55,20-08-2024 14:05
50949.05,50949.45,50917.55,50926.1,20-08-2024 14:10
50927.1,50929.3,50893.75,50910.55,20-08-2024 14:15
50912.25,50915.65,50857.8,50874.7,20-08-2024 14:20
50874.4,50914.25,50853.8,50908.75,20-08-2024 14:25
50907.15,50924.05,50898.5,50910.2,20-08-2024 14:30
50910.9,50928.6,50900.05,50919.8,20-08-2024 14:35
50915.7,50928.75,50899.55,50927.85,20-08-2024 14:40
50923.6,50942.5,50919.15,50933.7,20-08-2024 14:45
50932.45,50936.65,50900.7,50909.2,20-08-2024 14:50
50908.5,50936.7,50882.6,50909.3,20-08-2024 14:55
50905.4,50905.4,50828.9,50871.65,20-08-2024 15:00
50866.4,50869.5,50781.3,50799.25,20-08-2024 15:05
50802.05,50825.75,50772.65,50773.9,20-08-2024 15:10
50775.2,50803.4,50765.35,50793.85,20-08-2024 15:15
50788.05,50794.85,50761.4,50766.8,20-08-2024 15:20
50764.85,50767.65,50709.4,50719.1,20-08-2024 15:25
50666.65,50764.45,50645.3,50715.9,21-08-2024 09:15
50713.15,50729.25,50627.5,50629.75,21-08-2024 09:20
50635.2,50648.7,50552.5,50559.75,21-08-2024 09:25
50561.4,50566.1,50469.45,50536.9,21-08-2024 09:30
50540.05,50553.75,50458.2,50498.45,21-08-2024 09:35
50499.25,50530.4,50446.25,50492.9,21-08-2024 09:40
50495.45,50560.85,50476.55,50560.85,21-08-2024 09:45
50558.85,50566.35,50421.65,50427.45,21-08-2024 09:50
50429.75,50492.85,50422.6,50477.15,21-08-2024 09:55
50466.25,50492.7,50457.1,50479.5,21-08-2024 10:00
50478.15,50520.25,50463.85,50489.25,21-08-2024 10:05
50479.1,50528.5,50473.8,50504.85,21-08-2024 10:10
50505.35,50549.6,50498.85,50539.2,21-08-2024 10:15
50534.15,50604.5,50530.05,50590.05,21-08-2024 10:20
50586.8,50613.8,50558.3,50585.5,21-08-2024 10:25
50586.45,50597.3,50559.8,50576.5,21-08-2024 10:30
50575.5,50581,50505.4,50510.2,21-08-2024 10:35
50508.9,50547.55,50499.05,50523.3,21-08-2024 10:40
50526.3,50541.4,50506.45,50540.85,21-08-2024 10:45
50540.8,50542.5,50504.45,50519.8,21-08-2024 10:50
50521,50548.35,50514.45,50527.8,21-08-2024 10:55
50527.55,50536.6,50512.75,50525.55,21-08-2024 11:00
50527.65,50529.05,50389.05,50393.95,21-08-2024 11:05
50394.2,50422.4,50343.85,50414,21-08-2024 11:10
50412.05,50438.3,50409.8,50434.65,21-08-2024 11:15
50434.05,50568.35,50430.25,50566.05,21-08-2024 11:20
50569.65,50690.65,50568.95,50645.45,21-08-2024 11:25
50643.75,50648.65,50588.6,50590.95,21-08-2024 11:30
50592.05,50598,50519.05,50526.95,21-08-2024 11:35
50523.4,50525.95,50441.1,50479.65,21-08-2024 11:40
50476.85,50502.55,50446.4,50495.25,21-08-2024 11:45
50495,50522.75,50469,50512.35,21-08-2024 11:50
50509.95,50536.05,50490.85,50501.65,21-08-2024 11:55
50491.7,50598.7,50490.1,50561.85,21-08-2024 12:00
50570.95,50607.2,50542.45,50551.85,21-08-2024 12:05
50551.15,50571.05,50535.05,50561.4,21-08-2024 12:10
50563.5,50578,50538.05,50556.5,21-08-2024 12:15
50560.9,50605.2,50543.05,50579.5,21-08-2024 12:20
50579.4,50590.05,50512.6,50537.3,21-08-2024 12:25
50534.95,50552.65,50518.3,50543.95,21-08-2024 12:30
50544.95,50548.05,50502.65,50507.6,21-08-2024 12:35
50505.35,50534,50489.9,50504.8,21-08-2024 12:40
50504.85,50531.5,50482.45,50526.25,21-08-2024 12:45
50532.5,50548.15,50504.3,50508.25,21-08-2024 12:50
50514.55,50526.05,50487,50499.8,21-08-2024 12:55
50499.45,50511.5,50468.35,50483.6,21-08-2024 13:00
50482.6,50508.75,50464.9,50480.85,21-08-2024 13:05
50475.95,50512.95,50470.3,50507.65,21-08-2024 13:10
50507.25,50509.65,50333.35,50366.6,21-08-2024 13:15
50367.4,50417.75,50348.4,50375.8,21-08-2024 13:20
50382.95,50420.8,50352.5,50413.05,21-08-2024 13:25
50418.45,50438.8,50373.1,50382.15,21-08-2024 13:30
50382.35,50438.8,50375.5,50407.1,21-08-2024 13:35
50406.8,50427.35,50381.75,50422.6,21-08-2024 13:40
50421.55,50447.95,50412.5,50447.95,21-08-2024 13:45
50446.2,50456.15,50415.5,50450.25,21-08-2024 13:50
50449.85,50470.55,50421.75,50440.6,21-08-2024 13:55
50441.4,50491.35,50414.75,50485.65,21-08-2024 14:00
50486.45,50494.1,50453.4,50468.15,21-08-2024 14:05
50466.7,50508.95,50450.4,50491.45,21-08-2024 14:10
50491,50491.05,50420.75,50444.25,21-08-2024 14:15
50443.45,50467.25,50428.85,50446.85,21-08-2024 14:20
50446.65,50460.9,50419.65,50450.2,21-08-2024 14:25
50449.15,50451.8,50392.2,50407.6,21-08-2024 14:30
50409.35,50445.75,50404.95,50429.7,21-08-2024 14:35
50429.25,50508.5,50418.85,50504.25,21-08-2024 14:40
50502.8,50590.05,50502.8,50552.65,21-08-2024 14:45
50550.05,50644.1,50538.75,50625.65,21-08-2024 14:50
50616.8,50661.65,50577.45,50658.45,21-08-2024 14:55
50658.25,50718.75,50618.8,50662.2,21-08-2024 15:00
50662.1,50714.2,50630.45,50682,21-08-2024 15:05
50677.2,50692.4,50610.35,50681.65,21-08-2024 15:10
50684.1,50727.7,50661.75,50719.05,21-08-2024 15:15
50713.9,50766.8,50709.7,50752.1,21-08-2024 15:20
50750.3,50772.45,50711.85,50737.7,21-08-2024 15:25
50894.8,50926.75,50834.25,50847.05,22-08-2024 09:15
50849.75,50863.1,50807.6,50816.15,22-08-2024 09:20
50816.95,50908.4,50794.45,50908.4,22-08-2024 09:25
50912.9,50935.6,50870.15,50905.4,22-08-2024 09:30
50905.45,51012.6,50898.55,50955.3,22-08-2024 09:35
50955.4,50984.1,50939,50946.9,22-08-2024 09:40
50947.35,50947.35,50865.1,50870.55,22-08-2024 09:45
50872.9,50884.75,50838.45,50867.55,22-08-2024 09:50
50867.6,50923.6,50846.9,50920.3,22-08-2024 09:55
50924.15,50947.95,50874.25,50882.75,22-08-2024 10:00
50884.5,50918,50875.2,50904.9,22-08-2024 10:05
50904.8,50922.2,50874.8,50918.7,22-08-2024 10:10
50918.75,50921.5,50892,50896.6,22-08-2024 10:15
50896.6,50915.85,50880.2,50908.25,22-08-2024 10:20
50907.85,50943.65,50902.55,50923.35,22-08-2024 10:25
50923.7,50978.95,50913.2,50962.35,22-08-2024 10:30
50962.35,50983.4,50947.8,50951.95,22-08-2024 10:35
50952.05,50966.75,50938.9,50950,22-08-2024 10:40
50945.45,50967,50929.85,50945.5,22-08-2024 10:45
50945.55,50954.15,50902.45,50922.7,22-08-2024 10:50
50922.9,50932.2,50904.85,50922.3,22-08-2024 10:55
50922.1,50927.2,50887.8,50908.55,22-08-2024 11:00
50911.1,50916.9,50899.75,50913.05,22-08-2024 11:05
50913.3,50920.95,50891.9,50915.85,22-08-2024 11:10
50915.7,50929.4,50890.05,50891.35,22-08-2024 11:15
50895.1,50909.05,50886.2,50905.5,22-08-2024 11:20
50905.3,50938.55,50898.15,50938.25,22-08-2024 11:25
50933.95,50947.4,50928.6,50936.45,22-08-2024 11:30
50936.25,50976.9,50935.3,50962.55,22-08-2024 11:35
50966.6,51042.45,50963.7,51004.6,22-08-2024 11:40
51004.85,51013.4,50969,50974.95,22-08-2024 11:45
50976.55,51004.15,50970.65,50996.2,22-08-2024 11:50
50997,50997.95,50980.15,50992.8,22-08-2024 11:55
50995,51005.35,50984.55,50990.85,22-08-2024 12:00
50993.05,51020.85,50991.35,51010.95,22-08-2024 12:05
51014,51014,50959.65,50972.65,22-08-2024 12:10
50973.95,50993.7,50961.05,50988.8,22-08-2024 12:15
50991.65,51018.15,50987.6,51011.85,22-08-2024 12:20
51016.35,51030.5,50983.2,50985.1,22-08-2024 12:25
50986.25,51001.95,50981.4,50997.8,22-08-2024 12:30
50997,51012.8,50989.1,50999.55,22-08-2024 12:35
50999.7,51027.5,50999.7,51005,22-08-2024 12:40
51010.8,51032.8,51003.75,51029.85,22-08-2024 12:45
51032.1,51060.7,51027.15,51056.95,22-08-2024 12:50
51059.25,51066,51023.05,51035.75,22-08-2024 12:55
51038.05,51050,50962.9,50983.1,22-08-2024 13:00
50981.65,51010.95,50977.35,50997.7,22-08-2024 13:05
50998.45,51019.75,50987.5,51019.75,22-08-2024 13:10
51017.3,51041.95,51015.05,51036.65,22-08-2024 13:15
51038,51043.15,51011.5,51021.9,22-08-2024 13:20
51020.15,51024.45,50994.35,51001.1,22-08-2024 13:25
50998.9,51029.1,50993.15,51024.1,22-08-2024 13:30
51024.25,51036.5,51012.45,51032.55,22-08-2024 13:35
51033.15,51061.25,51028.3,51060.7,22-08-2024 13:40
51061.4,51080,51056.6,51073.05,22-08-2024 13:45
51069.55,51074.95,51010.4,51015.6,22-08-2024 13:50
51019.65,51035.3,51006.05,51019.55,22-08-2024 13:55
51020.55,51026.1,50998.9,51012.9,22-08-2024 14:00
51012.2,51012.2,50974.45,50990.15,22-08-2024 14:05
50990.25,51031.9,50985.25,51017.4,22-08-2024 14:10
51018.3,51030.6,50993.85,51006.85,22-08-2024 14:15
51006.8,51010.25,50990.65,50991.15,22-08-2024 14:20
50991.5,51001.2,50958.75,50972.25,22-08-2024 14:25
50975.45,50978.1,50910.9,50953.7,22-08-2024 14:30
50957.5,51001.35,50951.75,50989.2,22-08-2024 14:35
50990.25,51004.35,50978.95,50986.25,22-08-2024 14:40
50987.2,50994.45,50968.1,50981.9,22-08-2024 14:45
50982.35,50991.65,50967.8,50975.75,22-08-2024 14:50
50976.9,50991.25,50961.9,50987.6,22-08-2024 14:55
50988.75,51012.25,50946.5,51001.75,22-08-2024 15:00
51003.85,51005.75,50968.5,51001.1,22-08-2024 15:05
50998.05,51007.85,50978.65,51002.45,22-08-2024 15:10
51001.65,51004.2,50981.95,50998.9,22-08-2024 15:15
50998.3,51003.55,50979.25,50985.4,22-08-2024 15:20
50985.55,50993.7,50941.55,50952.65,22-08-2024 15:25
51040.05,51117.85,50858.45,50914.3,23-08-2024 09:15
50918,51001.95,50879.3,51001.95,23-08-2024 09:20
51004,51027.55,50980,50992.15,23-08-2024 09:25
50992.35,51000.6,50933.1,50974.7,23-08-2024 09:30
50981.35,50983.05,50873.15,50883.5,23-08-2024 09:35
50886.9,50912.4,50856.7,50892.95,23-08-2024 09:40
50892.45,50952.5,50883.8,50948.9,23-08-2024 09:45
50949.25,51016.45,50941.05,51007.35,23-08-2024 09:50
51008.1,51098.5,51002.45,51051.8,23-08-2024 09:55
51055.55,51062,51011.35,51021.65,23-08-2024 10:00
51020.9,51043.05,50984.15,51001.7,23-08-2024 10:05
51001.25,51011.3,50941.7,50960.6,23-08-2024 10:10
50962.9,50972.95,50925.65,50945.4,23-08-2024 10:15
50945.8,50990.5,50942.6,50966.9,23-08-2024 10:20
50965.15,51004.15,50954.35,50992,23-08-2024 10:25
50991.8,51019.35,50969.35,50992.35,23-08-2024 10:30
50993.6,51004.85,50973.2,50997.75,23-08-2024 10:35
50996.2,51017.45,50984.95,51011.95,23-08-2024 10:40
51010.7,51047.25,50998.1,51013.55,23-08-2024 10:45
51011.25,51012.85,50960.45,50966.45,23-08-2024 10:50
50965.7,51003.15,50959.2,50996.15,23-08-2024 10:55
50992.8,51030.7,50992.8,51026.1,23-08-2024 11:00
51024.4,51040.25,51008,51024.3,23-08-2024 11:05
51023.4,51039.25,51004.15,51007.1,23-08-2024 11:10
51008.05,51033.65,50999.95,51031.9,23-08-2024 11:15
51030.9,51047.8,51026.35,51046.4,23-08-2024 11:20
51045.5,51048.2,51009.6,51018.8,23-08-2024 11:25
51018.35,51021.15,50991.15,51001.75,23-08-2024 11:30
51003.85,51019.5,50992.55,51009.95,23-08-2024 11:35
51006.45,51037,51005.75,51022.35,23-08-2024 11:40
51022.1,51033.95,51009.9,51020.55,23-08-2024 11:45
51020.2,51023,50976.65,50984.75,23-08-2024 11:50
50984.3,51006.05,50980.5,50999.75,23-08-2024 11:55
50996.35,51014,50991.75,51012.9,23-08-2024 12:00
51013.2,51022.5,51005.1,51015.7,23-08-2024 12:05
51016.15,51020.75,50990.3,50998.8,23-08-2024 12:10
50998.35,51004.05,50981.85,50993.95,23-08-2024 12:15
50995.85,51007.35,50990.3,50998.6,23-08-2024 12:20
50998.1,50998.5,50962.45,50985.5,23-08-2024 12:25
50985.05,50994.7,50974.05,50987.4,23-08-2024 12:30
50986.85,51003.65,50984.85,50989.95,23-08-2024 12:35
50986.6,50992.8,50963.25,50981.8,23-08-2024 12:40
50981.7,50991.55,50970.25,50980.1,23-08-2024 12:45
50979.85,50990.7,50964.9,50983.15,23-08-2024 12:50
50983.05,51008.05,50977.15,51006.8,23-08-2024 12:55
51002.95,51007.8,50986,50999.5,23-08-2024 13:00
50999.95,51008.8,50993.4,51006.55,23-08-2024 13:05
51005.65,51031.15,50997.55,51018.15,23-08-2024 13:10
51015,51018.15,50979.55,50992.8,23-08-2024 13:15
50993.35,51005.2,50984.6,50994.4,23-08-2024 13:20
50995.95,50998.55,50982.55,50986.75,23-08-2024 13:25
50989.35,50992.9,50964.1,50974.05,23-08-2024 13:30
50968.5,50978.85,50948.95,50958.3,23-08-2024 13:35
50958.1,51006,50952.05,51000.95,23-08-2024 13:40
51000.1,51002.45,50973.75,50991.4,23-08-2024 13:45
50989.65,50997.35,50951.55,50953.3,23-08-2024 13:50
50953.75,50980.8,50930.55,50973.45,23-08-2024 13:55
50976.75,50985.7,50949.2,50963.95,23-08-2024 14:00
50964.1,50968.95,50947.7,50950.6,23-08-2024 14:05
50951.55,50972.35,50938.6,50958.9,23-08-2024 14:10
50958.5,50992.1,50948.65,50983.5,23-08-2024 14:15
50983,51006.7,50970.55,51004.65,23-08-2024 14:20
51004.45,51017.15,50987.1,50996.45,23-08-2024 14:25
50989.4,51017.75,50983.05,51002.1,23-08-2024 14:30
51000.2,51011.7,50977.35,50983.8,23-08-2024 14:35
50983.95,50989.65,50966.45,50975.05,23-08-2024 14:40
50978.85,50982.85,50953.75,50964.35,23-08-2024 14:45
50964,50976.65,50926.25,50964.6,23-08-2024 14:50
50962.6,50966.15,50942.5,50955.45,23-08-2024 14:55
50956.55,50979.3,50888.95,50976.75,23-08-2024 15:00
50974.55,50989,50906.95,50954.9,23-08-2024 15:05
50951.65,50961.35,50916,50922.15,23-08-2024 15:10
50922.15,50939.4,50904.2,50929.05,23-08-2024 15:15
50929.3,50954.9,50920.2,50924.65,23-08-2024 15:20
50924.45,50965.3,50923.85,50961.35,23-08-2024 15:25
51100.65,51148.25,51062.85,51110.6,26-08-2024 09:15
51108.25,51155.9,51061.55,51152.45,26-08-2024 09:20
51153.35,51201.3,51152.45,51192.85,26-08-2024 09:25
51198.45,51234.65,51164.35,51230.1,26-08-2024 09:30
51229.6,51247.45,51199.9,51242.1,26-08-2024 09:35
51243.9,51259.7,51195.95,51248.05,26-08-2024 09:40
51246.45,51293.3,51206.9,51252.55,26-08-2024 09:45
51254.35,51265.6,51221.2,51259.85,26-08-2024 09:50
51257.6,51273.7,51230.1,51256.25,26-08-2024 09:55
51257.8,51264.5,51225.7,51249.3,26-08-2024 10:00
51250.2,51283,51232.45,51276.6,26-08-2024 10:05
51277.75,51313,51277.75,51295.65,26-08-2024 10:10
51296.55,51317.85,51273.5,51294.1,26-08-2024 10:15
51294.75,51298.05,51261.35,51281.45,26-08-2024 10:20
51276.6,51284.85,51251.25,51254.7,26-08-2024 10:25
51254.75,51257.65,51202.55,51222.2,26-08-2024 10:30
51218.8,51244.85,51197.5,51243.75,26-08-2024 10:35
51243.15,51256.9,51221.8,51235.55,26-08-2024 10:40
51234.2,51236.45,51207,51211.95,26-08-2024 10:45
51212.75,51213.65,51148.5,51161.1,26-08-2024 10:50
51163.35,51212.35,51156.25,51205.2,26-08-2024 10:55
51204.4,51217.45,51170.45,51174.9,26-08-2024 11:00
51174.4,51203.1,51166.4,51201.3,26-08-2024 11:05
51197,51213.45,51191.35,51204.2,26-08-2024 11:10
51205.3,51235.9,51200.95,51218.25,26-08-2024 11:15
51216.5,51225.65,51202.6,51205.4,26-08-2024 11:20
51207.45,51221.65,51204.05,51210.7,26-08-2024 11:25
51209.4,51228.7,51204.45,51224.95,26-08-2024 11:30
51221.35,51247.35,51213.05,51240.15,26-08-2024 11:35
51239.65,51249.35,51222,51229.05,26-08-2024 11:40
51228.9,51233.55,51209.55,51224,26-08-2024 11:45
51225.35,51230.85,51212.3,51218.3,26-08-2024 11:50
51218,51220.55,51190,51220.55,26-08-2024 11:55
51220.1,51232,51207.55,51216.8,26-08-2024 12:00
51216.9,51223.45,51188.1,51204.8,26-08-2024 12:05
51202.85,51214.25,51184.7,51204.3,26-08-2024 12:10
51204.7,51221,51185.9,51210.05,26-08-2024 12:15
51210.65,51228.2,51201.05,51203.35,26-08-2024 12:20
51202.5,51220.75,51194,51212.5,26-08-2024 12:25
51212,51231.85,51204.6,51228,26-08-2024 12:30
51232.4,51235.35,51207.95,51225.9,26-08-2024 12:35
51225.25,51279.9,51203.6,51208.05,26-08-2024 12:40
51208.05,51239.85,51208.05,51225.15,26-08-2024 12:45
51225.15,51235.85,51217.8,51227,26-08-2024 12:50
51228,51244.95,51222.6,51235.35,26-08-2024 12:55
51237.85,51244.15,51232.35,51237.95,26-08-2024 13:00
51237.9,51237.9,51202.2,51221.15,26-08-2024 13:05
51220.95,51230.55,51199.5,51222.7,26-08-2024 13:10
51220.75,51229.15,51194.7,51208.4,26-08-2024 13:15
51205.35,51222.5,51198.8,51216.2,26-08-2024 13:20
51215,51228.95,51201.05,51216,26-08-2024 13:25
51218.95,51220.8,51195.05,51205.75,26-08-2024 13:30
51209.45,51220.9,51194.95,51213.95,26-08-2024 13:35
51214.35,51251.3,51204.85,51239.3,26-08-2024 13:40
51239.15,51250.25,51222.3,51239.1,26-08-2024 13:45
51238.45,51241.4,51220.95,51227.7,26-08-2024 13:50
51230.8,51244.65,51226.65,51240.15,26-08-2024 13:55
51240.15,51250.15,51230.1,51236.25,26-08-2024 14:00
51234.8,51237.35,51183.5,51203.35,26-08-2024 14:05
51206.15,51210.8,51151.25,51166.6,26-08-2024 14:10
51166.65,51188.15,51147.2,51178,26-08-2024 14:15
51179.15,51188.95,51166.3,51175.5,26-08-2024 14:20
51175.3,51184.45,51152,51160.9,26-08-2024 14:25
51156.55,51180.25,51148.5,51164.55,26-08-2024 14:30
51161.3,51193.55,51158.95,51166.25,26-08-2024 14:35
51161.65,51177.15,51138.8,51147.85,26-08-2024 14:40
51147.3,51163.45,51134.3,51158.65,26-08-2024 14:45
51161.65,51179.6,51142.7,51143.35,26-08-2024 14:50
51145.2,51172.4,51120.55,51128.55,26-08-2024 14:55
51132.75,51162,51106.55,51125.15,26-08-2024 15:00
51125.15,51178.05,51122.7,51141.3,26-08-2024 15:05
51149.1,51160.8,51136,51153.85,26-08-2024 15:10
51158.9,51174.75,51150.75,51156.55,26-08-2024 15:15
51157.45,51166.15,51142.1,51160.5,26-08-2024 15:20
51159.35,51176.9,51139.95,51163.35,26-08-2024 15:25
51214.05,51249.5,51086.75,51189.7,27-08-2024 09:15
51195.9,51195.9,51088.2,51094.55,27-08-2024 09:20
51091.9,51097.4,51002.75,51016.75,27-08-2024 09:25
51017.75,51040.7,50976.7,50997.7,27-08-2024 09:30
51003.35,51011.05,50938.1,51001.05,27-08-2024 09:35
51009,51033.8,50983,51018.8,27-08-2024 09:40
51017.05,51038.35,50988.6,51036.4,27-08-2024 09:45
51028.95,51168.2,51028.95,51120.3,27-08-2024 09:50
51123.75,51236.95,51116.35,51178.85,27-08-2024 09:55
51177.6,51266.1,51139.95,51238.05,27-08-2024 10:00
51245.05,51248.45,51185.9,51201.6,27-08-2024 10:05
51200.45,51205.2,51138.65,51143.65,27-08-2024 10:10
51140.9,51173.85,51127.15,51144.75,27-08-2024 10:15
51144.65,51171.95,51128.45,51170.25,27-08-2024 10:20
51172.7,51177.45,51021.1,51035.45,27-08-2024 10:25
51025.3,51076.85,50980.4,51047.65,27-08-2024 10:30
51050.9,51152.8,51039.7,51095.55,27-08-2024 10:35
51097.95,51158.85,51086.05,51086.05,27-08-2024 10:40
51089.15,51135.75,51068.35,51126.6,27-08-2024 10:45
51129.5,51229.7,51111.15,51188.2,27-08-2024 10:50
51184.65,51190.45,51147.3,51160.45,27-08-2024 10:55
51155.8,51226.95,51155.8,51187.45,27-08-2024 11:00
51187.6,51270.25,51184.15,51224.5,27-08-2024 11:05
51224.7,51242.4,51198.55,51201.55,27-08-2024 11:10
51201.1,51273.6,51196.2,51273.6,27-08-2024 11:15
51271.4,51317.85,51252.25,51261.4,27-08-2024 11:20
51261.4,51369.55,51250.05,51353.4,27-08-2024 11:25
51356,51397.2,51342.1,51356.2,27-08-2024 11:30
51354.2,51404.7,51345.2,51374.7,27-08-2024 11:35
51380.1,51386.3,51327.1,51341.6,27-08-2024 11:40
51344.05,51357.3,51305.35,51314.8,27-08-2024 11:45
51314.2,51344.4,51301.65,51325.3,27-08-2024 11:50
51327,51343.8,51302.8,51308.65,27-08-2024 11:55
51310.2,51324.6,51268.1,51290.55,27-08-2024 12:00
51288.45,51344.25,51282.4,51289.7,27-08-2024 12:05
51289.6,51309.25,51276.1,51306.5,27-08-2024 12:10
51307.05,51309.25,51262.1,51269.7,27-08-2024 12:15
51270.25,51335.5,51267.4,51318.05,27-08-2024 12:20
51320.45,51327,51296.75,51301.85,27-08-2024 12:25
51298.95,51339.65,51291.65,51314.85,27-08-2024 12:30
51312.65,51319.2,51289.75,51319.2,27-08-2024 12:35
51318.65,51333.4,51298.15,51330.2,27-08-2024 12:40
51329.85,51375.85,51328.1,51349.4,27-08-2024 12:45
51347.7,51377.5,51328.5,51359.95,27-08-2024 12:50
51360.75,51363.25,51307,51335.25,27-08-2024 12:55
51334.8,51375.4,51326.15,51356.3,27-08-2024 13:00
51356,51392.05,51348.9,51357.4,27-08-2024 13:05
51357.25,51367.15,51325.7,51352.7,27-08-2024 13:10
51355.25,51357.6,51326.95,51348.2,27-08-2024 13:15
51348.8,51360,51309.45,51340.4,27-08-2024 13:20
51340.8,51344.25,51273.95,51307.45,27-08-2024 13:25
51315.8,51326.95,51283.15,51319.7,27-08-2024 13:30
51323.45,51356.25,51312.15,51346,27-08-2024 13:35
51345.9,51377.15,51342.4,51355.4,27-08-2024 13:40
51356.45,51359.85,51322.9,51343.4,27-08-2024 13:45
51334.65,51378.45,51331,51372.4,27-08-2024 13:50
51371.35,51378.95,51327.1,51349.4,27-08-2024 13:55
51345.3,51356.7,51312.9,51346.25,27-08-2024 14:00
51344.4,51348.35,51320.9,51343.55,27-08-2024 14:05
51343.7,51352.75,51311.05,51322.05,27-08-2024 14:10
51319.4,51339.2,51304.75,51312.1,27-08-2024 14:15
51313.75,51333.7,51270.25,51287.35,27-08-2024 14:20
51288.5,51311.3,51265.3,51293.75,27-08-2024 14:25
51293.75,51337.3,51287.7,51337.3,27-08-2024 14:30
51329.55,51352.35,51300.7,51329,27-08-2024 14:35
51326.2,51341.65,51309.1,51324.25,27-08-2024 14:40
51326.65,51332.85,51241.4,51270.85,27-08-2024 14:45
51276,51279.9,51203.3,51235.75,27-08-2024 14:50
51235.85,51315.8,51213.2,51291.65,27-08-2024 14:55
51294.95,51320,51236.2,51309.5,27-08-2024 15:00
51311.05,51322.15,51281,51304.8,27-08-2024 15:05
51304.5,51314.6,51269.2,51290.75,27-08-2024 15:10
51292.35,51296.6,51251.15,51273.25,27-08-2024 15:15
51273.1,51278.05,51237,51257.4,27-08-2024 15:20
51258,51258,51150.95,51171.5,27-08-2024 15:25
51208.95,51238.8,51157.95,51216.95,28-08-2024 09:15
51218.5,51239.15,51184.9,51196.15,28-08-2024 09:20
51196.65,51206.7,51135.7,51143.15,28-08-2024 09:25
51145.8,51154.6,51120.55,51127.5,28-08-2024 09:30
51127.55,51199.2,51119.5,51130.45,28-08-2024 09:35
51125.45,51167.7,51123.1,51128.55,28-08-2024 09:40
51124.65,51175.95,51107.45,51164.4,28-08-2024 09:45
51164.1,51207.25,51159.55,51190.2,28-08-2024 09:50
51190,51203.95,51166.85,51185.3,28-08-2024 09:55
51186.15,51192.25,51144.45,51161.55,28-08-2024 10:00
51160.45,51163.6,51085.75,51117.3,28-08-2024 10:05
51112.85,51124.1,51097.4,51122.05,28-08-2024 10:10
51120.8,51136.2,51094.85,51100.5,28-08-2024 10:15
51104.55,51147.55,51097.1,51127.6,28-08-2024 10:20
51124.2,51160.15,51116.45,51119.55,28-08-2024 10:25
51120.8,51139.55,51109.6,51116,28-08-2024 10:30
51116.55,51134.8,51108.2,51130.25,28-08-2024 10:35
51127.9,51149,51122.65,51139,28-08-2024 10:40
51139,51145.4,51113.55,51120.2,28-08-2024 10:45
51118.4,51143.15,51112.3,51135.15,28-08-2024 10:50
51133.55,51147.95,51126.25,51147.7,28-08-2024 10:55
51143.95,51171.85,51143.3,51157.7,28-08-2024 11:00
51155.35,51194.85,51142.55,51190.1,28-08-2024 11:05
51189.4,51203.15,51171.7,51201.15,28-08-2024 11:10
51198.6,51221.8,51190.6,51208.1,28-08-2024 11:15
51213.05,51223.7,51190.2,51204.25,28-08-2024 11:20
51203.75,51209.2,51160.95,51182,28-08-2024 11:25
51180.85,51213.35,51163.1,51200.05,28-08-2024 11:30
51202.45,51213.55,51181.45,51182.3,28-08-2024 11:35
51179.15,51208.7,51179.15,51201.1,28-08-2024 11:40
51196.25,51214.8,51181.95,51199.75,28-08-2024 11:45
51197.65,51235.9,51189,51205.55,28-08-2024 11:50
51208,51221.85,51183.35,51186.75,28-08-2024 11:55
51187,51218.8,51180.8,51210.6,28-08-2024 12:00
51211.9,51226.15,51197.7,51205.6,28-08-2024 12:05
51202.45,51217.25,51197.55,51212.45,28-08-2024 12:10
51210.5,51222.75,51205.1,51218.05,28-08-2024 12:15
51215.65,51260.75,51211.5,51247.2,28-08-2024 12:20
51246.85,51253.35,51216.9,51226.45,28-08-2024 12:25
51225.4,51245.5,51225.3,51228.35,28-08-2024 12:30
51229.35,51233.55,51209.95,51227.95,28-08-2024 12:35
51226.6,51240.4,51212.1,51224.7,28-08-2024 12:40
51221.1,51226.4,51197.9,51207.4,28-08-2024 12:45
51207.05,51224.95,51190.2,51223.9,28-08-2024 12:50
51220,51230.3,51208.05,51208.05,28-08-2024 12:55
51207.1,51229.1,51207.1,51213.2,28-08-2024 13:00
51212.2,51231.25,51205.7,51214.8,28-08-2024 13:05
51209.5,51227.05,51203.2,51220.55,28-08-2024 13:10
51227.35,51229.35,51199.35,51221.3,28-08-2024 13:15
51221.9,51230.6,51206.2,51219.6,28-08-2024 13:20
51219.1,51227.5,51205.3,51211.75,28-08-2024 13:25
51215.85,51227.7,51195.1,51204.35,28-08-2024 13:30
51201.65,51219.25,51191.3,51211.85,28-08-2024 13:35
51211.6,51232.95,51204.9,51221.2,28-08-2024 13:40
51219.25,51228.6,51210.05,51218.3,28-08-2024 13:45
51217.4,51236.45,51213.25,51226.5,28-08-2024 13:50
51221.1,51232.8,51207.9,51211.8,28-08-2024 13:55
51212.75,51222.35,51204.25,51218.05,28-08-2024 14:00
51221.2,51233.4,51213.8,51228.35,28-08-2024 14:05
51228.1,51247.05,51226.8,51236.05,28-08-2024 14:10
51235.2,51249.8,51210.35,51216.35,28-08-2024 14:15
51214.55,51220.5,51194.55,51211.45,28-08-2024 14:20
51208.7,51214.75,51156.75,51161.15,28-08-2024 14:25
51160,51184.2,51141.9,51166.1,28-08-2024 14:30
51167.3,51182.65,51155.35,51171.75,28-08-2024 14:35
51171.15,51182.7,51149.05,51180,28-08-2024 14:40
51180.8,51207.75,51160.7,51199.7,28-08-2024 14:45
51196.6,51214.9,51158.15,51171.55,28-08-2024 14:50
51164,51195.9,51163.85,51176.4,28-08-2024 14:55
51183.9,51198.1,51126.45,51157.05,28-08-2024 15:00
51155.6,51194.35,51138.75,51156.75,28-08-2024 15:05
51158.7,51168.75,51135.7,51145.4,28-08-2024 15:10
51150.3,51158.9,51105.3,51108.6,28-08-2024 15:15
51110.4,51124.35,51078.4,51099.65,28-08-2024 15:20
51099.05,51099.85,51033.7,51049.55,28-08-2024 15:25
51103.75,51135.15,51028.7,51112,29-08-2024 09:15
51115.3,51186.25,51110.5,51182.25,29-08-2024 09:20
51175.8,51192.5,51141.9,51170.15,29-08-2024 09:25
51174.4,51219.7,51137.55,51156.85,29-08-2024 09:30
51156.75,51207.3,51146.25,51186.55,29-08-2024 09:35
51188.6,51213.05,51175.05,51183.65,29-08-2024 09:40
51185.1,51211.65,51161.95,51203.85,29-08-2024 09:45
51204.2,51262.55,51201.4,51259.25,29-08-2024 09:50
51257.6,51277.05,51235.35,51252.55,29-08-2024 09:55
51251.75,51304.05,51232.35,51259.8,29-08-2024 10:00
51262.1,51267.95,51237.3,51258.75,29-08-2024 10:05
51260.3,51282.25,51252.75,51260.2,29-08-2024 10:10
51259.85,51270.3,51207.25,51234.4,29-08-2024 10:15
51232.75,51235.75,51203.25,51211.1,29-08-2024 10:20
51210.3,51268.65,51207.65,51261.55,29-08-2024 10:25
51261.75,51265.3,51245.05,51246.6,29-08-2024 10:30
51247.75,51265.05,51220,51223.35,29-08-2024 10:35
51222,51264.8,51212.35,51255.25,29-08-2024 10:40
51258.95,51263.5,51236.3,51242.2,29-08-2024 10:45
51241.9,51245.3,51197.95,51213.9,29-08-2024 10:50
51210.65,51217.05,51177.45,51214.05,29-08-2024 10:55
51214.35,51230.85,51201.6,51222.5,29-08-2024 11:00
51223.3,51249.1,51205.9,51239.35,29-08-2024 11:05
51243.2,51243.2,51205.7,51222.3,29-08-2024 11:10
51221.65,51233.85,51202.45,51212.7,29-08-2024 11:15
51208.8,51216.1,51193.1,51213.85,29-08-2024 11:20
51209.55,51219.45,51197.1,51201.4,29-08-2024 11:25
51198.5,51216.3,51179.85,51210.9,29-08-2024 11:30
51208.3,51211.2,51177.6,51179.55,29-08-2024 11:35
51181.1,51183.95,51150.95,51152.65,29-08-2024 11:40
51150,51172,51145.5,51163.9,29-08-2024 11:45
51160.45,51177.3,51149.85,51168.8,29-08-2024 11:50
51166.95,51199.9,51164.8,51197.3,29-08-2024 11:55
51197.15,51224.35,51194,51214.65,29-08-2024 12:00
51212.75,51237.6,51194.35,51230.85,29-08-2024 12:05
51225.55,51266.6,51225.3,51262.65,29-08-2024 12:10
51262.15,51271.35,51253.75,51257.45,29-08-2024 12:15
51254.5,51274.7,51248.4,51265.2,29-08-2024 12:20
51263.5,51328.15,51257.7,51328.15,29-08-2024 12:25
51324.4,51363.25,51313.1,51340.8,29-08-2024 12:30
51337.3,51368.95,51317.25,51333.8,29-08-2024 12:35
51329.85,51335.65,51301.85,51308.05,29-08-2024 12:40
51309,51323.1,51272.5,51281.2,29-08-2024 12:45
51283.2,51286.25,51243.45,51263.8,29-08-2024 12:50
51260.25,51268.35,51223.8,51234.15,29-08-2024 12:55
51235.25,51283.15,51228.75,51268.75,29-08-2024 13:00
51265.3,51295,51252.75,51262.75,29-08-2024 13:05
51259.8,51283.75,51256.55,51271.3,29-08-2024 13:10
51272,51287.25,51260.15,51282.9,29-08-2024 13:15
51276.8,51296.15,51274.05,51291.25,29-08-2024 13:20
51283.5,51292.75,51260.8,51276,29-08-2024 13:25
51271.3,51293.4,51218.1,51229.8,29-08-2024 13:30
51222,51250.8,51222,51241.75,29-08-2024 13:35
51237.3,51273.8,51216.1,51219.1,29-08-2024 13:40
51214.85,51238.5,51195.55,51211.5,29-08-2024 13:45
51206.3,51217.65,51183.65,51208.75,29-08-2024 13:50
51199.95,51217.85,51178,51190.8,29-08-2024 13:55
51194.75,51207.4,51026.45,51037.75,29-08-2024 14:00
51043.2,51078,51018.5,51039.95,29-08-2024 14:05
51044.2,51144.1,51044.2,51114.7,29-08-2024 14:10
51112.95,51139.95,51095.2,51108.2,29-08-2024 14:15
51102,51114.25,50998.4,51026.8,29-08-2024 14:20
51024.65,51064.25,51016.75,51027.95,29-08-2024 14:25
51025.05,51050.5,51009.15,51029.3,29-08-2024 14:30
51028.45,51072.7,51014.65,51034.5,29-08-2024 14:35
51034.45,51049.75,50984.4,51029.5,29-08-2024 14:40
51029,51074.6,51021.75,51074.4,29-08-2024 14:45
51074.55,51164.05,51052.6,51159.65,29-08-2024 14:50
51157.4,51234.2,51137.65,51218.8,29-08-2024 14:55
51220.6,51250.45,51183.75,51203.25,29-08-2024 15:00
51200.85,51218.65,51128.8,51178.45,29-08-2024 15:05
51177.35,51186.9,51114.8,51127.25,29-08-2024 15:10
51123.85,51148.55,51100.25,51108.95,29-08-2024 15:15
51101.6,51139.15,51101.25,51129.8,29-08-2024 15:20
51127.45,51195.4,51106,51166.8,29-08-2024 15:25
51437.45,51437.45,51350.8,51417.4,30-08-2024 09:15
51414.35,51448.65,51383.7,51401.45,30-08-2024 09:20
51400.9,51449.3,51396.85,51443.2,30-08-2024 09:25
51445.85,51454.55,51335.9,51335.9,30-08-2024 09:30
51336.85,51385.8,51330.1,51356,30-08-2024 09:35
51361.6,51380.2,51317.4,51347.6,30-08-2024 09:40
51346.45,51385.2,51325.35,51367.3,30-08-2024 09:45
51362.6,51407.6,51361.1,51388.25,30-08-2024 09:50
51387.55,51396.15,51341.75,51363.4,30-08-2024 09:55
51363.35,51378.85,51305.85,51334.75,30-08-2024 10:00
51334.5,51366.45,51314.35,51352.8,30-08-2024 10:05
51351,51355.8,51304.3,51336.6,30-08-2024 10:10
51333.55,51377.65,51328.1,51337.2,30-08-2024 10:15
51334.9,51353.8,51319.6,51339.9,30-08-2024 10:20
51334.95,51366.95,51325.85,51331.7,30-08-2024 10:25
51331.25,51381.6,51330.9,51375.55,30-08-2024 10:30
51375.55,51389.9,51351.8,51352.7,30-08-2024 10:35
51354.35,51367.3,51333.9,51363.1,30-08-2024 10:40
51363.35,51367.1,51347.45,51361.9,30-08-2024 10:45
51361.65,51377.3,51346.9,51361.85,30-08-2024 10:50
51361.2,51370.7,51334.9,51357.1,30-08-2024 10:55
51356.4,51361.35,51324.2,51342.85,30-08-2024 11:00
51345.55,51345.55,51320.95,51333.45,30-08-2024 11:05
51335.15,51378.45,51331.15,51361.2,30-08-2024 11:10
51362.65,51373.75,51350.8,51356,30-08-2024 11:15
51355.7,51363.35,51318.2,51337.35,30-08-2024 11:20
51338.9,51375.5,51326.3,51346.7,30-08-2024 11:25
51347.6,51380.6,51337.7,51357.3,30-08-2024 11:30
51359.1,51380.45,51349.5,51355.5,30-08-2024 11:35
51356.2,51370.25,51339.7,51350.9,30-08-2024 11:40
51349,51374.55,51345.8,51374.35,30-08-2024 11:45
51370.65,51413.8,51355.2,51407.1,30-08-2024 11:50
51408.4,51420,51384.05,51392,30-08-2024 11:55
51393.3,51431.1,51392.8,51431.1,30-08-2024 12:00
51424.8,51444.65,51411.45,51437.2,30-08-2024 12:05
51441,51442.9,51398.25,51428.25,30-08-2024 12:10
51427.95,51444.1,51418.8,51426.9,30-08-2024 12:15
51427.95,51446.45,51422.9,51434.65,30-08-2024 12:20
51432.7,51458.4,51427.35,51451.75,30-08-2024 12:25
51451.6,51466.55,51420.2,51435.65,30-08-2024 12:30
51436.65,51442.3,51411.1,51425.15,30-08-2024 12:35
51426.35,51446.3,51411.05,51415.95,30-08-2024 12:40
51417,51432.5,51401.15,51417.45,30-08-2024 12:45
51416.6,51427.5,51407.6,51415.8,30-08-2024 12:50
51418.55,51419.8,51391.4,51404.5,30-08-2024 12:55
51405.6,51420.85,51392.1,51415.7,30-08-2024 13:00
51418.95,51430.25,51405.55,51418.2,30-08-2024 13:05
51415.5,51427,51407.25,51420.6,30-08-2024 13:10
51420.15,51437.15,51414.35,51417.7,30-08-2024 13:15
51417.7,51429.1,51403.35,51421.65,30-08-2024 13:20
51420.7,51423.1,51379.85,51388.15,30-08-2024 13:25
51388.95,51393.3,51372.6,51386.3,30-08-2024 13:30
51384.9,51422.85,51382.95,51418.95,30-08-2024 13:35
51418.45,51423.5,51401.7,51419.55,30-08-2024 13:40
51416.55,51435.85,51405.2,51423.8,30-08-2024 13:45
51424.25,51443.7,51418.25,51433.95,30-08-2024 13:50
51435.75,51443.85,51423.85,51437.15,30-08-2024 13:55
51437.75,51439.05,51410.35,51426.1,30-08-2024 14:00
51421.95,51432.8,51405.05,51427.05,30-08-2024 14:05
51427.75,51433.35,51396.75,51406.75,30-08-2024 14:10
51403,51449.65,51397.85,51437.1,30-08-2024 14:15
51435.8,51451.6,51422.35,51429.75,30-08-2024 14:20
51428.75,51431.3,51384.75,51394.45,30-08-2024 14:25
51393.45,51396.75,51356.15,51356.15,30-08-2024 14:30
51358.85,51393.1,51355.8,51363.65,30-08-2024 14:35
51364.1,51409.3,51359.85,51382.7,30-08-2024 14:40
51384.3,51411,51369.4,51389.9,30-08-2024 14:45
51394.9,51398.55,51367.2,51377.4,30-08-2024 14:50
51380,51386.7,51352.85,51376.9,30-08-2024 14:55
51377.15,51435.05,51290.85,51384.35,30-08-2024 15:00
51384.4,51387.7,51311.5,51348.4,30-08-2024 15:05
51354.2,51382.3,51303.55,51356,30-08-2024 15:10
51358.6,51371,51317.55,51336.05,30-08-2024 15:15
51340.45,51360.05,51319.7,51331.2,30-08-2024 15:20
51334.1,51360.5,51256,51319.55,30-08-2024 15:25
51579.5,51579.5,51402.4,51425.55,02-09-2024 09:15
51425.05,51438.75,51382.3,51419.75,02-09-2024 09:20
51418.5,51422.95,51368.3,51372.45,02-09-2024 09:25
51372.4,51411.6,51364.05,51391.85,02-09-2024 09:30
51394.5,51422.8,51381.95,51413.45,02-09-2024 09:35
51413.05,51448.5,51406.8,51410.9,02-09-2024 09:40
51408.3,51429.2,51396.8,51419.25,02-09-2024 09:45
51416.7,51438.8,51409.5,51410.95,02-09-2024 09:50
51415.65,51426.85,51375.5,51396.05,02-09-2024 09:55
51397.85,51410.6,51376.25,51382.5,02-09-2024 10:00
51385.45,51405.25,51354.95,51400.15,02-09-2024 10:05
51396.05,51419.95,51390,51390,02-09-2024 10:10
51385.9,51401.15,51370.3,51383.35,02-09-2024 10:15
51384.5,51386.75,51356.25,51359.55,02-09-2024 10:20
51360.75,51370.35,51334.45,51351.2,02-09-2024 10:25
51352.9,51367.55,51335.75,51345.5,02-09-2024 10:30
51348.25,51370.5,51340.55,51348.35,02-09-2024 10:35
51348.75,51370.2,51342.25,51350.5,02-09-2024 10:40
51350.55,51383.15,51348.55,51376.6,02-09-2024 10:45
51379.05,51386.65,51361.65,51374.3,02-09-2024 10:50
51378.8,51390.65,51357.05,51381.95,02-09-2024 10:55
51383.1,51388.95,51356.45,51364.1,02-09-2024 11:00
51365.85,51391.4,51359.55,51389.85,02-09-2024 11:05
51389.55,51415.15,51376.1,51403.05,02-09-2024 11:10
51400.5,51426.2,51394.05,51407.3,02-09-2024 11:15
51405.75,51438.95,51396.85,51437.2,02-09-2024 11:20
51437.75,51437.75,51407.25,51411.9,02-09-2024 11:25
51412.75,51417.6,51389.05,51400.9,02-09-2024 11:30
51404.15,51410.1,51386.75,51388.1,02-09-2024 11:35
51390.95,51399.15,51321.85,51357.65,02-09-2024 11:40
51358.05,51383.15,51352.1,51373.65,02-09-2024 11:45
51374.15,51375.2,51321.8,51333.05,02-09-2024 11:50
51333.45,51341.5,51295.8,51312.7,02-09-2024 11:55
51316.5,51323,51301.5,51316.55,02-09-2024 12:00
51318.45,51338.05,51296.35,51321.4,02-09-2024 12:05
51323.6,51360.05,51307.85,51353.95,02-09-2024 12:10
51359.8,51376.9,51319.65,51331.1,02-09-2024 12:15
51330.1,51358.85,51322.7,51340.95,02-09-2024 12:20
51343.75,51359.95,51332.8,51339.9,02-09-2024 12:25
51343,51354.65,51320.75,51328.9,02-09-2024 12:30
51332.75,51352.5,51317.35,51343.3,02-09-2024 12:35
51345.35,51363.55,51321.3,51334.2,02-09-2024 12:40
51331.8,51340.6,51312,51328.5,02-09-2024 12:45
51329.05,51355.8,51320.8,51344.7,02-09-2024 12:50
51344.6,51365.45,51305.75,51327.25,02-09-2024 12:55
51327.15,51356.45,51316.85,51350.4,02-09-2024 13:00
51349.6,51370.5,51344.65,51368.2,02-09-2024 13:05
51368.8,51388.55,51342.95,51346.3,02-09-2024 13:10
51347.1,51370.45,51336.25,51340.1,02-09-2024 13:15
51340.45,51346.65,51316.95,51327.2,02-09-2024 13:20
51327.25,51341.35,51308.15,51335.9,02-09-2024 13:25
51329.75,51355.3,51316.9,51322.3,02-09-2024 13:30
51325.3,51331.85,51308.15,51314.05,02-09-2024 13:35
51321.25,51330.15,51304.25,51327.4,02-09-2024 13:40
51328.25,51367.3,51326.9,51356.7,02-09-2024 13:45
51357.7,51373.45,51347.75,51356.15,02-09-2024 13:50
51357.45,51390,51342.35,51362.65,02-09-2024 13:55
51365,51518.2,51359.75,51493.45,02-09-2024 14:00
51486.15,51534.7,51486.15,51530.35,02-09-2024 14:05
51529.65,51554.8,51505.55,51509.65,02-09-2024 14:10
51508.4,51548.1,51507.75,51522.4,02-09-2024 14:15
51530.8,51531.4,51454.35,51485.25,02-09-2024 14:20
51488.7,51493.3,51440.1,51466.35,02-09-2024 14:25
51464.1,51500.1,51458.6,51496.3,02-09-2024 14:30
51493.55,51538.9,51483.75,51526,02-09-2024 14:35
51524.9,51535.1,51493.15,51493.5,02-09-2024 14:40
51496,51521.95,51474.25,51512.7,02-09-2024 14:45
51512.3,51517.65,51449.05,51453.95,02-09-2024 14:50
51453.9,51474.5,51437.85,51467.2,02-09-2024 14:55
51468.5,51491.85,51426.05,51436.65,02-09-2024 15:00
51435.15,51464.95,51406.75,51460.95,02-09-2024 15:05
51462.8,51465.4,51429.15,51443.25,02-09-2024 15:10
51441.65,51457.3,51430.2,51443.55,02-09-2024 15:15
51448.3,51451.4,51415.25,51423.75,02-09-2024 15:20
51423.05,51446.45,51380.15,51431.8,02-09-2024 15:25
51479.75,51501.3,51349.6,51408.8,03-09-2024 09:15
51410.75,51467.9,51381.25,51387.45,03-09-2024 09:20
51392.3,51436.5,51384,51425.85,03-09-2024 09:25
51425.45,51461.85,51418.65,51430.4,03-09-2024 09:30
51430.25,51448.3,51375.5,51392.95,03-09-2024 09:35
51393.5,51415,51385.75,51388.8,03-09-2024 09:40
51388.55,51394.65,51360.95,51369.65,03-09-2024 09:45
51371.15,51388.4,51359.1,51371.85,03-09-2024 09:50
51370.65,51454.8,51305.15,51399.3,03-09-2024 09:55
51399.25,51399.25,51364.7,51368.8,03-09-2024 10:00
51366.8,51405.25,51365.8,51401.45,03-09-2024 10:05
51401,51423.85,51395.15,51413.15,03-09-2024 10:10
51412.85,51436.75,51407.7,51418.45,03-09-2024 10:15
51415.65,51423.3,51389.25,51391.3,03-09-2024 10:20
51392.6,51395.35,51338.35,51363.2,03-09-2024 10:25
51363.15,51375.55,51346.5,51366.55,03-09-2024 10:30
51367.95,51397.35,51365,51389.7,03-09-2024 10:35
51388.8,51432.55,51386.25,51421.2,03-09-2024 10:40
51416.65,51429.25,51397.35,51421.4,03-09-2024 10:45
51420.75,51432.05,51385.9,51394.25,03-09-2024 10:50
51390.9,51405.55,51377.45,51382.05,03-09-2024 10:55
51382.85,51391.7,51366.95,51380.9,03-09-2024 11:00
51381.4,51389.6,51355.2,51380.35,03-09-2024 11:05
51379.9,51405.1,51288.4,51288.4,03-09-2024 11:10
51294.45,51356.55,51240.05,51351.15,03-09-2024 11:15
51354.1,51374.25,51342.2,51350.5,03-09-2024 11:20
51350.55,51366.85,51333.5,51349.1,03-09-2024 11:25
51350.25,51367.45,51338.95,51362.4,03-09-2024 11:30
51362.55,51395.9,51362.55,51371.15,03-09-2024 11:35
51369.95,51373.85,51349.6,51350.3,03-09-2024 11:40
51350.3,51373.5,51338.8,51352.05,03-09-2024 11:45
51356.05,51361.25,51318.55,51329.1,03-09-2024 11:50
51328.15,51337.95,51315.6,51324.05,03-09-2024 11:55
51326.25,51369.9,51312.45,51364.35,03-09-2024 12:00
51362.15,51400.1,51355.05,51392.7,03-09-2024 12:05
51392.7,51404.45,51364.6,51373.25,03-09-2024 12:10
51373.3,51394.85,51372.05,51388.3,03-09-2024 12:15
51388.85,51407.3,51372.4,51379.85,03-09-2024 12:20
51379.85,51384.1,51335.55,51366.65,03-09-2024 12:25
51362.1,51378.95,51336.6,51338.9,03-09-2024 12:30
51341.05,51372.25,51330.9,51363.25,03-09-2024 12:35
51363.9,51375.85,51353.55,51357.95,03-09-2024 12:40
51358.55,51376.95,51347.3,51362.5,03-09-2024 12:45
51359.35,51372.6,51319.7,51350.25,03-09-2024 12:50
51347.75,51366.65,51342.55,51353.5,03-09-2024 12:55
51355.15,51377.9,51335.8,51348.45,03-09-2024 13:00
51353.35,51353.35,51320.65,51340.55,03-09-2024 13:05
51344.9,51378,51336.9,51372.55,03-09-2024 13:10
51375.15,51383.75,51363.35,51369.85,03-09-2024 13:15
51370.85,51403.65,51365.35,51398.85,03-09-2024 13:20
51405.3,51419.75,51366.7,51379.2,03-09-2024 13:25
51381.65,51393.95,51367.4,51381.3,03-09-2024 13:30
51382.3,51402.45,51373.25,51388.65,03-09-2024 13:35
51386.6,51393.8,51367.1,51373.5,03-09-2024 13:40
51377.65,51420.25,51371.7,51401.5,03-09-2024 13:45
51402.25,51418.25,51365.5,51366.75,03-09-2024 13:50
51368.45,51386.6,51293.8,51358.65,03-09-2024 13:55
51356.05,51373.35,51334.35,51361.8,03-09-2024 14:00
51358.65,51388.6,51341.1,51376.25,03-09-2024 14:05
51375.05,51421,51363.7,51397.35,03-09-2024 14:10
51393.85,51399,51363.45,51369.75,03-09-2024 14:15
51369.45,51394.4,51354.2,51388.05,03-09-2024 14:20
51386.45,51419.05,51378.2,51397.05,03-09-2024 14:25
51396.7,51469.25,51395.15,51446.35,03-09-2024 14:30
51447.6,51510.25,51444.05,51486.25,03-09-2024 14:35
51485.6,51510.95,51468.25,51508.05,03-09-2024 14:40
51506.1,51544.15,51505.25,51540.5,03-09-2024 14:45
51538.5,51563.2,51510.75,51552.95,03-09-2024 14:50
51554.1,51603.8,51550.4,51585.85,03-09-2024 14:55
51586.8,51652.65,51579.4,51648.75,03-09-2024 15:00
51645.55,51734.7,51644.5,51701.5,03-09-2024 15:05
51693.7,51750.1,51693.7,51726.25,03-09-2024 15:10
51725.9,51730,51688.2,51697.4,03-09-2024 15:15
51695.85,51733.15,51682.4,51714.8,03-09-2024 15:20
51717.25,51720.7,51664.55,51690.05,03-09-2024 15:25
51364.65,51503.55,51316.4,51366.8,04-09-2024 09:15
51357.85,51366.15,51312.15,51337.25,04-09-2024 09:20
51335.25,51350.25,51303.65,51325.1,04-09-2024 09:25
51325.15,51351.35,51311.9,51319.5,04-09-2024 09:30
51319.35,51327.8,51283.25,51308.15,04-09-2024 09:35
51308.3,51315.5,51263.3,51268.7,04-09-2024 09:40
51268.65,51336.45,51259.9,51329.75,04-09-2024 09:45
51327.75,51355.75,51317.25,51331.45,04-09-2024 09:50
51335.65,51362.15,51308.1,51319.35,04-09-2024 09:55
51321.05,51345.6,51304.6,51344.25,04-09-2024 10:00
51347.1,51352.7,51322.45,51340.55,04-09-2024 10:05
51338.9,51384.35,51338.9,51371.05,04-09-2024 10:10
51370.05,51382.4,51344.2,51362.85,04-09-2024 10:15
51360.35,51383.65,51353.95,51363.45,04-09-2024 10:20
51361.65,51377.75,51348.9,51356.8,04-09-2024 10:25
51357.95,51361.8,51316.4,51325.55,04-09-2024 10:30
51326.05,51349.35,51320.9,51343.75,04-09-2024 10:35
51345.8,51358.8,51340.25,51344.15,04-09-2024 10:40
51344.15,51366.9,51341.15,51362.85,04-09-2024 10:45
51362.45,51365.6,51350.75,51356.8,04-09-2024 10:50
51357.7,51443.65,51357.25,51418.55,04-09-2024 10:55
51418.35,51422.6,51386.15,51419.5,04-09-2024 11:00
51420.65,51433.3,51396.65,51409.55,04-09-2024 11:05
51409.85,51424.5,51404.35,51408.85,04-09-2024 11:10
51411.5,51411.5,51377.95,51385.9,04-09-2024 11:15
51387.85,51405.8,51375.4,51401.6,04-09-2024 11:20
51404.2,51419.7,51395.5,51397.7,04-09-2024 11:25
51397.75,51411.25,51384.75,51406.8,04-09-2024 11:30
51406.75,51413.55,51394.35,51400.25,04-09-2024 11:35
51399.3,51422.1,51397,51405.95,04-09-2024 11:40
51407.4,51421.25,51400.25,51406.35,04-09-2024 11:45
51406.05,51412.05,51394.75,51397.1,04-09-2024 11:50
51398.3,51415.9,51394.15,51412.15,04-09-2024 11:55
51411.75,51423.95,51402.2,51407.3,04-09-2024 12:00
51409.8,51437.5,51406.2,51430.6,04-09-2024 12:05
51429.95,51437.5,51417.15,51420.85,04-09-2024 12:10
51419.45,51434.05,51411.85,51430.7,04-09-2024 12:15
51430.45,51450.8,51415.85,51419.6,04-09-2024 12:20
51420.2,51436.45,51413.5,51423.85,04-09-2024 12:25
51423.5,51431.05,51400.75,51417.3,04-09-2024 12:30
51416.55,51436.75,51416.55,51431.8,04-09-2024 12:35
51424.55,51435.85,51419.1,51422.3,04-09-2024 12:40
51419.75,51434.65,51417.45,51426.5,04-09-2024 12:45
51422.95,51428.9,51402.35,51411.55,04-09-2024 12:50
51401.95,51416.7,51401.65,51403.95,04-09-2024 12:55
51401.4,51411.25,51393.45,51408.1,04-09-2024 13:00
51407.5,51424.6,51399.7,51403.4,04-09-2024 13:05
51403.85,51433,51403.85,51424.25,04-09-2024 13:10
51424,51459.9,51420.25,51448.85,04-09-2024 13:15
51447.55,51451.65,51420,51429.1,04-09-2024 13:20
51429.6,51443.15,51421,51427.85,04-09-2024 13:25
51427.9,51457.8,51427.4,51435.45,04-09-2024 13:30
51439.05,51444.75,51418.15,51427.15,04-09-2024 13:35
51426.75,51428.85,51395.65,51405,04-09-2024 13:40
51405.65,51420.65,51399.8,51416.5,04-09-2024 13:45
51417.6,51428.1,51406.65,51415.15,04-09-2024 13:50
51416.9,51428.05,51410.6,51420.75,04-09-2024 13:55
51425.75,51435.65,51420.1,51427.05,04-09-2024 14:00
51429.8,51435.1,51410.65,51431.65,04-09-2024 14:05
51431.7,51442.1,51405.75,51409.95,04-09-2024 14:10
51408.7,51426.9,51384.2,51384.2,04-09-2024 14:15
51384.65,51430.7,51383.3,51417.45,04-09-2024 14:20
51416.35,51422.4,51407.2,51407.2,04-09-2024 14:25
51407.6,51414.8,51392.85,51405,04-09-2024 14:30
51404.65,51444.1,51404.1,51429.45,04-09-2024 14:35
51429.25,51461,51423.55,51438.7,04-09-2024 14:40
51439.8,51444.8,51413.65,51421.6,04-09-2024 14:45
51421.2,51428.2,51395.95,51404.1,04-09-2024 14:50
51404.95,51408.2,51372.95,51388.8,04-09-2024 14:55
51392.1,51423.45,51378.85,51383.8,04-09-2024 15:00
51386.95,51407.75,51343.35,51357.7,04-09-2024 15:05
51359.15,51426.2,51356.8,51414.6,04-09-2024 15:10
51413.25,51431,51382.65,51409.2,04-09-2024 15:15
51408.8,51420.2,51401.8,51416.4,04-09-2024 15:20
51416.7,51426.4,51373,51390.6,04-09-2024 15:25
51544.25,51636.75,51473.25,51568.85,05-09-2024 09:15
51567.85,51592.9,51514.7,51541.75,05-09-2024 09:20
51541.75,51554.95,51517.25,51527.05,05-09-2024 09:25
51526.3,51539.3,51491.6,51496.55,05-09-2024 09:30
51493.35,51493.7,51466.95,51479.85,05-09-2024 09:35
51478.1,51478.45,51433.7,51461.85,05-09-2024 09:40
51460.85,51508.8,51458.45,51475.35,05-09-2024 09:45
51475.8,51497.05,51472.85,51493.3,05-09-2024 09:50
51493.45,51526.1,51448.05,51469.75,05-09-2024 09:55
51466.25,51484.2,51452.55,51457.35,05-09-2024 10:00
51458.45,51490.5,51451.7,51472.45,05-09-2024 10:05
51471.4,51484.8,51447.75,51480.9,05-09-2024 10:10
51480.5,51493.55,51463.35,51470.95,05-09-2024 10:15
51471.3,51477.8,51442.8,51443.7,05-09-2024 10:20
51443.65,51464.6,51425.1,51425.1,05-09-2024 10:25
51427.4,51445.8,51399,51407.15,05-09-2024 10:30
51407.45,51427.05,51389.15,51409.75,05-09-2024 10:35
51408.85,51438.55,51402.65,51435.1,05-09-2024 10:40
51430.55,51477.25,51424.25,51477.25,05-09-2024 10:45
51477.2,51485.1,51455.05,51462.4,05-09-2024 10:50
51463,51482.1,51443.75,51465.65,05-09-2024 10:55
51464.25,51469.35,51443,51457.7,05-09-2024 11:00
51456.7,51481.55,51443.6,51476.8,05-09-2024 11:05
51477.1,51485.85,51462.15,51471.75,05-09-2024 11:10
51472.05,51474.55,51449,51469.7,05-09-2024 11:15
51471.2,51473.5,51439.25,51449.65,05-09-2024 11:20
51453.85,51453.85,51429.35,51439.35,05-09-2024 11:25
51435.1,51459.5,51430.7,51454.8,05-09-2024 11:30
51454.55,51477.85,51448.05,51464.8,05-09-2024 11:35
51464.9,51475.95,51446.35,51450.55,05-09-2024 11:40
51450.8,51463.35,51429.6,51437.45,05-09-2024 11:45
51437.1,51455.45,51421.5,51437.7,05-09-2024 11:50
51434.85,51447.1,51427.7,51435.95,05-09-2024 11:55
51435.1,51470.4,51433.45,51467.1,05-09-2024 12:00
51467.65,51468.1,51447.35,51453.25,05-09-2024 12:05
51456.65,51467.8,51441.6,51463.35,05-09-2024 12:10
51464.5,51471.55,51450,51453.5,05-09-2024 12:15
51452.8,51461.4,51441.75,51449.1,05-09-2024 12:20
51449.85,51473.4,51441.65,51459.5,05-09-2024 12:25
51458.45,51465.05,51433,51443.1,05-09-2024 12:30
51442.7,51459.85,51437.2,51456.1,05-09-2024 12:35
51455.6,51478.25,51449.4,51469.35,05-09-2024 12:40
51470.55,51480.75,51457.3,51477,05-09-2024 12:45
51475.1,51508.2,51463.15,51489.8,05-09-2024 12:50
51489.45,51512.95,51472.95,51479.5,05-09-2024 12:55
51475.25,51495.95,51467.3,51481.55,05-09-2024 13:00
51479.95,51490.3,51466.1,51469.85,05-09-2024 13:05
51468.4,51477.15,51444.25,51454.5,05-09-2024 13:10
51452.65,51462.55,51445.55,51454.1,05-09-2024 13:15
51454.35,51454.35,51435.7,51442.55,05-09-2024 13:20
51443.35,51458.65,51425.95,51453.1,05-09-2024 13:25
51452.8,51461.25,51444.95,51445.45,05-09-2024 13:30
51446.15,51454.9,51434.4,51450,05-09-2024 13:35
51449.5,51463.25,51439.25,51452.6,05-09-2024 13:40
51452.8,51459.15,51443.05,51454.35,05-09-2024 13:45
51455.5,51455.5,51430.25,51447.05,05-09-2024 13:50
51448.55,51469.65,51445.45,51463.15,05-09-2024 13:55
51465,51471,51450.15,51460.95,05-09-2024 14:00
51462.2,51472.5,51452.7,51456.95,05-09-2024 14:05
51456.85,51473.3,51456.05,51465.05,05-09-2024 14:10
51466.3,51471.9,51452.35,51459.25,05-09-2024 14:15
51455.25,51459.2,51417.8,51441.65,05-09-2024 14:20
51439.9,51453.55,51428.25,51430.25,05-09-2024 14:25
51431.05,51467.75,51424.65,51458.45,05-09-2024 14:30
51456.35,51487.45,51446.4,51448.55,05-09-2024 14:35
51451.65,51459.25,51412.05,51412.05,05-09-2024 14:40
51411.65,51436.2,51410,51411.65,05-09-2024 14:45
51411.45,51428.5,51405.9,51425.85,05-09-2024 14:50
51423.8,51446.1,51418.55,51431.3,05-09-2024 14:55
51428.85,51490.25,51428.35,51487.6,05-09-2024 15:00
51488.55,51506.2,51449,51506.2,05-09-2024 15:05
51501.65,51503.65,51465.95,51491.6,05-09-2024 15:10
51490.6,51497.75,51466.9,51487.65,05-09-2024 15:15
51485.9,51497.55,51481.6,51487.15,05-09-2024 15:20
51486.3,51488.05,51445.05,51445.05,05-09-2024 15:25
51200.4,51360.25,51178.45,51254.7,06-09-2024 09:15
51258.4,51294.5,51239.6,51258.45,06-09-2024 09:20
51254.55,51380.05,51246.1,51336.8,06-09-2024 09:25
51339,51374.6,51328.6,51351.3,06-09-2024 09:30
51357.4,51360.85,51199.05,51253.85,06-09-2024 09:35
51253.85,51255.65,51206.55,51239.9,06-09-2024 09:40
51237.55,51239.05,51143.25,51174.05,06-09-2024 09:45
51169.75,51176.7,51053.75,51086.25,06-09-2024 09:50
51083.35,51129.85,51030.25,51064.65,06-09-2024 09:55
51066.5,51083.85,50995,51041.25,06-09-2024 10:00
51032.6,51036.4,50912.1,50957.4,06-09-2024 10:05
50963.15,51013.9,50898.25,50987.5,06-09-2024 10:10
50987.8,50987.8,50868.2,50958.35,06-09-2024 10:15
50958.5,51023.6,50937.7,51020.3,06-09-2024 10:20
51020.6,51070.15,50969,51064.3,06-09-2024 10:25
51066,51067.05,50993.65,50993.8,06-09-2024 10:30
50992.25,50995.5,50933.9,50957.4,06-09-2024 10:35
50958.35,50981.2,50944,50964.4,06-09-2024 10:40
50968.3,50973.35,50928.7,50943.6,06-09-2024 10:45
50945.2,51001.1,50944.5,50989.85,06-09-2024 10:50
50992.85,50996.05,50960.9,50965.75,06-09-2024 10:55
50965.85,50968.4,50925.15,50963.8,06-09-2024 11:00
50963.55,50975.9,50925.1,50925.1,06-09-2024 11:05
50922.95,50938.35,50894.05,50919.45,06-09-2024 11:10
50920.15,50962.2,50909.75,50948.75,06-09-2024 11:15
50950.2,50956.4,50914.4,50920.7,06-09-2024 11:20
50919.35,50927,50846.25,50894.3,06-09-2024 11:25
50894.6,50894.6,50850.55,50886.2,06-09-2024 11:30
50886.45,50928.2,50873.6,50904.3,06-09-2024 11:35
50904.7,50918.4,50886.9,50900.75,06-09-2024 11:40
50901.4,50920.5,50892.1,50919.5,06-09-2024 11:45
50920.5,50921.35,50890.4,50897.45,06-09-2024 11:50
50898.2,50898.7,50875.4,50892.65,06-09-2024 11:55
50893.25,50896.15,50867.65,50885.9,06-09-2024 12:00
50885.8,50919.45,50883.35,50902.45,06-09-2024 12:05
50902.25,50907.75,50888.7,50897.4,06-09-2024 12:10
50897.4,50934.8,50895.75,50924.35,06-09-2024 12:15
50925.9,50953.4,50921.1,50939.95,06-09-2024 12:20
50938.55,50939.85,50907.9,50912.9,06-09-2024 12:25
50910.9,50927.45,50888.4,50898.6,06-09-2024 12:30
50895.05,50925.95,50886.1,50910.7,06-09-2024 12:35
50907.3,50953,50905.15,50941.8,06-09-2024 12:40
50939.65,50940.55,50906.05,50915.75,06-09-2024 12:45
50911.4,50928.5,50872.8,50879.4,06-09-2024 12:50
50878.2,50891.55,50832.35,50842.3,06-09-2024 12:55
50839.75,50847.8,50785.3,50831.6,06-09-2024 13:00
50830.7,50869.05,50814.65,50853.9,06-09-2024 13:05
50853.6,50866.35,50824.95,50831.8,06-09-2024 13:10
50827.5,50839.45,50805.4,50836.85,06-09-2024 13:15
50838.25,50844.8,50758.65,50773.6,06-09-2024 13:20
50772.7,50836.45,50765.2,50823.2,06-09-2024 13:25
50821.1,50862.35,50793.75,50857.85,06-09-2024 13:30
50856.9,50857.5,50803.25,50823.9,06-09-2024 13:35
50819,50822.7,50795.2,50805.4,06-09-2024 13:40
50804.45,50822.5,50774.7,50783.5,06-09-2024 13:45
50783.5,50797.4,50767.25,50784,06-09-2024 13:50
50784.3,50807.7,50763,50770.9,06-09-2024 13:55
50767.4,50818.7,50739.85,50818.7,06-09-2024 14:00
50814.95,50825.85,50794.95,50809.1,06-09-2024 14:05
50805.75,50816.95,50795.5,50816.95,06-09-2024 14:10
50813.25,50822.5,50773.8,50780.5,06-09-2024 14:15
50776.65,50796.05,50707.55,50713.25,06-09-2024 14:20
50709.4,50732.1,50648.2,50679.4,06-09-2024 14:25
50681.55,50703.4,50630,50667.6,06-09-2024 14:30
50668.55,50691.25,50657.85,50665.25,06-09-2024 14:35
50663.65,50684.9,50602.25,50611.1,06-09-2024 14:40
50611,50630.65,50551.1,50551.1,06-09-2024 14:45
50560.7,50560.75,50447.3,50540.55,06-09-2024 14:50
50541.5,50563.5,50466.9,50501.15,06-09-2024 14:55
50499.75,50570.2,50491.4,50564.8,06-09-2024 15:00
50565.35,50590.5,50528.65,50590.5,06-09-2024 15:05
50578.3,50599,50539.45,50574.4,06-09-2024 15:10
50572.35,50641.6,50569.95,50636.9,06-09-2024 15:15
50639.3,50646.1,50597,50620.5,06-09-2024 15:20
50617.3,50648.55,50601,50627.8,06-09-2024 15:25
50549.25,50582.85,50369.4,50430.8,09-09-2024 09:15
50424.4,50541.25,50381.35,50537.6,09-09-2024 09:20
50539.35,50555.45,50425.8,50427.9,09-09-2024 09:25
50419.6,50600.85,50419.6,50600.85,09-09-2024 09:30
50600.4,50665.9,50542.4,50656.45,09-09-2024 09:35
50653.15,50691.45,50610.25,50659.9,09-09-2024 09:40
50655.2,50682.05,50621.1,50672.2,09-09-2024 09:45
50672.1,50672.1,50575.95,50629.2,09-09-2024 09:50
50629.35,50671.55,50599.25,50638.9,09-09-2024 09:55
50640.1,50650.25,50585.85,50603.1,09-09-2024 10:00
50602.55,50608.1,50535.3,50544.5,09-09-2024 10:05
50544.55,50617.95,50544.55,50593.55,09-09-2024 10:10
50590.6,50603.55,50561.85,50578.25,09-09-2024 10:15
50572.75,50585.5,50547.05,50579.15,09-09-2024 10:20
50578.35,50588.35,50551.55,50580.1,09-09-2024 10:25
50579.3,50602.8,50567.95,50589.55,09-09-2024 10:30
50588.1,50647.15,50584.45,50640.65,09-09-2024 10:35
50639.65,50772.95,50630.6,50772.95,09-09-2024 10:40
50771.95,50810.15,50749.15,50770.75,09-09-2024 10:45
50777,50798.05,50759.2,50778.3,09-09-2024 10:50
50780.7,50780.7,50725.5,50732.85,09-09-2024 10:55
50733.35,50775.65,50729,50749.25,09-09-2024 11:00
50750.1,50775.65,50737.45,50768.95,09-09-2024 11:05
50769.2,50781.15,50748.05,50772.95,09-09-2024 11:10
50773.4,50814.55,50761.15,50789.25,09-09-2024 11:15
50788.9,50822.25,50753.15,50773.9,09-09-2024 11:20
50769.15,50779.9,50749.7,50761.85,09-09-2024 11:25
50760.45,50780.45,50730.5,50777.75,09-09-2024 11:30
50772.3,50781.95,50685.4,50736.4,09-09-2024 11:35
50735.15,50777.95,50735.15,50762,09-09-2024 11:40
50760.7,50812.6,50751.8,50805.9,09-09-2024 11:45
50805.7,50891.65,50791.5,50843.95,09-09-2024 11:50
50840.3,50846.05,50816.85,50820.4,09-09-2024 11:55
50820.4,50827.85,50782.45,50788.9,09-09-2024 12:00
50786.95,50793.6,50737.2,50739.4,09-09-2024 12:05
50738.65,50743.8,50669.7,50687.85,09-09-2024 12:10
50686.4,50691.8,50611.65,50639.55,09-09-2024 12:15
50640.5,50653.75,50620.6,50627.9,09-09-2024 12:20
50632.35,50654.25,50580.85,50588.15,09-09-2024 12:25
50589.05,50685.75,50563.85,50680.2,09-09-2024 12:30
50682.3,50692.2,50627,50636.5,09-09-2024 12:35
50636.7,50653.4,50622.1,50649.55,09-09-2024 12:40
50651.65,50691.25,50598.6,50609.3,09-09-2024 12:45
50610.25,50662.15,50606.05,50655.45,09-09-2024 12:50
50659.8,50679.65,50649.7,50663.55,09-09-2024 12:55
50663.65,50694.85,50662.1,50685.9,09-09-2024 13:00
50683.95,50715.65,50668.2,50684.05,09-09-2024 13:05
50683.9,50692.15,50654.25,50679.4,09-09-2024 13:10
50678.05,50704.15,50651.9,50698.2,09-09-2024 13:15
50697.75,50834.6,50689.9,50800.95,09-09-2024 13:20
50801.45,50912.45,50792.55,50893.55,09-09-2024 13:25
50894.55,50942.45,50846.45,50903.05,09-09-2024 13:30
50904.25,50912.35,50857.2,50868.15,09-09-2024 13:35
50869.6,50892.2,50839.7,50846.5,09-09-2024 13:40
50846.5,50883.8,50846.5,50869.7,09-09-2024 13:45
50868,50879.85,50818.9,50859.8,09-09-2024 13:50
50860.25,50917.4,50855.85,50903.3,09-09-2024 13:55
50905.3,50944.4,50884.1,50887.55,09-09-2024 14:00
50889.95,50932.2,50883.2,50912.45,09-09-2024 14:05
50913.95,50971.8,50913.4,50954.7,09-09-2024 14:10
50955.85,51013.95,50952.55,50954,09-09-2024 14:15
50954.55,50974.25,50934.9,50965.65,09-09-2024 14:20
50970.4,50997.3,50920.35,50933.7,09-09-2024 14:25
50933.8,50973.1,50919.25,50950.1,09-09-2024 14:30
50950.5,51038.65,50950.2,51035.45,09-09-2024 14:35
51028.7,51064.85,51017.45,51042.8,09-09-2024 14:40
51043.05,51162.2,51043.05,51138.15,09-09-2024 14:45
51135.6,51166.95,51124.15,51151.9,09-09-2024 14:50
51150.6,51192.75,51120.55,51133.85,09-09-2024 14:55
51136.65,51150.8,51089.3,51141.8,09-09-2024 15:00
51138.6,51149.6,51116.75,51130.85,09-09-2024 15:05
51134.1,51151.85,51108.55,51112.35,09-09-2024 15:10
51107.7,51129.15,51087.35,51098.5,09-09-2024 15:15
51095.7,51117.25,51072.7,51104.25,09-09-2024 15:20
51105.6,51130.95,51082.9,51126.55,09-09-2024 15:25
51328.3,51329.8,51135.15,51162.3,10-09-2024 09:15
51158.8,51218.2,51109.95,51216.2,10-09-2024 09:20
51212.9,51221.05,51121.75,51191.2,10-09-2024 09:25
51191.1,51208.7,51157.6,51197.45,10-09-2024 09:30
51197.85,51242.45,51140.65,51153.15,10-09-2024 09:35
51144.4,51168.75,51083.6,51115.55,10-09-2024 09:40
51115.85,51131.75,51014.05,51039.25,10-09-2024 09:45
51042.25,51067.45,51000.5,51019.6,10-09-2024 09:50
51019.25,51033.8,50958.25,50992.5,10-09-2024 09:55
50992.4,51048.25,50968.1,51048.25,10-09-2024 10:00
51045.35,51056.75,50993.05,51036.9,10-09-2024 10:05
51034,51074.05,51005.8,51063.6,10-09-2024 10:10
51067.25,51088.2,51049.85,51076,10-09-2024 10:15
51074.8,51100.95,51056.4,51095.15,10-09-2024 10:20
51092.95,51126.6,51085.2,51120.65,10-09-2024 10:25
51119.7,51177,51116.75,51177,10-09-2024 10:30
51178.15,51194.4,51149.1,51168,10-09-2024 10:35
51167.25,51178.1,51135.3,51143.45,10-09-2024 10:40
51138.85,51144.5,51046.15,51080.55,10-09-2024 10:45
51080.1,51086.9,51058.3,51086.9,10-09-2024 10:50
51085.15,51142.7,51080.3,51133.8,10-09-2024 10:55
51132.15,51151.7,51121.85,51143.4,10-09-2024 11:00
51142.05,51153.5,51077.6,51081.65,10-09-2024 11:05
51081.65,51145.05,51081.65,51142.45,10-09-2024 11:10
51140.5,51199.7,51130.75,51160.75,10-09-2024 11:15
51162.8,51181.6,51138.45,51159.8,10-09-2024 11:20
51159.35,51192.15,51159.35,51177.95,10-09-2024 11:25
51178,51199.7,51158.1,51172.35,10-09-2024 11:30
51172.3,51174.1,51139.8,51150.45,10-09-2024 11:35
51150.45,51182.1,51142.55,51175.4,10-09-2024 11:40
51175.3,51189.55,51156.7,51186.5,10-09-2024 11:45
51186.35,51209.9,51182.55,51208.25,10-09-2024 11:50
51206.95,51253.85,51197.35,51233.1,10-09-2024 11:55
51233.4,51243.85,51174.6,51186.15,10-09-2024 12:00
51185.25,51211.4,51179.1,51204.2,10-09-2024 12:05
51206.65,51230.1,51202.2,51211.45,10-09-2024 12:10
51215.5,51217.75,51174.15,51190.4,10-09-2024 12:15
51190.95,51207.8,51179.75,51207.8,10-09-2024 12:20
51204.75,51224,51194.85,51219.8,10-09-2024 12:25
51218.15,51236.3,51209.75,51222.4,10-09-2024 12:30
51220.9,51265.4,51216.2,51248.35,10-09-2024 12:35
51248.55,51274.05,51238.2,51267.15,10-09-2024 12:40
51268.25,51275.1,51233.7,51243.05,10-09-2024 12:45
51243.2,51266.25,51237.7,51240.75,10-09-2024 12:50
51242.15,51259.2,51192.95,51213.65,10-09-2024 12:55
51213.2,51256.75,51204.95,51238.95,10-09-2024 13:00
51234.15,51274.45,51230.5,51271.3,10-09-2024 13:05
51270.15,51289.05,51252.25,51264.45,10-09-2024 13:10
51263.25,51274.55,51250.3,51266.6,10-09-2024 13:15
51267.65,51304.55,51264.4,51293.45,10-09-2024 13:20
51291.75,51344.55,51278.5,51342,10-09-2024 13:25
51340.2,51366,51296,51302.9,10-09-2024 13:30
51305.55,51309.15,51270.85,51289.95,10-09-2024 13:35
51289,51329.2,51287.3,51329.2,10-09-2024 13:40
51329.7,51345.8,51310.25,51337.9,10-09-2024 13:45
51339.85,51352.5,51316.15,51340.35,10-09-2024 13:50
51339.35,51355.85,51322.15,51325.8,10-09-2024 13:55
51328.7,51338.95,51290.3,51304,10-09-2024 14:00
51303.65,51341.25,51292.3,51331.2,10-09-2024 14:05
51332.65,51343.8,51301.15,51317.95,10-09-2024 14:10
51313.95,51323.95,51288.95,51323.15,10-09-2024 14:15
51323.6,51329.3,51294.85,51306.3,10-09-2024 14:20
51307.85,51340.25,51300.55,51310.95,10-09-2024 14:25
51310.65,51313.15,51245.2,51262.85,10-09-2024 14:30
51262.8,51294.2,51243.2,51272.75,10-09-2024 14:35
51269.2,51297.35,51265.95,51275.45,10-09-2024 14:40
51277.6,51280.55,51236.55,51261,10-09-2024 14:45
51261.9,51269.65,51213.5,51223.75,10-09-2024 14:50
51220.7,51273.85,51220.7,51265.65,10-09-2024 14:55
51262.85,51272.95,51175.75,51266.8,10-09-2024 15:00
51262.25,51282.95,51224.4,51270,10-09-2024 15:05
51275.1,51327.35,51259.2,51267.1,10-09-2024 15:10
51265,51306.85,51251,51290.15,10-09-2024 15:15
51288.9,51304.25,51261.75,51299.85,10-09-2024 15:20
51301.5,51320.85,51266.3,51277.65,10-09-2024 15:25
51218.55,51218.55,51080.95,51093.4,11-09-2024 09:15
51089.4,51115.8,51062.6,51070.7,11-09-2024 09:20
51070.5,51098.35,51047.8,51084.9,11-09-2024 09:25
51085.5,51152.25,51074.95,51104.5,11-09-2024 09:30
51101.65,51239.6,51100.45,51232.6,11-09-2024 09:35
51233.8,51288.85,51208.15,51286.75,11-09-2024 09:40
51286.65,51310.7,51269.6,51281.3,11-09-2024 09:45
51285.75,51285.75,51237.1,51240.1,11-09-2024 09:50
51238.15,51317.6,51224.35,51263.4,11-09-2024 09:55
51257.6,51274.35,51228,51261.65,11-09-2024 10:00
51262.25,51293.9,51243.7,51268.6,11-09-2024 10:05
51268.85,51276.65,51237.25,51266.45,11-09-2024 10:10
51267.55,51315.05,51256.75,51301.7,11-09-2024 10:15
51302.65,51308.15,51251.65,51261.2,11-09-2024 10:20
51264.2,51287.2,51249.55,51286.95,11-09-2024 10:25
51287.7,51367.85,51273.05,51357,11-09-2024 10:30
51357.1,51420.15,51345,51394.9,11-09-2024 10:35
51397.35,51418,51380.8,51398.85,11-09-2024 10:40
51401.4,51401.4,51361.2,51361.2,11-09-2024 10:45
51361.5,51364.6,51297,51327.75,11-09-2024 10:50
51331,51334.05,51211.35,51253.8,11-09-2024 10:55
51254.45,51282.25,51232.95,51256.3,11-09-2024 11:00
51254.65,51340.4,51249.8,51328,11-09-2024 11:05
51328.65,51359.8,51312.85,51346.35,11-09-2024 11:10
51344.75,51352.45,51275,51298.65,11-09-2024 11:15
51297.8,51303.95,51237.85,51271.7,11-09-2024 11:20
51271.7,51284.95,51218.5,51282.6,11-09-2024 11:25
51282.9,51325.6,51264.5,51300.85,11-09-2024 11:30
51303.15,51307.95,51058.45,51146.55,11-09-2024 11:35
51142.2,51205.35,51112.65,51165.1,11-09-2024 11:40
51161.2,51167.3,51101.55,51136.05,11-09-2024 11:45
51131.65,51198.8,51131.65,51139.15,11-09-2024 11:50
51137.6,51216.5,51134.45,51196.6,11-09-2024 11:55
51196,51212.2,51148.2,51182,11-09-2024 12:00
51173.25,51217.05,51169.05,51185.65,11-09-2024 12:05
51186.9,51187.1,51130.55,51181.1,11-09-2024 12:10
51182.45,51202.8,51136.85,51158.95,11-09-2024 12:15
51161,51180.9,51116,51179.15,11-09-2024 12:20
51179.05,51193.45,51139.3,51147.35,11-09-2024 12:25
51150.8,51207.8,51137.1,51181.55,11-09-2024 12:30
51185.5,51187.15,51148.65,51165.5,11-09-2024 12:35
51167.35,51177.5,51133.4,51135.65,11-09-2024 12:40
51138.7,51156.5,51109.5,51147.05,11-09-2024 12:45
51145.1,51159.9,51102.25,51123.15,11-09-2024 12:50
51122.25,51142.05,51076.65,51102.95,11-09-2024 12:55
51102.7,51138.2,51088.65,51131.6,11-09-2024 13:00
51130.65,51146.5,51114.65,51128.15,11-09-2024 13:05
51128.45,51145.4,51115.8,51125.9,11-09-2024 13:10
51124.45,51133.85,51102.45,51121.5,11-09-2024 13:15
51119.1,51128,51104.2,51124.7,11-09-2024 13:20
51124.4,51178.35,51119,51159.35,11-09-2024 13:25
51158.3,51161.3,51109.45,51116,11-09-2024 13:30
51110.9,51134.5,51103.4,51124.75,11-09-2024 13:35
51119.9,51137.45,51098.8,51109.6,11-09-2024 13:40
51108.2,51125.5,51077.05,51111.15,11-09-2024 13:45
51110.05,51129.3,51091.9,51107.8,11-09-2024 13:50
51108.85,51117.2,51074.05,51079.2,11-09-2024 13:55
51076.7,51093.1,51043.9,51058.3,11-09-2024 14:00
51058.35,51076.15,51031.6,51072.55,11-09-2024 14:05
51068.55,51075.95,51038.95,51050.15,11-09-2024 14:10
51048.6,51081.2,51036.55,51059.55,11-09-2024 14:15
51060.5,51078.95,51040.35,51058,11-09-2024 14:20
51060.3,51080.5,51047.85,51065.2,11-09-2024 14:25
51063.75,51103.2,51049.25,51066,11-09-2024 14:30
51061.15,51084.8,51044.15,51076.7,11-09-2024 14:35
51075.7,51088.4,51047.4,51054.1,11-09-2024 14:40
51055.65,51064.15,51037.45,51052.2,11-09-2024 14:45
51052.85,51074.5,51037.05,51045.3,11-09-2024 14:50
51052.6,51052.6,50959.2,50988.15,11-09-2024 14:55
50987.7,51025.6,50949.65,50978.75,11-09-2024 15:00
50984.45,51037.85,50972.6,51006.85,11-09-2024 15:05
51006.85,51009.85,50960.55,50962.1,11-09-2024 15:10
50968.9,51023.05,50947.7,51002.55,11-09-2024 15:15
51002.7,51063.25,50978.1,51032.15,11-09-2024 15:20
51031.2,51094.5,51006.55,51094.5,11-09-2024 15:25
51271,51271,51125.75,51228.6,12-09-2024 09:15
51229.75,51250.05,51201.5,51244.85,12-09-2024 09:20
51246,51307.05,51246,51287.25,12-09-2024 09:25
51285.65,51304.5,51198.2,51229.3,12-09-2024 09:30
51230.25,51238.05,51146.4,51148.4,12-09-2024 09:35
51147.3,51269.3,51147.3,51266.55,12-09-2024 09:40
51267.55,51271.05,51216.65,51226.2,12-09-2024 09:45
51226.25,51243.85,51171.2,51171.2,12-09-2024 09:50
51168.6,51207.3,51116.65,51143.75,12-09-2024 09:55
51136.5,51182.4,51115.25,51180.5,12-09-2024 10:00
51175.1,51220.9,51175.1,51210.75,12-09-2024 10:05
51206.65,51225.3,51172.75,51176.55,12-09-2024 10:10
51175.6,51188,51114.05,51136.25,12-09-2024 10:15
51134.6,51177.9,51118.2,51151.1,12-09-2024 10:20
51149.8,51175.95,51128.4,51147.65,12-09-2024 10:25
51147.1,51167.2,51099.15,51155.85,12-09-2024 10:30
51154.65,51210.4,51147.9,51207.8,12-09-2024 10:35
51206.6,51208.45,51130.15,51139.95,12-09-2024 10:40
51140.55,51155.7,51111,51113.7,12-09-2024 10:45
51114.9,51170.35,51103,51113.5,12-09-2024 10:50
51108.7,51163.4,51091.75,51159.55,12-09-2024 10:55
51159.4,51181.8,51136.7,51141.1,12-09-2024 11:00
51138.5,51197.6,51125.65,51197.6,12-09-2024 11:05
51198.25,51202.65,51158.05,51173.7,12-09-2024 11:10
51175.5,51198.25,51163.25,51181.8,12-09-2024 11:15
51183.55,51224.45,51158.75,51160.4,12-09-2024 11:20
51158.7,51163.7,51025,51080.15,12-09-2024 11:25
51086.2,51155.7,51077.25,51142.6,12-09-2024 11:30
51142.1,51214.9,51130.7,51188,12-09-2024 11:35
51191.95,51215.45,51177.1,51204.25,12-09-2024 11:40
51200.5,51225.25,51152.1,51155.7,12-09-2024 11:45
51150.35,51173.2,51128.2,51149.75,12-09-2024 11:50
51152.95,51200.55,51140.75,51189.25,12-09-2024 11:55
51190.9,51213.65,51175.35,51178.8,12-09-2024 12:00
51179.25,51197.25,51152.9,51191.65,12-09-2024 12:05
51188.85,51208.9,51180.3,51201.15,12-09-2024 12:10
51201.55,51215.55,51183.75,51197.5,12-09-2024 12:15
51198.3,51202.45,51116.9,51141.7,12-09-2024 12:20
51139.6,51196.1,51126,51175.9,12-09-2024 12:25
51179,51189,51118.65,51150.95,12-09-2024 12:30
51149.25,51200.5,51142.4,51181.1,12-09-2024 12:35
51179.05,51216.4,51160.5,51205.45,12-09-2024 12:40
51203.85,51207.5,51140.15,51154.1,12-09-2024 12:45
51154.75,51178.65,51144.2,51174.9,12-09-2024 12:50
51172.1,51198.15,51152.2,51198.15,12-09-2024 12:55
51196.8,51214.7,51177.9,51210.55,12-09-2024 13:00
51211.3,51239.75,51167.65,51185,12-09-2024 13:05
51184.75,51215.55,51168,51187.9,12-09-2024 13:10
51188.05,51217.05,51167.65,51180,12-09-2024 13:15
51182.1,51250.75,51175.8,51233.1,12-09-2024 13:20
51232.35,51258.95,51214,51223.7,12-09-2024 13:25
51223.8,51234.6,51182.7,51198.55,12-09-2024 13:30
51197.8,51245.55,51189.05,51241.95,12-09-2024 13:35
51241.7,51255.6,51221.85,51249.5,12-09-2024 13:40
51249.3,51274.45,51240.45,51268.9,12-09-2024 13:45
51265.45,51269.5,51243.25,51247.4,12-09-2024 13:50
51247.85,51291.75,51243.8,51276.95,12-09-2024 13:55
51280.05,51410.25,51268,51410.25,12-09-2024 14:00
51408.7,51503.5,51408.7,51491.15,12-09-2024 14:05
51493.35,51549.85,51481.6,51518.1,12-09-2024 14:10
51516.55,51578.35,51514.55,51553.1,12-09-2024 14:15
51555,51621.8,51533.95,51587.05,12-09-2024 14:20
51583.75,51603.8,51556.85,51593.55,12-09-2024 14:25
51592.6,51613.95,51551.75,51582.05,12-09-2024 14:30
51580.35,51586.35,51549.1,51559.25,12-09-2024 14:35
51559.1,51584.25,51541.35,51566.2,12-09-2024 14:40
51566.75,51642.1,51553.2,51605.45,12-09-2024 14:45
51606.4,51646.2,51590.95,51620.45,12-09-2024 14:50
51621.75,51632.4,51596.35,51627.85,12-09-2024 14:55
51624.5,51817.65,51624.5,51815.75,12-09-2024 15:00
51815.4,51855.25,51787.25,51836.65,12-09-2024 15:05
51836.35,51878.1,51821.3,51855.05,12-09-2024 15:10
51849.1,51854.85,51709.3,51721.9,12-09-2024 15:15
51722.05,51729,51677.9,51715.55,12-09-2024 15:20
51718.8,51734.05,51635.65,51668.05,12-09-2024 15:25
51952.55,51952.55,51716.7,51773.05,13-09-2024 09:15
51770.45,51796.7,51709.7,51713.7,13-09-2024 09:20
51711.15,51752.8,51699.55,51730.45,13-09-2024 09:25
51726.7,51735.75,51643.95,51728.55,13-09-2024 09:30
51726.15,51799.95,51702.15,51732.45,13-09-2024 09:35
51732.5,51750.15,51704.65,51741.4,13-09-2024 09:40
51744.9,51765.95,51715.35,51725.85,13-09-2024 09:45
51724.55,51733.3,51676.95,51678.45,13-09-2024 09:50
51679.55,51718.85,51679.1,51689.4,13-09-2024 09:55
51695.45,51749.65,51688.75,51721.75,13-09-2024 10:00
51724.25,51746.2,51688.2,51697.95,13-09-2024 10:05
51697.6,51707.2,51672.5,51679.55,13-09-2024 10:10
51682.9,51723.25,51676.3,51714.05,13-09-2024 10:15
51714,51743.75,51701.6,51703.1,13-09-2024 10:20
51705.55,51731.9,51686.95,51723,13-09-2024 10:25
51738.35,51758.15,51722.85,51736.6,13-09-2024 10:30
51738.6,51776.55,51719.2,51772,13-09-2024 10:35
51772.05,51795.1,51738.4,51758.8,13-09-2024 10:40
51755.9,51765.1,51740.3,51751.25,13-09-2024 10:45
51750.4,51759.3,51717.25,51749.25,13-09-2024 10:50
51748.4,51810.55,51742.6,51803.95,13-09-2024 10:55
51804.25,51809.65,51777.15,51794.6,13-09-2024 11:00
51795.2,51827.05,51764.75,51827.05,13-09-2024 11:05
51825.15,51895.9,51816.55,51872.05,13-09-2024 11:10
51872.65,51873.9,51808.05,51815.2,13-09-2024 11:15
51817.2,51850.15,51798.7,51844.6,13-09-2024 11:20
51843.35,51848,51798.65,51813.8,13-09-2024 11:25
51812.95,51826.95,51771.95,51799.05,13-09-2024 11:30
51799.25,51835.6,51794.6,51814.85,13-09-2024 11:35
51814.7,51836.65,51792.9,51829.25,13-09-2024 11:40
51823.75,51850.4,51816.05,51838.55,13-09-2024 11:45
51840.35,51849.65,51815.45,51843.6,13-09-2024 11:50
51843.45,51850.5,51822.05,51844.95,13-09-2024 11:55
51846.4,51862.45,51826.35,51849.1,13-09-2024 12:00
51845,51869.15,51838.15,51869.15,13-09-2024 12:05
51864.5,51905.3,51853.85,51884.4,13-09-2024 12:10
51883.35,51891.85,51840.2,51866.65,13-09-2024 12:15
51866.05,51894.4,51856.3,51879.2,13-09-2024 12:20
51883.1,51926.15,51872.95,51912.85,13-09-2024 12:25
51911.95,51928.4,51894.45,51912.3,13-09-2024 12:30
51918.2,51925.85,51878.9,51900.9,13-09-2024 12:35
51901.5,51959.25,51895.7,51899.45,13-09-2024 12:40
51898.55,51928.6,51854.9,51925.6,13-09-2024 12:45
51920.65,51948.8,51909.85,51919.15,13-09-2024 12:50
51922.95,51948.9,51906.25,51919.6,13-09-2024 12:55
51921,51944.25,51908.3,51941.55,13-09-2024 13:00
51942.85,51946.45,51910.5,51944.95,13-09-2024 13:05
51943.9,51953.65,51920.7,51953.65,13-09-2024 13:10
51952.2,51954.7,51848.4,51848.4,13-09-2024 13:15
51853.7,51894.8,51850.95,51879.65,13-09-2024 13:20
51878.35,51889.75,51830.85,51838.55,13-09-2024 13:25
51836.6,51880.95,51816.95,51853.95,13-09-2024 13:30
51853.6,51868.85,51822.4,51856.7,13-09-2024 13:35
51855.3,51886.15,51849.05,51880.85,13-09-2024 13:40
51878.75,51891.2,51854.2,51877.9,13-09-2024 13:45
51878.6,51919.4,51877.05,51914.95,13-09-2024 13:50
51911.35,51920.05,51881.5,51919.15,13-09-2024 13:55
51919,51941.55,51903.8,51913.3,13-09-2024 14:00
51913.65,51929.75,51887.85,51926.75,13-09-2024 14:05
51929.45,51983.3,51925.55,51948.3,13-09-2024 14:10
51950.5,51957.7,51922.85,51929.35,13-09-2024 14:15
51929.45,51978.8,51911.75,51972.9,13-09-2024 14:20
51975.4,51994.1,51955.8,51974.45,13-09-2024 14:25
51973.35,51976.65,51926.8,51936.45,13-09-2024 14:30
51939.1,51966.15,51928.05,51959.3,13-09-2024 14:35
51958.75,51983.3,51938.3,51942.75,13-09-2024 14:40
51942.15,51959.85,51929.75,51944.85,13-09-2024 14:45
51949.7,51959.7,51899.9,51933.6,13-09-2024 14:50
51932.6,51947.55,51917.6,51937.4,13-09-2024 14:55
51933.65,51959,51872.05,51953.05,13-09-2024 15:00
51950.35,51970.8,51920.05,51970.8,13-09-2024 15:05
51968.1,51979,51934.8,51957,13-09-2024 15:10
51956.75,51974.6,51915.85,51930.75,13-09-2024 15:15
51927.9,51936.5,51904.45,51925.6,13-09-2024 15:20
51926.65,51932.95,51879.2,51896.6,13-09-2024 15:25
52038.7,52069.9,51921.45,52048.15,16-09-2024 09:15
52045.85,52066.95,51996.25,52064.5,16-09-2024 09:20
52064.65,52140.05,52057.3,52118.15,16-09-2024 09:25
52115.15,52137.3,52098.15,52105.4,16-09-2024 09:30
52105.75,52159.9,52080.65,52152.75,16-09-2024 09:35
52152.65,52169.75,52128.75,52166.4,16-09-2024 09:40
52166.1,52193.15,52149.95,52175.8,16-09-2024 09:45
52175.9,52183.5,52126.35,52135.65,16-09-2024 09:50
52139.85,52153.35,52113.3,52135.8,16-09-2024 09:55
52136,52164.95,52122.75,52127.1,16-09-2024 10:00
52128.7,52140.9,52110.55,52119.85,16-09-2024 10:05
52119.65,52144.85,52116.05,52129.8,16-09-2024 10:10
52126.9,52151.45,52116.25,52137.4,16-09-2024 10:15
52137.8,52167.2,52133.95,52167.2,16-09-2024 10:20
52167.2,52169.5,52108.3,52118.25,16-09-2024 10:25
52118.55,52135.65,52104.1,52129.55,16-09-2024 10:30
52130.45,52141.95,52113,52118.75,16-09-2024 10:35
52116.85,52125.7,52099.5,52114.3,16-09-2024 10:40
52111.1,52128.15,52099.7,52101.7,16-09-2024 10:45
52100.65,52109.95,52080.2,52087.3,16-09-2024 10:50
52089.2,52093.95,52074.4,52087.45,16-09-2024 10:55
52088.9,52112.95,52075,52109.6,16-09-2024 11:00
52112.05,52114.95,52084.4,52085.4,16-09-2024 11:05
52087.1,52102.75,52073.85,52097.35,16-09-2024 11:10
52100.1,52118.8,52095.45,52112.7,16-09-2024 11:15
52112.35,52131.8,52083.1,52089.25,16-09-2024 11:20
52083.4,52100.35,52079.8,52093.05,16-09-2024 11:25
52095.5,52096.75,52081.25,52087.1,16-09-2024 11:30
52087.15,52100.85,52076.7,52091.5,16-09-2024 11:35
52090.05,52094.5,52054.35,52073.9,16-09-2024 11:40
52074,52074.2,52046.95,52061.95,16-09-2024 11:45
52061.4,52094.3,52056.55,52093.85,16-09-2024 11:50
52093.1,52093.1,52067.35,52073.35,16-09-2024 11:55
52070.15,52087.8,52066.95,52075.8,16-09-2024 12:00
52078.2,52079.5,52061.45,52072.9,16-09-2024 12:05
52072.9,52077.1,52053.6,52065.6,16-09-2024 12:10
52064.45,52069.25,52042.05,52050.35,16-09-2024 12:15
52049.2,52053.55,52007.6,52045.95,16-09-2024 12:20
52052.55,52066.8,52036.55,52061.65,16-09-2024 12:25
52060,52073.45,52050.5,52067.9,16-09-2024 12:30
52067.05,52085.85,52050.55,52084.1,16-09-2024 12:35
52084.75,52102,52080.4,52099.2,16-09-2024 12:40
52100.8,52115.2,52081.35,52090,16-09-2024 12:45
52089.6,52120.7,52080.7,52106.05,16-09-2024 12:50
52106.5,52112.55,52086.55,52098.55,16-09-2024 12:55
52098.55,52106.65,52084.3,52100.65,16-09-2024 13:00
52100.9,52114.15,52095.5,52108.1,16-09-2024 13:05
52107.75,52123.3,52099.45,52116.75,16-09-2024 13:10
52118.2,52154.5,52113.65,52150.8,16-09-2024 13:15
52153.05,52172.65,52144.95,52160.8,16-09-2024 13:20
52162.8,52181.1,52159.05,52178.65,16-09-2024 13:25
52179.25,52187.35,52159.95,52176.5,16-09-2024 13:30
52176.8,52193.7,52152,52155.25,16-09-2024 13:35
52156.6,52196.65,52151.25,52188.6,16-09-2024 13:40
52188.8,52203.65,52171.55,52189.4,16-09-2024 13:45
52189.05,52195.55,52155.3,52168.35,16-09-2024 13:50
52172.35,52176.5,52153.9,52169.35,16-09-2024 13:55
52173.4,52177.35,52128.2,52139.55,16-09-2024 14:00
52140.7,52173.5,52136.95,52151.45,16-09-2024 14:05
52157.05,52167.55,52144.2,52157.7,16-09-2024 14:10
52158.9,52166.15,52123.8,52132.7,16-09-2024 14:15
52134.85,52164.95,52094.2,52146.45,16-09-2024 14:20
52145.25,52170.85,52138.95,52164.05,16-09-2024 14:25
52163.05,52174.45,52146.35,52169.15,16-09-2024 14:30
52168.7,52208.7,52141.55,52179.85,16-09-2024 14:35
52182.6,52198.1,52160.6,52171,16-09-2024 14:40
52170.7,52183.75,52152.5,52175.8,16-09-2024 14:45
52174.1,52178,52127.25,52159.2,16-09-2024 14:50
52162.65,52181.95,52132.35,52133.1,16-09-2024 14:55
52132.8,52167.25,52113.05,52116.25,16-09-2024 15:00
52116.7,52176.2,52116.7,52143.55,16-09-2024 15:05
52142.45,52169,52139.15,52143.7,16-09-2024 15:10
52141.3,52176.2,52138.95,52176.2,16-09-2024 15:15
52174.75,52176.05,52158.45,52164.7,16-09-2024 15:20
52167.05,52168.35,52140.65,52153.85,16-09-2024 15:25
52249.05,52261.1,52118.95,52134.75,17-09-2024 09:15
52140.8,52149.45,52085.5,52092.25,17-09-2024 09:20
52090.85,52189,52088.45,52185.4,17-09-2024 09:25
52186.9,52243.4,52177.55,52231.15,17-09-2024 09:30
52229.9,52284.6,52208.55,52222.75,17-09-2024 09:35
52217.8,52254.2,52205.15,52235.25,17-09-2024 09:40
52235.7,52266.95,52220.25,52221.75,17-09-2024 09:45
52220.25,52220.25,52159.7,52162.6,17-09-2024 09:50
52162.85,52168.3,52127.8,52129.55,17-09-2024 09:55
52130.75,52165.7,52116.6,52157.9,17-09-2024 10:00
52157.7,52204.5,52149.8,52196.05,17-09-2024 10:05
52196.7,52209.35,52155.3,52166.3,17-09-2024 10:10
52166.95,52170.7,52134.95,52150.25,17-09-2024 10:15
52151.1,52155.75,52119.65,52142,17-09-2024 10:20
52142,52168.5,52115.45,52161.35,17-09-2024 10:25
52159.7,52184.85,52152.9,52171.6,17-09-2024 10:30
52166.9,52220.05,52158.05,52214.4,17-09-2024 10:35
52213.05,52228.9,52205.7,52222.2,17-09-2024 10:40
52221.9,52232.95,52190.85,52210.5,17-09-2024 10:45
52209.2,52222.5,52194.65,52218.8,17-09-2024 10:50
52218.9,52221.8,52200.6,52212.55,17-09-2024 10:55
52213.6,52231.3,52205.5,52210.1,17-09-2024 11:00
52207.8,52223.95,52198.5,52208.15,17-09-2024 11:05
52203.45,52209.2,52179.95,52184.75,17-09-2024 11:10
52196.7,52210.95,52179.15,52202.75,17-09-2024 11:15
52203.2,52221.9,52192.5,52219.7,17-09-2024 11:20
52215.4,52239.8,52214.65,52225.9,17-09-2024 11:25
52223.5,52237.25,52212.05,52221.35,17-09-2024 11:30
52214.25,52229.05,52211.9,52224.75,17-09-2024 11:35
52223.75,52226.15,52197.95,52206.9,17-09-2024 11:40
52206.9,52228.8,52206.9,52214.8,17-09-2024 11:45
52213.75,52234.35,52209.95,52231.35,17-09-2024 11:50
52229.25,52243.7,52220.25,52237.9,17-09-2024 11:55
52236.35,52268.55,52227.3,52256.7,17-09-2024 12:00
52254.55,52265.35,52223.3,52230.25,17-09-2024 12:05
52230.25,52246.55,52208.95,52216.3,17-09-2024 12:10
52209.25,52242.35,52208.4,52242.15,17-09-2024 12:15
52241.3,52246.35,52227.9,52245.3,17-09-2024 12:20
52237.25,52254.5,52226.3,52243.6,17-09-2024 12:25
52237.6,52262.85,52237.4,52259.65,17-09-2024 12:30
52256.2,52263.65,52237.3,52243.2,17-09-2024 12:35
52237.75,52263.1,52233.95,52257.4,17-09-2024 12:40
52256.1,52271.45,52248,52260.1,17-09-2024 12:45
52260.2,52264.65,52229.25,52241.75,17-09-2024 12:50
52235.1,52258.2,52234.6,52252.5,17-09-2024 12:55
52252.6,52264.15,52249.95,52262.1,17-09-2024 13:00
52261.7,52266.55,52245.15,52260.8,17-09-2024 13:05
52254.9,52266,52245.7,52259.6,17-09-2024 13:10
52259.7,52270.3,52215.95,52230.5,17-09-2024 13:15
52233.2,52239.5,52207.9,52223.3,17-09-2024 13:20
52221.5,52247.2,52212.35,52241.2,17-09-2024 13:25
52241.25,52258.05,52232,52244.7,17-09-2024 13:30
52247.05,52248.7,52217.8,52230.8,17-09-2024 13:35
52231,52258.7,52225.4,52254.15,17-09-2024 13:40
52253.85,52259.1,52240.35,52252.95,17-09-2024 13:45
52252.35,52257.7,52232.95,52246.15,17-09-2024 13:50
52246.2,52253.15,52227.25,52239.15,17-09-2024 13:55
52239,52252.05,52234.7,52238.45,17-09-2024 14:00
52238.35,52257.25,52237.2,52253.55,17-09-2024 14:05
52254.6,52259.75,52212.85,52233.45,17-09-2024 14:10
52229.85,52262.45,52222.2,52234.35,17-09-2024 14:15
52231.95,52242.75,52184.35,52218.55,17-09-2024 14:20
52219.65,52238.8,52213.45,52228.1,17-09-2024 14:25
52226.25,52234.8,52164.05,52176.15,17-09-2024 14:30
52177.45,52233.8,52165.95,52219.65,17-09-2024 14:35
52220,52229.55,52206.95,52210.8,17-09-2024 14:40
52210.45,52239.4,52209.75,52235.25,17-09-2024 14:45
52235.65,52240.65,52190,52211.1,17-09-2024 14:50
52211.45,52233.75,52189,52227.15,17-09-2024 14:55
52220.35,52257.7,52197.3,52250.4,17-09-2024 15:00
52250.7,52260,52211.75,52238.3,17-09-2024 15:05
52239.25,52239.65,52172.05,52174.25,17-09-2024 15:10
52174.2,52194.8,52144.75,52155.15,17-09-2024 15:15
52153.75,52181.65,52136.25,52140.05,17-09-2024 15:20
52140.25,52189.5,52128.8,52144.65,17-09-2024 15:25
52177.1,52225.8,52154.55,52175.75,18-09-2024 09:15
52176,52308.7,52172.35,52307,18-09-2024 09:20
52305.4,52358.55,52290.6,52349.9,18-09-2024 09:25
52349.7,52376.4,52312.15,52343.05,18-09-2024 09:30
52343.25,52424.4,52328.7,52399.65,18-09-2024 09:35
52397.05,52450.85,52395.3,52433.25,18-09-2024 09:40
52433.15,52471.25,52403.35,52447.75,18-09-2024 09:45
52446.4,52478.1,52435.7,52442.2,18-09-2024 09:50
52443.1,52484.55,52416.05,52464.8,18-09-2024 09:55
52462.45,52468.85,52417.55,52424.55,18-09-2024 10:00
52423.75,52445.4,52405.2,52436.7,18-09-2024 10:05
52437.45,52454.7,52423.9,52442.5,18-09-2024 10:10
52440.55,52464.9,52434,52458.85,18-09-2024 10:15
52457.3,52460.85,52433.4,52445.2,18-09-2024 10:20
52443.65,52473,52434.45,52471.2,18-09-2024 10:25
52469.9,52487.5,52457.55,52470.05,18-09-2024 10:30
52470.95,52485,52457.9,52477.8,18-09-2024 10:35
52478.35,52680.05,52474.85,52676.45,18-09-2024 10:40
52682.9,52741.4,52644.4,52655.75,18-09-2024 10:45
52653.3,52678.6,52568.7,52589.95,18-09-2024 10:50
52594.4,52630.65,52589.6,52621.4,18-09-2024 10:55
52622.7,52654.6,52598.1,52644.9,18-09-2024 11:00
52646.85,52661.15,52597.8,52636.5,18-09-2024 11:05
52638.35,52684.25,52629.55,52671.95,18-09-2024 11:10
52669.65,52737.55,52660,52710.5,18-09-2024 11:15
52712.3,52714,52670,52674.65,18-09-2024 11:20
52677.75,52720.6,52663.65,52711.95,18-09-2024 11:25
52711.65,52743.8,52704.8,52733.3,18-09-2024 11:30
52735.05,52761.05,52724.1,52748.25,18-09-2024 11:35
52747.3,52781.9,52712.55,52736.3,18-09-2024 11:40
52729.4,52764.9,52717.5,52750.95,18-09-2024 11:45
52753.5,52780.15,52744.7,52766.2,18-09-2024 11:50
52766.45,52776,52743.75,52753.95,18-09-2024 11:55
52752.95,52784.45,52750.45,52765.2,18-09-2024 12:00
52767.55,52780.6,52757.9,52777.45,18-09-2024 12:05
52772.5,52795.35,52762.25,52773.8,18-09-2024 12:10
52767.45,52814.25,52767.45,52803.1,18-09-2024 12:15
52805.15,52848.2,52798.65,52845.05,18-09-2024 12:20
52843.15,52860.05,52833.7,52840.5,18-09-2024 12:25
52838.1,52867.2,52834.05,52859.15,18-09-2024 12:30
52863.3,52885.4,52851.9,52866.65,18-09-2024 12:35
52870.9,52933.75,52865.1,52928.6,18-09-2024 12:40
52926.45,52954.2,52885.25,52887.6,18-09-2024 12:45
52882,52897.9,52860.05,52887.15,18-09-2024 12:50
52885.3,52904.55,52828.7,52832,18-09-2024 12:55
52834.3,52870.9,52762.3,52772,18-09-2024 13:00
52774.4,52839.3,52761.7,52827.2,18-09-2024 13:05
52819.7,52829,52774.25,52795.4,18-09-2024 13:10
52794.15,52812.45,52774.65,52798.7,18-09-2024 13:15
52790.55,52808.95,52771.75,52778.3,18-09-2024 13:20
52774.05,52791.8,52750.95,52758.1,18-09-2024 13:25
52758.6,52773.7,52724.6,52750.2,18-09-2024 13:30
52750.6,52753.55,52659.35,52678.05,18-09-2024 13:35
52680.7,52721.1,52647.55,52708.2,18-09-2024 13:40
52709.35,52765.2,52697.5,52748.4,18-09-2024 13:45
52751.75,52830.2,52744.15,52800.65,18-09-2024 13:50
52794.2,52827.15,52786.85,52800.9,18-09-2024 13:55
52798.55,52815.4,52767.65,52787.25,18-09-2024 14:00
52785.15,52818.4,52773.9,52786.9,18-09-2024 14:05
52787.45,52814.2,52773.85,52810,18-09-2024 14:10
52807.7,52820.75,52778.45,52816.55,18-09-2024 14:15
52810.7,52859.05,52806.85,52841.25,18-09-2024 14:20
52840.65,52850.6,52781.55,52791.3,18-09-2024 14:25
52791.65,52835.7,52766,52778.8,18-09-2024 14:30
52774.45,52815.45,52766.65,52796.9,18-09-2024 14:35
52795.9,52818.35,52779.4,52788.35,18-09-2024 14:40
52790.85,52823.5,52783.05,52803.8,18-09-2024 14:45
52794.25,52814.4,52783.25,52788.6,18-09-2024 14:50
52781.85,52814.8,52755.3,52776.05,18-09-2024 14:55
52774.75,52818.2,52732.9,52808.9,18-09-2024 15:00
52805.4,52839.95,52747.15,52828.8,18-09-2024 15:05
52829.45,52847.6,52727.8,52794.45,18-09-2024 15:10
52788.6,52792.8,52681.2,52699.2,18-09-2024 15:15
52694.35,52743.75,52675.55,52708.15,18-09-2024 15:20
52710.6,52717.1,52622.8,52633.1,18-09-2024 15:25
52929.25,53191.75,52893.3,53183.1,19-09-2024 09:15
53190.15,53353.3,53143.8,53201.65,19-09-2024 09:20
53198.6,53287.8,53167.4,53180.95,19-09-2024 09:25
53184.45,53197.4,53150.7,53170.5,19-09-2024 09:30
53168.85,53261.7,53168.85,53227.5,19-09-2024 09:35
53227.15,53277.55,53194.7,53277.55,19-09-2024 09:40
53277.75,53299.75,53176.65,53185.05,19-09-2024 09:45
53180.2,53204.85,53016.1,53039.05,19-09-2024 09:50
53038.1,53114.3,53029.8,53071,19-09-2024 09:55
53069.75,53160.35,53067.75,53124.4,19-09-2024 10:00
53129.3,53142.95,53057,53113.3,19-09-2024 10:05
53112.9,53122.1,53055.2,53060.8,19-09-2024 10:10
53064.95,53093.35,53024.95,53053.15,19-09-2024 10:15
53054.65,53088.75,53053.2,53087.95,19-09-2024 10:20
53086.8,53095.7,53053.2,53072.65,19-09-2024 10:25
53067.45,53122.25,53057.05,53103.25,19-09-2024 10:30
53102.6,53118,53086.8,53116.85,19-09-2024 10:35
53116.95,53118.2,53059.5,53076.2,19-09-2024 10:40
53079.45,53123.6,53063.35,53122.55,19-09-2024 10:45
53119.3,53203.35,53108.85,53189.6,19-09-2024 10:50
53188.6,53188.6,53145.15,53167.05,19-09-2024 10:55
53165.7,53184.7,53131.95,53146.65,19-09-2024 11:00
53147.75,53157.85,53125.3,53139.85,19-09-2024 11:05
53138,53154.5,53113.9,53149.2,19-09-2024 11:10
53150.65,53159.75,53118.5,53119.95,19-09-2024 11:15
53119.75,53136.1,53024.25,53044.15,19-09-2024 11:20
53043.65,53047.15,52902,52938.3,19-09-2024 11:25
52934.55,53016.4,52922,52974.8,19-09-2024 11:30
52975.25,52989.05,52907.9,52941.5,19-09-2024 11:35
52946,52955.75,52847.9,52915.95,19-09-2024 11:40
52913.5,52941.8,52879.6,52900.3,19-09-2024 11:45
52895.7,52962.35,52876.7,52962.15,19-09-2024 11:50
52962.15,53011.85,52883.75,52898.35,19-09-2024 11:55
52900.55,52999.9,52898.15,52985.1,19-09-2024 12:00
52983.8,52997.8,52956.55,52994.65,19-09-2024 12:05
52994.45,53011.25,52962.3,52977,19-09-2024 12:10
52978.7,52978.7,52932.7,52942.65,19-09-2024 12:15
52946.8,52973.75,52921.9,52973.75,19-09-2024 12:20
52962.9,53001.9,52887.4,52890.05,19-09-2024 12:25
52885.85,52952.9,52885.85,52917.15,19-09-2024 12:30
52916.35,52965.95,52897.85,52955.65,19-09-2024 12:35
52961.2,53019.35,52953.25,53000.15,19-09-2024 12:40
52999.25,53110.35,52999.25,53069.35,19-09-2024 12:45
53068.4,53088.25,53008.5,53013.65,19-09-2024 12:50
53007.05,53022.8,52953.25,52961.75,19-09-2024 12:55
52959.45,52985.2,52939.3,52979.25,19-09-2024 13:00
52980.5,53017.85,52955.25,52961.4,19-09-2024 13:05
52965.45,52987.9,52955.9,52967.05,19-09-2024 13:10
52968,53021.15,52937.8,52951,19-09-2024 13:15
52950.4,52997.05,52928.6,52995.35,19-09-2024 13:20
52994.75,53006.35,52937.1,52942.2,19-09-2024 13:25
52943.3,52964.15,52932.8,52957.55,19-09-2024 13:30
52959.1,52963.75,52923.95,52927.35,19-09-2024 13:35
52928.95,52957.1,52898.75,52953.7,19-09-2024 13:40
52953.5,52956.9,52882.05,52889.75,19-09-2024 13:45
52887.05,52954.25,52886.15,52946.3,19-09-2024 13:50
52947.75,52972.8,52936.9,52953.95,19-09-2024 13:55
52951.95,52962.2,52937.45,52944.3,19-09-2024 14:00
52950.15,52976.7,52947.65,52965.3,19-09-2024 14:05
52967.15,53009.05,52962.8,52970.05,19-09-2024 14:10
52969,52969.75,52938.25,52938.55,19-09-2024 14:15
52936.4,52968.1,52930.55,52959.2,19-09-2024 14:20
52962.05,52979.8,52948.75,52964.15,19-09-2024 14:25
52966.3,53001.05,52947.5,52948.65,19-09-2024 14:30
52947.2,52965.15,52922.05,52923.45,19-09-2024 14:35
52920.25,52950.25,52916.35,52944.5,19-09-2024 14:40
52943,52951.25,52917.65,52926.6,19-09-2024 14:45
52923.3,52988.75,52923.3,52988.75,19-09-2024 14:50
52990.55,53029.15,52985,53014.25,19-09-2024 14:55
53017.6,53057.8,52970.4,53036.15,19-09-2024 15:00
53034.5,53037.55,53004.4,53022.2,19-09-2024 15:05
53026.7,53081.55,53025.35,53053.15,19-09-2024 15:10
53055.05,53059,53013.4,53031.95,19-09-2024 15:15
53031.7,53067.55,53015.15,53060.7,19-09-2024 15:20
53062.9,53102.2,53045.15,53045.15,19-09-2024 15:25
53235.8,53314.7,53081.1,53104.55,20-09-2024 09:15
53079.1,53154.5,53037.6,53079.2,20-09-2024 09:20
53076,53135.4,53042.2,53095.6,20-09-2024 09:25
53095.8,53151.6,53083.5,53122.15,20-09-2024 09:30
53125.5,53145.25,53043.6,53094.35,20-09-2024 09:35
53095.6,53142.25,53072.45,53103.05,20-09-2024 09:40
53105.25,53163.35,53066.75,53136,20-09-2024 09:45
53141,53238.5,53139.6,53216.8,20-09-2024 09:50
53214.6,53358.95,53206.15,53329.45,20-09-2024 09:55
53334.15,53399.05,53322.2,53366.95,20-09-2024 10:00
53370.75,53396.2,53346.25,53382.85,20-09-2024 10:05
53381.4,53434.25,53346,53348.2,20-09-2024 10:10
53352.9,53378.8,53309.65,53310,20-09-2024 10:15
53309.9,53342.9,53296.85,53315.9,20-09-2024 10:20
53323.2,53380.45,53317.7,53368.05,20-09-2024 10:25
53369.65,53421.35,53356.75,53418.3,20-09-2024 10:30
53418.45,53521,53408.4,53502.7,20-09-2024 10:35
53507.8,53533.4,53478.8,53520.55,20-09-2024 10:40
53527.5,53549.15,53490.45,53530.05,20-09-2024 10:45
53523.85,53550.65,53503.95,53532.6,20-09-2024 10:50
53531.65,53556.6,53498.65,53501.1,20-09-2024 10:55
53501.4,53512.45,53445.4,53474.3,20-09-2024 11:00
53474.3,53489.25,53434.3,53466.75,20-09-2024 11:05
53467.35,53546.15,53465.95,53535.45,20-09-2024 11:10
53535.45,53559.35,53496.75,53516,20-09-2024 11:15
53513.05,53527.95,53472.6,53484.2,20-09-2024 11:20
53482.2,53509.45,53472.3,53491,20-09-2024 11:25
53488.95,53529.5,53483.55,53495.4,20-09-2024 11:30
53494.2,53496.05,53453.95,53465.45,20-09-2024 11:35
53465.4,53510.75,53465.4,53485.45,20-09-2024 11:40
53486.05,53534.75,53456.7,53512.85,20-09-2024 11:45
53510.7,53535.9,53482.7,53507.1,20-09-2024 11:50
53507.1,53514.3,53482.4,53500.3,20-09-2024 11:55
53499.85,53553.45,53497.05,53552.7,20-09-2024 12:00
53553.3,53636.8,53527.55,53600.45,20-09-2024 12:05
53594.25,53639.65,53577.55,53598,20-09-2024 12:10
53598.55,53609.75,53583.9,53584.25,20-09-2024 12:15
53589.4,53628.6,53570.7,53584,20-09-2024 12:20
53583.35,53603.45,53545.95,53578.9,20-09-2024 12:25
53583.9,53592.2,53547.15,53578.35,20-09-2024 12:30
53575.6,53615.35,53557.6,53568.5,20-09-2024 12:35
53566.7,53610.3,53557.8,53598.25,20-09-2024 12:40
53599.55,53711.9,53588.2,53703.3,20-09-2024 12:45
53701.6,53703.85,53660,53676.4,20-09-2024 12:50
53674.15,53678.9,53633.45,53653.4,20-09-2024 12:55
53659.75,53679.7,53623.5,53623.8,20-09-2024 13:00
53628.8,53652.85,53582.95,53638.05,20-09-2024 13:05
53635.05,53671.05,53632.35,53649.1,20-09-2024 13:10
53644.3,53659.2,53633.9,53654.15,20-09-2024 13:15
53653.3,53676.6,53618.15,53646.6,20-09-2024 13:20
53645.95,53666.75,53605.4,53617.4,20-09-2024 13:25
53618.2,53632.85,53303,53342.7,20-09-2024 13:30
53343.25,53349,53095.05,53256.3,20-09-2024 13:35
53253.8,53372.9,53214.75,53235.15,20-09-2024 13:40
53228.35,53430.75,53225.2,53430.75,20-09-2024 13:45
53427.35,53487.15,53341.05,53485.9,20-09-2024 13:50
53474.2,53521.25,53370.75,53403,20-09-2024 13:55
53402,53465.95,53332.65,53399.4,20-09-2024 14:00
53396.75,53426.85,53348.05,53416.1,20-09-2024 14:05
53409.45,53425.45,53372.15,53410.2,20-09-2024 14:10
53414.4,53494.75,53399.8,53447.75,20-09-2024 14:15
53447.15,53498.1,53246,53267.45,20-09-2024 14:20
53279.35,53454.45,53265.25,53341.1,20-09-2024 14:25
53344.5,53413,53327.2,53388.05,20-09-2024 14:30
53386.1,53423.5,53380,53392.4,20-09-2024 14:35
53389.75,53399.55,53300.05,53310.15,20-09-2024 14:40
53308.15,53437.5,53308.15,53433.9,20-09-2024 14:45
53422.65,53547.15,53393.1,53503.85,20-09-2024 14:50
53499,53500.5,53373.65,53376.75,20-09-2024 14:55
53375.6,53642.25,53375.6,53624.85,20-09-2024 15:00
53628.75,53790.55,53617.1,53790.55,20-09-2024 15:05
53778.65,53864.45,53749.7,53826.8,20-09-2024 15:10
53828.1,53880.55,53794.4,53818.5,20-09-2024 15:15
53819.8,54049.9,53778.6,54002.05,20-09-2024 15:20
54002.15,54066.1,53875.55,53937.15,20-09-2024 15:25
53917.9,53917.9,53741.4,53831.5,23-09-2024 09:15
53834.65,53886.15,53765.15,53816.75,23-09-2024 09:20
53818.4,53877.9,53803.7,53845.6,23-09-2024 09:25
53848.55,53970.45,53846.1,53928.05,23-09-2024 09:30
53926.9,53938.7,53826.95,53885.1,23-09-2024 09:35
53887.45,53888.65,53830.95,53858.25,23-09-2024 09:40
53853.05,53888.65,53835.75,53844,23-09-2024 09:45
53842.45,53899.05,53832.75,53886.4,23-09-2024 09:50
53891.55,53902.85,53844.25,53865.95,23-09-2024 09:55
53867.25,53903.6,53856.55,53875.75,23-09-2024 10:00
53873.9,53943.2,53857.85,53937.3,23-09-2024 10:05
53936.65,53986.15,53909.15,53934.35,23-09-2024 10:10
53935.5,53955.6,53909.45,53926.75,23-09-2024 10:15
53928.05,53957.95,53891.05,53928.6,23-09-2024 10:20
53930.1,53957.6,53911.2,53954.55,23-09-2024 10:25
53955.55,53963.25,53915.85,53945,23-09-2024 10:30
53946.35,53950.4,53901.5,53901.5,23-09-2024 10:35
53908.25,53916.2,53868.35,53915.35,23-09-2024 10:40
,,,,
53913.4,53930.4,53898.75,53906.1,23-09-2024 10:45
53904.85,53956,53903.35,53948.9,23-09-2024 10:50
53949.35,53957.05,53916.2,53948.6,23-09-2024 10:55
53947.85,53965.55,53938.25,53943.65,23-09-2024 11:00
53946.25,53973.55,53936.1,53967.2,23-09-2024 11:05
53963.55,53983.75,53939.7,53966.5,23-09-2024 11:10
53968.55,53992.55,53963.6,53982.35,23-09-2024 11:15
53981.05,53994.6,53940.45,53972.75,23-09-2024 11:20
53971.35,53974.5,53947.55,53950.15,23-09-2024 11:25
53949.7,53971.85,53931.15,53963.2,23-09-2024 11:30
53967.2,53981,53938.8,53979.95,23-09-2024 11:35
53980.1,53988.8,53950,53963.15,23-09-2024 11:40
53963.15,53970.2,53891.45,53891.8,23-09-2024 11:45
53899.05,53926.45,53892.15,53915.65,23-09-2024 11:50
53916.95,53940.5,53908.5,53939.65,23-09-2024 11:55
53938.95,53954,53921.25,53950.95,23-09-2024 12:00
53951.5,53991.05,53946.65,53966.3,23-09-2024 12:05
53966.8,53973.4,53951.35,53954.45,23-09-2024 12:10
53953.45,53979.7,53941.9,53966.65,23-09-2024 12:15
53967.35,53971.85,53937.55,53951.15,23-09-2024 12:20
53951.1,53953.5,53935.5,53945.45,23-09-2024 12:25
53943.25,53977.3,53940.55,53958,23-09-2024 12:30
53960.2,53973.9,53945.5,53954.7,23-09-2024 12:35
53962.1,53991.6,53954.05,53976.5,23-09-2024 12:40
53975.1,53977.5,53942.35,53952.05,23-09-2024 12:45
53953.3,53971.7,53947.9,53954.9,23-09-2024 12:50
53953.25,53967.05,53947.6,53966.3,23-09-2024 12:55
53970.65,54010.25,53954.2,53995.05,23-09-2024 13:00
53994.65,54046.4,53989.15,54034.3,23-09-2024 13:05
54035.6,54052.85,54011.4,54024.9,23-09-2024 13:10
54027.05,54039.6,54008.45,54037.6,23-09-2024 13:15
54038.45,54059.2,54023.1,54052.95,23-09-2024 13:20
54053.15,54057.8,54020.55,54038.55,23-09-2024 13:25
54038.65,54076.25,54038.65,54068.6,23-09-2024 13:30
54069.1,54088.45,54045.65,54046.8,23-09-2024 13:35
54045.4,54069.45,54038.4,54060.75,23-09-2024 13:40
54054,54070.8,54034.95,54044.3,23-09-2024 13:45
54043.65,54062.45,54023.95,54059.5,23-09-2024 13:50
54064,54065.25,54040.7,54050.25,23-09-2024 13:55
54053.9,54091.15,54052.45,54083.1,23-09-2024 14:00
54084.75,54092.15,54064.9,54084.25,23-09-2024 14:05
54084.15,54090.1,54053.75,54075.65,23-09-2024 14:10
54078.6,54148.35,54068.8,54133.15,23-09-2024 14:15
54140.25,54190.65,54130.45,54174.95,23-09-2024 14:20
54181.85,54197.95,54141.55,54144.3,23-09-2024 14:25
54144.65,54165.75,54106.15,54129.75,23-09-2024 14:30
54129.3,54170.65,54112.45,54147.6,23-09-2024 14:35
54147.8,54157.6,54138.7,54151.8,23-09-2024 14:40
54149.1,54194.5,54145.3,54186.25,23-09-2024 14:45
54185.05,54187.1,54130.45,54149.1,23-09-2024 14:50
54152.95,54152.95,54111.45,54120,23-09-2024 14:55
54118.6,54157.5,54071.6,54157.5,23-09-2024 15:00
54156,54188.7,54131.75,54140.4,23-09-2024 15:05
54137.8,54137.8,54039.85,54080.75,23-09-2024 15:10
54088.85,54120.55,54072.15,54077.45,23-09-2024 15:15
54081.2,54088.85,54048.05,54058.5,23-09-2024 15:20
54058.35,54110.75,54042.9,54076.3,23-09-2024 15:25
54110.65,54146.5,53962.95,54062.4,24-09-2024 09:15
54053.4,54086.05,54023.6,54032.6,24-09-2024 09:20
54042.45,54052.15,53983.55,54018.4,24-09-2024 09:25
54023.35,54040.85,53970.7,54013.25,24-09-2024 09:30
54020.75,54110.6,54009.3,54106.15,24-09-2024 09:35
54107.15,54142.5,54067.95,54124.55,24-09-2024 09:40
54109.1,54135.85,54094.3,54104.4,24-09-2024 09:45
54106.9,54158.4,54092.6,54142.35,24-09-2024 09:50
54147.3,54155.05,54109.5,54109.65,24-09-2024 09:55
54109.65,54156.05,54097.55,54109.4,24-09-2024 10:00
54111.75,54133.9,54095.65,54108.15,24-09-2024 10:05
54103.4,54107.55,54059.35,54069.95,24-09-2024 10:10
54066.8,54105.9,54052,54104.6,24-09-2024 10:15
54102.85,54119.85,54086.45,54087.7,24-09-2024 10:20
54084.65,54102.45,54069.7,54072.65,24-09-2024 10:25
54070.2,54095.1,54051.7,54059.7,24-09-2024 10:30
54060.55,54082,54039.85,54046.2,24-09-2024 10:35
54045.9,54063.15,53988.6,54002.65,24-09-2024 10:40
54000,54009.1,53966.45,53996.9,24-09-2024 10:45
53996.1,54025.8,53986.35,54009.75,24-09-2024 10:50
54008.1,54034.6,53993.85,54023.8,24-09-2024 10:55
54026.4,54031.45,53969.3,53986,24-09-2024 11:00
53988.45,54001.55,53969.95,53990.45,24-09-2024 11:05
53989.55,54001.15,53966.55,53985.55,24-09-2024 11:10
53984.4,54006.8,53974.8,54003.9,24-09-2024 11:15
54002.05,54015.25,53966.75,53967.55,24-09-2024 11:20
53973.6,53980.1,53940.8,53967.45,24-09-2024 11:25
53967.6,53991.95,53962.05,53989.1,24-09-2024 11:30
53982.7,54015.85,53972.9,53983.3,24-09-2024 11:35
53983.05,54005.9,53976.4,54002.9,24-09-2024 11:40
54002.85,54028.75,53979.15,54020.15,24-09-2024 11:45
54024.3,54026.7,53981.95,53985.5,24-09-2024 11:50
53991.8,54001.5,53966.8,53996.5,24-09-2024 11:55
53999.7,54027.55,53997.55,54012.7,24-09-2024 12:00
54018.2,54033.55,53997.7,54032.25,24-09-2024 12:05
54029.7,54033.6,54015.3,54021.4,24-09-2024 12:10
54021.7,54087.5,54016.7,54062.55,24-09-2024 12:15
54065.25,54095.4,54061.05,54078.45,24-09-2024 12:20
54077.25,54093.6,54054.55,54069.75,24-09-2024 12:25
54070.95,54107.75,54062.7,54100.75,24-09-2024 12:30
54101.6,54110.45,54080.6,54082.8,24-09-2024 12:35
54083.2,54089.55,54049.65,54057.6,24-09-2024 12:40
54059.7,54069.75,54043.5,54055.8,24-09-2024 12:45
54055.6,54105.15,54051.2,54083.05,24-09-2024 12:50
54081.6,54113.65,54067.3,54102.9,24-09-2024 12:55
54104,54117.4,54089.5,54114.15,24-09-2024 13:00
54113.5,54127.65,54088.4,54103.35,24-09-2024 13:05
54102.5,54119.45,54089.4,54105.25,24-09-2024 13:10
54107.05,54119,54095.55,54111.1,24-09-2024 13:15
54113.85,54121.4,54084.65,54102.05,24-09-2024 13:20
54107.65,54112.25,54087.25,54092.7,24-09-2024 13:25
54093.8,54100.7,54062.2,54070.1,24-09-2024 13:30
54070.1,54087.65,54055.5,54064.2,24-09-2024 13:35
54066.55,54101.25,54060.2,54088.05,24-09-2024 13:40
54087.95,54100.6,54080.5,54085.6,24-09-2024 13:45
54086.35,54128.05,54085.35,54114.25,24-09-2024 13:50
54118.1,54137.45,54091.7,54105.15,24-09-2024 13:55
54107.6,54136.6,54094.1,54121.85,24-09-2024 14:00
54122.85,54145.95,54118.55,54139.55,24-09-2024 14:05
54140.25,54151.4,54105.75,54108.4,24-09-2024 14:10
54100.6,54132.1,54098.05,54115.85,24-09-2024 14:15
54124.65,54135.8,54000.85,54064.25,24-09-2024 14:20
54064.55,54123.95,54051.65,54076.2,24-09-2024 14:25
54071.9,54101.8,54039.55,54042.35,24-09-2024 14:30
54042.6,54078.55,54033.9,54054.4,24-09-2024 14:35
54055,54069.75,54029.05,54045.2,24-09-2024 14:40
54047.4,54072.8,54025.05,54048.85,24-09-2024 14:45
54047.4,54247.7,54028.25,54046.7,24-09-2024 14:50
54052.5,54086.95,53994.1,54010.1,24-09-2024 14:55
54008.85,54011.15,53923.25,53938.8,24-09-2024 15:00
53939.5,53959.55,53904.65,53939.15,24-09-2024 15:05
53937.9,53993.4,53934.75,53978.6,24-09-2024 15:10
53977.1,54023.65,53971.8,54011.65,24-09-2024 15:15
54010.3,54028.55,53990.9,54001.2,24-09-2024 15:20
54001.05,54009.4,53951.4,53971.25,24-09-2024 15:25
53794,53912.55,53792.85,53901.45,25-09-2024 09:15
53901.95,53975.8,53901.45,53941.2,25-09-2024 09:20
53943.85,54015.5,53938,53971.35,25-09-2024 09:25
53971.95,54017.95,53953.35,53972.7,25-09-2024 09:30
53977.25,53998.25,53936.75,53988.7,25-09-2024 09:35
53987.2,54018.8,53974.65,53987.7,25-09-2024 09:40
53981.7,54027.95,53967.8,54027.95,25-09-2024 09:45
54016.05,54030.75,53983.7,53994.1,25-09-2024 09:50
53995.05,54020.4,53987.6,54011.1,25-09-2024 09:55
54009.2,54019.5,53975.45,53991.6,25-09-2024 10:00
53992.6,54001,53946.3,53947.9,25-09-2024 10:05
53949.7,53974.3,53940.35,53953.75,25-09-2024 10:10
53955.4,53996.15,53949.6,53989.1,25-09-2024 10:15
53988.05,54033.25,53984.05,54016.75,25-09-2024 10:20
54020.1,54043.75,53998.95,54010.1,25-09-2024 10:25
54010,54047.85,54005.35,54035.8,25-09-2024 10:30
54035.2,54054.3,54024.15,54039.05,25-09-2024 10:35
54040.9,54083.25,54031.2,54044.9,25-09-2024 10:40
54043.8,54054.55,54021,54034.1,25-09-2024 10:45
54030.9,54053.3,54028.55,54039,25-09-2024 10:50
54039.05,54048.8,54001.8,54007.55,25-09-2024 10:55
54009.75,54028.15,54004.4,54022.4,25-09-2024 11:00
54023.35,54041.65,54013,54022.1,25-09-2024 11:05
54022.85,54028.75,54000,54009.9,25-09-2024 11:10
54013.4,54025.75,54002.2,54013.95,25-09-2024 11:15
54014.1,54043.25,54012.7,54032.3,25-09-2024 11:20
54033.6,54056.55,54029.95,54039.15,25-09-2024 11:25
54039.55,54043.7,54012.4,54025.35,25-09-2024 11:30
54024.8,54045.35,54014.9,54019,25-09-2024 11:35
54017.6,54026.7,53998.75,54011.3,25-09-2024 11:40
54011.5,54012.9,53979.95,54004.05,25-09-2024 11:45
54006.6,54011.7,53990.4,53996.1,25-09-2024 11:50
53996.1,54022.05,53995.05,54018.3,25-09-2024 11:55
54018.15,54034.35,54000.95,54029.35,25-09-2024 12:00
54031.25,54040.35,54018.05,54025.75,25-09-2024 12:05
54031.3,54040.9,54019.3,54026.45,25-09-2024 12:10
54021.1,54044.35,54020.95,54037.2,25-09-2024 12:15
54034.2,54044,53993.3,54015.45,25-09-2024 12:20
54016.65,54028.2,53996.5,53997.45,25-09-2024 12:25
53999.45,54023.4,53989.85,54016.1,25-09-2024 12:30
54017.35,54028.3,54011.75,54018.75,25-09-2024 12:35
54018.9,54022.25,54003.65,54011.25,25-09-2024 12:40
54012.15,54029.2,54004.15,54016.95,25-09-2024 12:45
54018.65,54034.45,54008.4,54023.4,25-09-2024 12:50
54023.4,54035.1,54011.95,54015.15,25-09-2024 12:55
54020.2,54037.8,54014.1,54016.15,25-09-2024 13:00
54017.3,54053.05,54014.4,54053.05,25-09-2024 13:05
54048.4,54062.2,54025.5,54035,25-09-2024 13:10
54032,54052.85,54029.7,54038.95,25-09-2024 13:15
54039.85,54056.05,54031.2,54045.6,25-09-2024 13:20
54052.75,54075.5,54045,54049.9,25-09-2024 13:25
54050.5,54057.1,54032.05,54046.65,25-09-2024 13:30
54045.7,54056.05,54029.85,54045.95,25-09-2024 13:35
54049.2,54061.8,54033.5,54052.25,25-09-2024 13:40
54052.25,54073.8,54039.15,54064.8,25-09-2024 13:45
54064.2,54085.45,54057.7,54070.85,25-09-2024 13:50
54072.65,54075.15,54047.1,54050.8,25-09-2024 13:55
54050.2,54071.95,54048.15,54071.15,25-09-2024 14:00
54071.35,54093,54059.85,54077.25,25-09-2024 14:05
54077.4,54093.3,54062.65,54076.85,25-09-2024 14:10
54077.2,54087.5,54028.4,54036.4,25-09-2024 14:15
54037.45,54072.95,54033.75,54068,25-09-2024 14:20
54069.6,54075.95,54050.9,54066.55,25-09-2024 14:25
54067.95,54081.05,54054.8,54067.35,25-09-2024 14:30
54067.25,54103.75,54064.5,54097.5,25-09-2024 14:35
54098.45,54107,54064.35,54075.65,25-09-2024 14:40
54077.6,54092.75,54055.7,54088.9,25-09-2024 14:45
54090.35,54109.1,54076.15,54089.1,25-09-2024 14:50
54089.8,54113.15,54078.3,54102.45,25-09-2024 14:55
54103.65,54141,54076.15,54131.75,25-09-2024 15:00
54134.35,54135.35,54074.3,54090.75,25-09-2024 15:05
54091.65,54133.75,54078.65,54108.7,25-09-2024 15:10
54106.05,54114.7,54070.35,54105.55,25-09-2024 15:15
54100.75,54123.2,54060.65,54089.1,25-09-2024 15:20
54088.2,54141.3,54072.75,54135.75,25-09-2024 15:25
54045.85,54128.4,54010.9,54086.15,26-09-2024 09:15
54090.05,54177.65,54088.25,54131.95,26-09-2024 09:20
54135.05,54141.4,54088.55,54125.4,26-09-2024 09:25
54128.55,54130.8,54058.45,54089.1,26-09-2024 09:30
54088.2,54121.15,54084.2,54113.65,26-09-2024 09:35
54112.35,54117.35,54049.55,54064.15,26-09-2024 09:40
54058.2,54084.65,54040.4,54084,26-09-2024 09:45
54084.9,54108.85,54075.55,54095.8,26-09-2024 09:50
54095.55,54111.65,54072.7,54100,26-09-2024 09:55
54100.7,54162.7,54100.35,54144.3,26-09-2024 10:00
54143.55,54179.3,54107,54166.3,26-09-2024 10:05
54164.8,54173.3,54124.4,54140.55,26-09-2024 10:10
54141.05,54161.25,54119.5,54126.55,26-09-2024 10:15
54125.75,54156.45,54111.7,54150.65,26-09-2024 10:20
54157.25,54173.5,54138.55,54170.65,26-09-2024 10:25
54171.4,54191.8,54134.3,54184.2,26-09-2024 10:30
54181.45,54194.3,54155.85,54168.2,26-09-2024 10:35
54164.2,54202.15,54144.05,54154.55,26-09-2024 10:40
54156.8,54174.6,54130.55,54135,26-09-2024 10:45
54137.7,54156.35,54126.7,54143.65,26-09-2024 10:50
54145.15,54165.1,54138.25,54151.4,26-09-2024 10:55
54150.6,54160.4,54122.05,54153.1,26-09-2024 11:00
54155.65,54155.65,54121.9,54125.05,26-09-2024 11:05
54125.4,54156.55,54113.6,54148.75,26-09-2024 11:10
54148.75,54163.05,54124.4,54127.3,26-09-2024 11:15
54126.3,54148.25,54122.65,54143.3,26-09-2024 11:20
54144.5,54150.65,54132.95,54143.7,26-09-2024 11:25
54144.65,54162.45,54129.85,54145.35,26-09-2024 11:30
54144.75,54171.2,54144.75,54161.7,26-09-2024 11:35
54161.15,54178.55,54146.95,54161.4,26-09-2024 11:40
54162.55,54182.05,54155.85,54171.15,26-09-2024 11:45
54173.4,54204.05,54169.95,54188.85,26-09-2024 11:50
54189.45,54206.6,54182.05,54193.1,26-09-2024 11:55
54191.1,54233.6,54189.6,54220.9,26-09-2024 12:00
54221.6,54230.55,54186.55,54200.15,26-09-2024 12:05
54196.55,54242.05,54195.4,54233.9,26-09-2024 12:10
54231.4,54238.65,54217.85,54234.4,26-09-2024 12:15
54233.75,54262.4,54218.45,54229.45,26-09-2024 12:20
54229.2,54232.45,54204.05,54213.9,26-09-2024 12:25
54213.05,54216.7,54169.95,54176.85,26-09-2024 12:30
54176.15,54193.55,54163.15,54186.6,26-09-2024 12:35
54188.3,54199.35,54177.65,54180.75,26-09-2024 12:40
54184.55,54201.75,54169.55,54193.7,26-09-2024 12:45
54202.6,54215.35,54180.25,54184,26-09-2024 12:50
54181,54187.75,54159.45,54166.8,26-09-2024 12:55
54163.35,54172.65,54153.35,54165.2,26-09-2024 13:00
54163.9,54192.2,54154.9,54183.65,26-09-2024 13:05
54188.1,54188.85,54122.2,54149.75,26-09-2024 13:10
54154.55,54159.7,54139.95,54142.25,26-09-2024 13:15
54143.5,54199.1,54137.5,54193.25,26-09-2024 13:20
54192.9,54225.8,54192.7,54208.4,26-09-2024 13:25
54208.15,54216.55,54183.45,54201.8,26-09-2024 13:30
54203.65,54209.35,54188.25,54200.45,26-09-2024 13:35
54199.85,54207.55,54179.5,54189.15,26-09-2024 13:40
54187.85,54205.55,54156.25,54162.8,26-09-2024 13:45
54162.75,54171.7,54123.85,54147.75,26-09-2024 13:50
54146.55,54176.4,54139.3,54169.3,26-09-2024 13:55
54172.35,54188.8,54150.85,54169.4,26-09-2024 14:00
54171.3,54180.25,54084.9,54140.5,26-09-2024 14:05
54144.55,54187.8,54130.9,54176.15,26-09-2024 14:10
54174.45,54222.35,54174.45,54212.4,26-09-2024 14:15
54216.8,54263.35,54212.7,54223,26-09-2024 14:20
54229.15,54235.55,54184.65,54203.5,26-09-2024 14:25
54201.95,54249.5,54176,54247.2,26-09-2024 14:30
54247.35,54328,54232.7,54313.45,26-09-2024 14:35
54308,54379.4,54297.45,54362.95,26-09-2024 14:40
54362.95,54369,54317.95,54348.8,26-09-2024 14:45
54354.05,54381.5,54344.15,54370.35,26-09-2024 14:50
54366.55,54411.55,54362.55,54385.55,26-09-2024 14:55
54386.4,54467.35,54385.95,54438.95,26-09-2024 15:00
54439.05,54452.65,54366.55,54375.7,26-09-2024 15:05
54366.6,54373.1,54320.15,54324.6,26-09-2024 15:10
54321.9,54356.35,54312.6,54344.95,26-09-2024 15:15
54345.05,54347.05,54313.45,54321.5,26-09-2024 15:20
54321.05,54329.3,54243.75,54281.5,26-09-2024 15:25
54338.7,54338.7,54189.55,54202.8,27-09-2024 09:15
54200,54238.55,54172.6,54198.75,27-09-2024 09:20
54193.5,54245.1,54184.9,54198.5,27-09-2024 09:25
54193.05,54258.2,54189.3,54256.85,27-09-2024 09:30
54259.25,54270.85,54229.35,54262.55,27-09-2024 09:35
54262.9,54276.4,54234.9,54251.25,27-09-2024 09:40
54252.6,54299.8,54252.6,54285.4,27-09-2024 09:45
54284.45,54326,54277.25,54319.45,27-09-2024 09:50
54312.1,54320.75,54281.1,54283.6,27-09-2024 09:55
54284.7,54299.95,54271.15,54282.85,27-09-2024 10:00
54282.9,54314.9,54266.65,54302.7,27-09-2024 10:05
54302.1,54312.8,54274.85,54295.65,27-09-2024 10:10
54290.45,54326.95,54270.05,54323.4,27-09-2024 10:15
54322.65,54327.45,54288.6,54301.3,27-09-2024 10:20
54302.95,54315.3,54286.3,54289.05,27-09-2024 10:25
54288.35,54312.75,54287.85,54302.65,27-09-2024 10:30
54307.55,54315.2,54292.35,54297.2,27-09-2024 10:35
54295.6,54300.3,54274.25,54284.95,27-09-2024 10:40
54285.3,54295.55,54260.45,54264.35,27-09-2024 10:45
54264.55,54290.85,54264.55,54274.7,27-09-2024 10:50
54272.5,54280.45,54219.55,54244.55,27-09-2024 10:55
54244.3,54246,54221.2,54233.5,27-09-2024 11:00
54233.65,54246.75,54193.05,54193.05,27-09-2024 11:05
54196.8,54229.35,54172.5,54216,27-09-2024 11:10
54217.9,54222.9,54154.05,54189.6,27-09-2024 11:15
54189.35,54204.9,54164.45,54184.05,27-09-2024 11:20
54184.95,54201.75,54165.7,54199.15,27-09-2024 11:25
54199.85,54211.25,54171.05,54181.6,27-09-2024 11:30
54182.45,54231.3,54152.5,54222.95,27-09-2024 11:35
54223.85,54223.85,54174.7,54183.6,27-09-2024 11:40
54184.55,54221.7,54171.9,54194.8,27-09-2024 11:45
54195.3,54205.3,54174.1,54175.9,27-09-2024 11:50
54177.2,54194.25,54148.05,54183.7,27-09-2024 11:55
54187.55,54213.5,54177.65,54199.95,27-09-2024 12:00
54202.3,54218.1,54190.3,54198.15,27-09-2024 12:05
54197.65,54204,54172.15,54184.7,27-09-2024 12:10
54184.4,54185,54137.9,54182.5,27-09-2024 12:15
54178.95,54188.15,54159.85,54186.4,27-09-2024 12:20
54184.6,54185.75,54144.75,54153.65,27-09-2024 12:25
54153.35,54159.6,54134.05,54142.8,27-09-2024 12:30
54140.15,54161.3,54109.05,54121.65,27-09-2024 12:35
54121.65,54128.75,54097.8,54098.25,27-09-2024 12:40
54099.15,54109.95,54074.9,54099.55,27-09-2024 12:45
54097.7,54101.15,54049.05,54056.2,27-09-2024 12:50
54056.55,54062.3,54002.95,54024,27-09-2024 12:55
54020.25,54040.85,53977.6,54023.35,27-09-2024 13:00
54025.85,54038.55,54009.45,54013.7,27-09-2024 13:05
54011.85,54013.85,53945.65,53974.6,27-09-2024 13:10
53971.55,53978.9,53930.95,53949.95,27-09-2024 13:15
53951.65,53951.9,53842.6,53851.2,27-09-2024 13:20
53851.05,53924.5,53830.6,53905.3,27-09-2024 13:25
53906.65,53940.25,53852.5,53875.5,27-09-2024 13:30
53875.5,53911.2,53862.6,53877.75,27-09-2024 13:35
53875.25,53905.55,53849,53903.65,27-09-2024 13:40
53904.7,53923.7,53863.75,53902.65,27-09-2024 13:45
53898.35,53939.5,53882,53933.45,27-09-2024 13:50
53935.9,53970.2,53925.85,53951.1,27-09-2024 13:55
53940.6,53966.05,53897.8,53920.3,27-09-2024 14:00
53915.2,53937.85,53899,53920.1,27-09-2024 14:05
53919.65,53929.7,53874.4,53903.25,27-09-2024 14:10
53895.5,53909.8,53874.8,53895.6,27-09-2024 14:15
53892.3,53899.1,53827.3,53839.9,27-09-2024 14:20
53828.4,53924.8,53826.95,53895.6,27-09-2024 14:25
53893.9,53945.1,53888.25,53907.25,27-09-2024 14:30
53905.9,53935.15,53899.55,53905.75,27-09-2024 14:35
53898.75,53905.2,53871.4,53892.55,27-09-2024 14:40
53887.8,53920.6,53874.85,53883.5,27-09-2024 14:45
53882.85,53907.75,53843.95,53846.95,27-09-2024 14:50
53846.45,53849.7,53763.2,53820.6,27-09-2024 14:55
53819.85,53902.15,53809.45,53848.8,27-09-2024 15:00
53841.1,53876.75,53819.8,53851.85,27-09-2024 15:05
53851.6,53851.6,53771.55,53833,27-09-2024 15:10
53834.75,53876.7,53832.15,53835.4,27-09-2024 15:15
53834.6,53851.6,53787.5,53824.05,27-09-2024 15:20
53817.2,53844.45,53789.6,53834.3,27-09-2024 15:25
53556.95,53726.4,53420.7,53573.4,30-09-2024 09:15
53575.8,53577.2,53481.15,53532.15,30-09-2024 09:20
53529.1,53543.65,53489.15,53523.3,30-09-2024 09:25
53517.45,53517.45,53447.95,53470.35,30-09-2024 09:30
53473.55,53481.65,53414.6,53424.4,30-09-2024 09:35
53423.15,53431.5,53348,53375.35,30-09-2024 09:40
53374.05,53381.9,53247.9,53247.9,30-09-2024 09:45
53249.7,53249.7,53107.85,53149.75,30-09-2024 09:50
53154.05,53240,53148.4,53183.75,30-09-2024 09:55
53191,53268.9,53156.1,53244.45,30-09-2024 10:00
53245.05,53313.65,53234.65,53286.15,30-09-2024 10:05
53287,53287,53222.25,53240.85,30-09-2024 10:10
53242.85,53271.1,53218.1,53222.85,30-09-2024 10:15
53221.85,53239.95,53193,53201.25,30-09-2024 10:20
53200.75,53259.45,53193.7,53243.4,30-09-2024 10:25
53243.25,53258.45,53184.3,53231.35,30-09-2024 10:30
53232.45,53232.45,53185.95,53211.05,30-09-2024 10:35
53210.5,53271.15,53200,53263.4,30-09-2024 10:40
53264.45,53294.45,53244.35,53245.6,30-09-2024 10:45
53248.8,53250.8,53214.15,53241.4,30-09-2024 10:50
53242.1,53253.5,53215.65,53227,30-09-2024 10:55
53228.4,53260.6,53210.15,53252.85,30-09-2024 11:00
53252.9,53357.6,53239.75,53250.3,30-09-2024 11:05
53255.25,53286.9,53231.35,53249.25,30-09-2024 11:10
53249.95,53301.5,53243.95,53262.5,30-09-2024 11:15
53262.25,53279.75,53224.05,53239.75,30-09-2024 11:20
53239.3,53242.05,53204.5,53211.65,30-09-2024 11:25
53209.65,53209.65,53167.7,53198.9,30-09-2024 11:30
53198.55,53213.75,53154.7,53166.95,30-09-2024 11:35
53166.2,53194,53129.05,53140.3,30-09-2024 11:40
53141.7,53142,53077.4,53083.55,30-09-2024 11:45
53084.45,53131.55,53080.05,53126.9,30-09-2024 11:50
53127.65,53147.5,53100.8,53145.05,30-09-2024 11:55
53145.2,53161,53120.1,53128.2,30-09-2024 12:00
53134.15,53145.7,53084.2,53084.2,30-09-2024 12:05
53080.85,53115.75,53075.05,53103.15,30-09-2024 12:10
53097.95,53111.15,53082.45,53085.55,30-09-2024 12:15
53088.1,53141.55,53080.8,53123.45,30-09-2024 12:20
53123.6,53129.75,53093.9,53096.6,30-09-2024 12:25
53102,53104.95,53064.2,53075.65,30-09-2024 12:30
53075.35,53094.95,53056.45,53073.35,30-09-2024 12:35
53071.75,53085.8,53048.75,53052.75,30-09-2024 12:40
53052.65,53086.75,53044.8,53086.75,30-09-2024 12:45
53083.75,53088.05,53054.75,53087.45,30-09-2024 12:50
53087.7,53089.05,53058.1,53061.8,30-09-2024 12:55
53062.05,53084.75,53062.05,53072.05,30-09-2024 13:00
53073,53075.1,53043.05,53051.7,30-09-2024 13:05
53052.85,53088.25,53039.3,53070.05,30-09-2024 13:10
53070.65,53074,53029.5,53035,30-09-2024 13:15
53034.65,53036.15,53008.35,53026.4,30-09-2024 13:20
53026.1,53026.1,52977.65,52984.3,30-09-2024 13:25
52983.25,53014.6,52954.15,53013.65,30-09-2024 13:30
53012.6,53026.45,52987.7,52997.15,30-09-2024 13:35
52995.35,53040.35,52994.2,53036.7,30-09-2024 13:40
53038.15,53043.4,53019.3,53034.75,30-09-2024 13:45
53035.45,53051.55,53024.85,53031.65,30-09-2024 13:50
53031.2,53073.3,53027.45,53071.55,30-09-2024 13:55
53071.35,53090.75,53050.85,53062.45,30-09-2024 14:00
53061.15,53076.6,53037.65,53041.1,30-09-2024 14:05
53041.45,53055,53015.45,53022.55,30-09-2024 14:10
53011.05,53040.1,52989.85,53038.75,30-09-2024 14:15
53033.8,53039.8,52998.2,53009,30-09-2024 14:20
53009.3,53018.45,52994.85,53009.55,30-09-2024 14:25
53010.3,53046.65,53000.85,53037.05,30-09-2024 14:30
53033.7,53058.5,53023.75,53045.5,30-09-2024 14:35
53043.8,53045.9,53000.9,53014.6,30-09-2024 14:40
53011.4,53033.6,52997.15,53010.75,30-09-2024 14:45
53010.2,53072.85,52995.6,53069.2,30-09-2024 14:50
53064,53073.1,53003.05,53012.45,30-09-2024 14:55
53006.4,53023.6,52926.55,52967.05,30-09-2024 15:00
52967.4,52988.35,52936.2,52966.9,30-09-2024 15:05
52969.45,53008.35,52954.15,53000.45,30-09-2024 15:10
52999.75,53019,52994.3,52998.65,30-09-2024 15:15
52996.35,53005.45,52970.15,52984.55,30-09-2024 15:20
52982.9,53008.75,52963.75,52989.7,30-09-2024 15:25
52844,53225.6,52844,53215.95,01-10-2024 09:15
53224.6,53230.9,53159.5,53230.9,01-10-2024 09:20
53228.8,53235.25,53109.45,53117.55,01-10-2024 09:25
53116.5,53140.1,53022.35,53070.1,01-10-2024 09:30
53071.75,53076.85,53018.5,53057.55,01-10-2024 09:35
53054.8,53116.95,53038.4,53108.8,01-10-2024 09:40
53105.05,53113.9,53021.8,53039.7,01-10-2024 09:45
53035.7,53035.7,52967.15,52991.25,01-10-2024 09:50
52991.7,53016.9,52944.85,52992.55,01-10-2024 09:55
52996.55,53026.55,52980,52993.75,01-10-2024 10:00
52993.75,53037.5,52990.05,53028.8,01-10-2024 10:05
53030.15,53030.15,52960,52960.8,01-10-2024 10:10
52965.7,52993.45,52930.55,52935.7,01-10-2024 10:15
52931.65,52963.45,52922.4,52945.5,01-10-2024 10:20
52949.6,52956.4,52910.05,52920.1,01-10-2024 10:25
52920.35,52931.55,52857.4,52861.5,01-10-2024 10:30
52859.8,52876.65,52835.9,52852.15,01-10-2024 10:35
52853.95,52872.85,52820.45,52850.9,01-10-2024 10:40
52847.3,52871.6,52817.8,52868.25,01-10-2024 10:45
52871.05,52928.2,52864.9,52904.85,01-10-2024 10:50
52903.7,53003.65,52876.05,52983.9,01-10-2024 10:55
52981.7,53019.85,52958.5,52975.5,01-10-2024 11:00
52974.3,53026.4,52971.25,52981,01-10-2024 11:05
52980.65,52987.9,52933.35,52959.2,01-10-2024 11:10
52960.4,53018.05,52943.8,52993.25,01-10-2024 11:15
52992.7,53010.1,52966.55,52993.6,01-10-2024 11:20
52995.8,53007.65,52977.15,52988,01-10-2024 11:25
52989.3,52989.35,52956.8,52974.9,01-10-2024 11:30
52974.55,53013.15,52967.7,53003.35,01-10-2024 11:35
52998.35,53037.1,52991.2,53032.95,01-10-2024 11:40
53032.35,53079.05,53027.3,53052.95,01-10-2024 11:45
53055.25,53070.9,53007.05,53014.35,01-10-2024 11:50
53014.85,53039.8,53000.9,53030.95,01-10-2024 11:55
53029.8,53050.6,53012.35,53018.85,01-10-2024 12:00
53018,53024.8,52986.45,52989.85,01-10-2024 12:05
52989,53004.15,52974.6,52987.1,01-10-2024 12:10
52984.55,53020.15,52977.35,53020.15,01-10-2024 12:15
53014.3,53015.45,52991.95,52997.55,01-10-2024 12:20
52996.75,53001.05,52964.7,52972.2,01-10-2024 12:25
52968.25,52979.4,52935.6,52975.35,01-10-2024 12:30
52979.55,52980.65,52944.45,52953.55,01-10-2024 12:35
52959.05,52959.45,52923.8,52935.5,01-10-2024 12:40
52936.4,52962.2,52926.35,52958.75,01-10-2024 12:45
52957.1,52962.35,52937.9,52961.35,01-10-2024 12:50
52961.1,52974.4,52945.7,52970.75,01-10-2024 12:55
52969.1,52990.85,52965.7,52972.6,01-10-2024 13:00
52974.9,52976,52951.55,52975.3,01-10-2024 13:05
52972.8,52992.8,52958,52982.7,01-10-2024 13:10
52980.6,52986.5,52949,52953.95,01-10-2024 13:15
52952.55,53010.5,52952.55,53001.55,01-10-2024 13:20
53001.9,53007.9,52976.5,52993.15,01-10-2024 13:25
52995.9,53010.75,52966.3,52971.75,01-10-2024 13:30
52970.3,52982.45,52950.05,52970.9,01-10-2024 13:35
52970.4,53002.7,52966.35,52981.45,01-10-2024 13:40
52977.4,52992.1,52966.2,52974.4,01-10-2024 13:45
52973.65,52984.1,52950.4,52961.4,01-10-2024 13:50
52961.2,52982.85,52950.2,52977.65,01-10-2024 13:55
52976.35,52993,52968.25,52986.5,01-10-2024 14:00
52986.15,52999.7,52951.6,52960.7,01-10-2024 14:05
52958.05,52979.7,52949.95,52967,01-10-2024 14:10
52965.75,52968.5,52937.6,52945.65,01-10-2024 14:15
52945,52950.15,52893.05,52899.5,01-10-2024 14:20
52898.85,52918.3,52870.75,52877.8,01-10-2024 14:25
52872.95,52909.8,52865.65,52897.15,01-10-2024 14:30
52900.65,52906.8,52883.95,52899,01-10-2024 14:35
52898.2,52900.35,52859.5,52863.3,01-10-2024 14:40
52861.45,52917.05,52861.45,52917.05,01-10-2024 14:45
52915.65,52928.55,52883.95,52897.4,01-10-2024 14:50
52899.95,52929.15,52883.2,52902.9,01-10-2024 14:55
52902.55,52987.65,52895.75,52957.55,01-10-2024 15:00
52956.1,52966.85,52893.75,52905.9,01-10-2024 15:05
52913.4,52933.75,52890.85,52912.8,01-10-2024 15:10
52913.6,52935.8,52882.7,52909,01-10-2024 15:15
52912.3,52953.55,52899.4,52934.7,01-10-2024 15:20
52941.35,52993.95,52922.2,52980,01-10-2024 15:25
52314.45,52582.95,52300.5,52411.2,03-10-2024 09:15
52408.25,52474.4,52368.25,52394.7,03-10-2024 09:20
52395.75,52466.1,52388.45,52434.55,03-10-2024 09:25
52436.35,52557.15,52417.4,52478.1,03-10-2024 09:30
52477.45,52524.65,52444.7,52455.45,03-10-2024 09:35
52456,52547.3,52454.05,52514.15,03-10-2024 09:40
52516.8,52556.65,52509.25,52524.5,03-10-2024 09:45
52523.7,52566.65,52476.4,52494.65,03-10-2024 09:50
52494.3,52502.3,52440.7,52443.25,03-10-2024 09:55
52441.15,52446.65,52376.5,52411.1,03-10-2024 10:00
52409.3,52441.3,52394.2,52399.65,03-10-2024 10:05
52399,52400.15,52313.15,52321.4,03-10-2024 10:10
52323,52327.4,52225,52277.5,03-10-2024 10:15
52278.6,52346.35,52240,52323.85,03-10-2024 10:20
52323.4,52334.5,52291.75,52295.65,03-10-2024 10:25
52296.05,52349.85,52282.55,52338.15,03-10-2024 10:30
52336.9,52347.3,52323.25,52336.7,03-10-2024 10:35
52338.85,52397,52315.3,52353.7,03-10-2024 10:40
52352.3,52363.75,52320.15,52348.35,03-10-2024 10:45
52349.15,52380.55,52334.65,52380.55,03-10-2024 10:50
52382.55,52392.6,52347.1,52354.2,03-10-2024 10:55
52353.65,52362.85,52309.4,52332.65,03-10-2024 11:00
52331.85,52356.3,52316.25,52320.05,03-10-2024 11:05
52317.95,52359.95,52317.25,52339.4,03-10-2024 11:10
52339.3,52343.9,52275.45,52280.5,03-10-2024 11:15
52282.45,52287.85,52210.6,52232.15,03-10-2024 11:20
52233.45,52247.6,52198.8,52228.9,03-10-2024 11:25
52225.85,52260.5,52183.65,52187,03-10-2024 11:30
52186.65,52256.15,52178.6,52232.25,03-10-2024 11:35
52237.4,52237.4,52186.2,52194.15,03-10-2024 11:40
52194.55,52224.65,52184.95,52197.25,03-10-2024 11:45
52199.95,52222.8,52174.25,52204.35,03-10-2024 11:50
52203.65,52221.7,52185,52185.5,03-10-2024 11:55
52191.3,52193.45,52157.35,52166.9,03-10-2024 12:00
52169.05,52209.15,52139.2,52209.15,03-10-2024 12:05
52207.5,52215.05,52183.15,52187.05,03-10-2024 12:10
52187.1,52193.4,52135.55,52141.9,03-10-2024 12:15
52136.6,52149.75,52116.05,52117.35,03-10-2024 12:20
52117.95,52139.55,52087.2,52103.35,03-10-2024 12:25
52103.95,52126.45,52059.4,52113.35,03-10-2024 12:30
52111.5,52169.15,52110.9,52149.15,03-10-2024 12:35
52154.3,52156.3,52103.45,52111.55,03-10-2024 12:40
52111.5,52111.7,52071.4,52079.1,03-10-2024 12:45
52078.2,52118.05,52071.4,52105.35,03-10-2024 12:50
52105.05,52108.45,52074.15,52080.9,03-10-2024 12:55
52080.6,52081.7,52014.4,52033.3,03-10-2024 13:00
52039.1,52049.5,51976.2,51995.95,03-10-2024 13:05
51996.3,51998.2,51931.9,51972.1,03-10-2024 13:10
51969.95,51976.05,51905.65,51916.95,03-10-2024 13:15
51915.45,51934.85,51894.4,51904.25,03-10-2024 13:20
51902.6,51976.05,51900.75,51956.4,03-10-2024 13:25
51957.5,51963.35,51886.9,51892.3,03-10-2024 13:30
51892.25,51900.4,51845.2,51871.1,03-10-2024 13:35
51869.15,51904.75,51860.35,51880.1,03-10-2024 13:40
51879.2,51880.2,51801.1,51832.2,03-10-2024 13:45
51837.2,51840.65,51728.4,51750.6,03-10-2024 13:50
51749.7,51813.55,51693.35,51769.05,03-10-2024 13:55
51763.05,51818.35,51711.25,51758.6,03-10-2024 14:00
51756.95,51779.15,51733.2,51757.9,03-10-2024 14:05
51756.65,51800.7,51728.25,51796.35,03-10-2024 14:10
51795.15,51802.7,51727.5,51730.4,03-10-2024 14:15
51731.9,51764.65,51712.75,51738.7,03-10-2024 14:20
51737.05,51749.2,51699.75,51714.9,03-10-2024 14:25
51713.3,51833.05,51683.4,51768.15,03-10-2024 14:30
51768.7,51784.9,51727.1,51735.5,03-10-2024 14:35
51733.6,51771.4,51720.4,51737.9,03-10-2024 14:40
51743.65,51783.45,51741.4,51781.9,03-10-2024 14:45
51783.45,51873.5,51768.45,51871.9,03-10-2024 14:50
51873.25,51937.2,51839.65,51853.55,03-10-2024 14:55
51862.95,51966.2,51831.3,51832.55,03-10-2024 15:00
51833.65,51869.35,51816.3,51852.1,03-10-2024 15:05
51852.1,51875.6,51815.7,51858.95,03-10-2024 15:10
51857.05,51861.05,51815.3,51844.05,03-10-2024 15:15
51836.5,51862.85,51819,51831.4,03-10-2024 15:20
51830.65,51898.75,51830.65,51860.85,03-10-2024 15:25
51643.75,51932.5,51643.75,51708.75,04-10-2024 09:15
51713.35,51811.85,51679.1,51689.65,04-10-2024 09:20
51687.75,51747.65,51677.05,51715.8,04-10-2024 09:25
51715.45,51795.3,51672.05,51789.8,04-10-2024 09:30
51792.25,51962.7,51777.05,51957.8,04-10-2024 09:35
51957,51971.3,51816.05,51816.05,04-10-2024 09:40
51814.25,51861.5,51773.4,51856.15,04-10-2024 09:45
51850.15,51946.05,51827.85,51878.25,04-10-2024 09:50
51878.45,52007.1,51864.6,52004.35,04-10-2024 09:55
52001.35,52057.75,51929.35,51995.6,04-10-2024 10:00
51993.2,52004.95,51891.75,51892.5,04-10-2024 10:05
51888.95,51897.65,51812.2,51839.95,04-10-2024 10:10
51834.65,51867.9,51777.15,51777.15,04-10-2024 10:15
51781.15,51855.6,51770.35,51818.25,04-10-2024 10:20
51814.25,51855.7,51791.4,51800.35,04-10-2024 10:25
51801.15,51910.65,51795.25,51909.1,04-10-2024 10:30
51907.5,51919.8,51848.25,51917.9,04-10-2024 10:35
51921.3,52053.2,51916.75,52041.15,04-10-2024 10:40
52043.7,52111.95,52024.55,52082.6,04-10-2024 10:45
52075.2,52216.1,52073.35,52199.75,04-10-2024 10:50
52200.2,52243.75,52190.85,52204.55,04-10-2024 10:55
52206,52228.55,52029.55,52091.95,04-10-2024 11:00
52091.45,52158.95,52038.3,52089,04-10-2024 11:05
52088.2,52198.35,52068.45,52193.8,04-10-2024 11:10
52188,52240.35,52164.7,52198.7,04-10-2024 11:15
52200.3,52201.65,52122.7,52130.45,04-10-2024 11:20
52129.65,52167.95,52069.15,52120.3,04-10-2024 11:25
52114.95,52135.15,52043.95,52044.75,04-10-2024 11:30
52045,52161.1,52035.45,52147.5,04-10-2024 11:35
52142.6,52165.9,52090.9,52127.6,04-10-2024 11:40
52127.45,52151.55,52100.05,52125.65,04-10-2024 11:45
52125.75,52222.85,52116.55,52194.05,04-10-2024 11:50
52191.8,52278.65,52184.85,52278.65,04-10-2024 11:55
52269.05,52300.7,52235.2,52279.25,04-10-2024 12:00
52278.15,52337.1,52258.85,52316.2,04-10-2024 12:05
52314.25,52356.2,52309.2,52353.35,04-10-2024 12:10
52351.65,52358.35,52256.8,52296.8,04-10-2024 12:15
52291.05,52319.1,52254.7,52312.25,04-10-2024 12:20
52312.55,52347.7,52266.4,52293.6,04-10-2024 12:25
52286.6,52305.4,52110.05,52151.85,04-10-2024 12:30
52144.95,52226.75,51945.65,51982.2,04-10-2024 12:35
51975.55,52005.75,51827.65,51845.45,04-10-2024 12:40
51848.75,51955.85,51731.1,51748.7,04-10-2024 12:45
51750.5,51823.45,51717.55,51784.9,04-10-2024 12:50
51796,51796,51680.5,51685.85,04-10-2024 12:55
51681.6,51756.25,51643.25,51699.15,04-10-2024 13:00
51700.35,51794.85,51680.7,51770.7,04-10-2024 13:05
51767.4,51790.75,51701.2,51726.45,04-10-2024 13:10
51726,51746.7,51680.2,51710.5,04-10-2024 13:15
51710.2,51721.25,51666.9,51688.1,04-10-2024 13:20
51689.3,51740.2,51646.35,51715.6,04-10-2024 13:25
51716.75,51716.75,51614.15,51640.75,04-10-2024 13:30
51640.55,51654.7,51580.55,51600.05,04-10-2024 13:35
51596.8,51599.75,51500.5,51552.45,04-10-2024 13:40
51553.1,51555.5,51463.75,51539.95,04-10-2024 13:45
51536.1,51597.55,51504.4,51543.6,04-10-2024 13:50
51547.05,51572.1,51502.95,51517.3,04-10-2024 13:55
51511.2,51551.3,51505.95,51519.95,04-10-2024 14:00
51519.1,51538.55,51473.5,51475.25,04-10-2024 14:05
51473.55,51532.95,51460.15,51528.25,04-10-2024 14:10
51527,51541.5,51475.7,51493.15,04-10-2024 14:15
51486.35,51512.8,51463.75,51492.25,04-10-2024 14:20
51488.5,51561.25,51472.1,51561.25,04-10-2024 14:25
51561.15,51619.45,51505.2,51528.15,04-10-2024 14:30
51528,51538.35,51497.8,51499.3,04-10-2024 14:35
51502.3,51529.1,51478.65,51481.65,04-10-2024 14:40
51481.95,51517.9,51479.3,51496.4,04-10-2024 14:45
51496.35,51499.55,51424.6,51435.7,04-10-2024 14:50
51432.35,51490.25,51431.7,51440.45,04-10-2024 14:55
51444.85,51447.35,51367.15,51381.75,04-10-2024 15:00
51383.95,51460.8,51347.25,51457.8,04-10-2024 15:05
51466.75,51501.85,51433.05,51488.5,04-10-2024 15:10
51488.15,51535.5,51483.2,51510.35,04-10-2024 15:15
51510.1,51545.2,51494.25,51518.6,04-10-2024 15:20
51516.15,51561.3,51498.65,51555.75,04-10-2024 15:25
51543.2,51784.8,51539.8,51652.1,07-10-2024 09:15
51661.85,51725.65,51583.55,51640.15,07-10-2024 09:20
51648,51676.7,51557.7,51617.05,07-10-2024 09:25
51620.95,51638.7,51488.1,51569.95,07-10-2024 09:30
51568.75,51614.75,51484.35,51530.2,07-10-2024 09:35
51525.85,51580.5,51483.55,51537.25,07-10-2024 09:40
51538.6,51538.85,51447.95,51461.15,07-10-2024 09:45
51461,51532.85,51416.85,51528.05,07-10-2024 09:50
51533.7,51614.75,51505.85,51589.45,07-10-2024 09:55
51592.4,51623.75,51473.1,51506.45,07-10-2024 10:00
51505.5,51539,51473.7,51526.65,07-10-2024 10:05
51524.1,51587,51499.35,51565.15,07-10-2024 10:10
51563.95,51615.6,51546.05,51548.9,07-10-2024 10:15
51548.6,51578.6,51509.25,51544.55,07-10-2024 10:20
51545.65,51554,51501.35,51505.95,07-10-2024 10:25
51505.55,51560.05,51484.35,51535.3,07-10-2024 10:30
51534.15,51547.65,51470.4,51478.1,07-10-2024 10:35
51480.6,51525.55,51468.8,51471.85,07-10-2024 10:40
51468.05,51482.75,51239.2,51239.2,07-10-2024 10:45
51247.1,51317.3,51209.1,51292.4,07-10-2024 10:50
51301.5,51301.5,51190.05,51223.9,07-10-2024 10:55
51223.05,51230.7,51129.15,51165.2,07-10-2024 11:00
51162.7,51211.85,51112.8,51163.15,07-10-2024 11:05
51160.7,51216.35,51133.45,51198.6,07-10-2024 11:10
51195.3,51286,51192.4,51234.85,07-10-2024 11:15
51234.85,51568.75,51229.7,51504.4,07-10-2024 11:20
51496.8,51557.45,51311.15,51336.65,07-10-2024 11:25
51357.15,51371.05,51284.25,51339.7,07-10-2024 11:30
51336.6,51341.8,51205.4,51231.55,07-10-2024 11:35
51230,51263.95,51193.95,51208.1,07-10-2024 11:40
51204.6,51240.6,51150.65,51166.35,07-10-2024 11:45
51168.15,51205.15,51011.15,51011.15,07-10-2024 11:50
51018.95,51088.3,51006.55,51053.75,07-10-2024 11:55
51049.25,51105,51023.75,51044.05,07-10-2024 12:00
51045.9,51124.7,51038.6,51072.85,07-10-2024 12:05
51073.85,51126,51033.4,51117.9,07-10-2024 12:10
51114.3,51179,51094.75,51151.45,07-10-2024 12:15
51154.4,51249.65,51140.85,51215.35,07-10-2024 12:20
51215.1,51255.95,51152.3,51216.4,07-10-2024 12:25
51216.4,51217.85,51087.2,51135.75,07-10-2024 12:30
51139.3,51153.05,51097.2,51121.85,07-10-2024 12:35
51132.2,51144.9,51060.45,51065.1,07-10-2024 12:40
51065.25,51069.4,50892.05,50897.15,07-10-2024 12:45
50887.75,50927.2,50817.95,50851.6,07-10-2024 12:50
50849.65,50891.75,50822,50869.95,07-10-2024 12:55
50867.95,50889.5,50761.15,50776.75,07-10-2024 13:00
50771.5,50828.5,50716.1,50716.1,07-10-2024 13:05
50725.05,50780.55,50689.9,50757.75,07-10-2024 13:10
50766.05,50829.1,50727.5,50735.35,07-10-2024 13:15
50732.35,50779.6,50713.6,50751.1,07-10-2024 13:20
50750.3,50754.7,50643.8,50697.9,07-10-2024 13:25
50698.5,50720.6,50563.35,50575.3,07-10-2024 13:30
50575.55,50590.2,50416.75,50437.85,07-10-2024 13:35
50433.1,50440,50194.3,50380,07-10-2024 13:40
50375.65,50551.05,50360.35,50375.85,07-10-2024 13:45
50377.85,50503.15,50358.9,50495.35,07-10-2024 13:50
50500.4,50782.7,50489.3,50638.8,07-10-2024 13:55
50642.85,50734.7,50572.55,50636.05,07-10-2024 14:00
50632.4,50787.05,50625.05,50761.55,07-10-2024 14:05
50761.85,50869.55,50578.85,50578.85,07-10-2024 14:10
50573.15,50601.05,50448.1,50492.2,07-10-2024 14:15
50492.65,50552.05,50443.4,50452.5,07-10-2024 14:20
50448.6,50515.8,50383.15,50389.2,07-10-2024 14:25
50389.6,50716.95,50389.6,50640.45,07-10-2024 14:30
50646.05,50735.35,50518.55,50566.8,07-10-2024 14:35
50564.2,50848.4,50515.6,50845.95,07-10-2024 14:40
50839.75,51260,50756.1,51236.3,07-10-2024 14:45
51235.8,51495.45,51207.55,51230.3,07-10-2024 14:50
51227.7,51242.15,50635.2,50660.35,07-10-2024 14:55
50648.3,50761.5,50423.5,50470.55,07-10-2024 15:00
50465.75,50484.25,50348,50406.95,07-10-2024 15:05
50413.4,50458.55,50323.4,50401.5,07-10-2024 15:10
50407.9,50592.3,50387.75,50569.45,07-10-2024 15:15
50570.9,50621.55,50533.05,50581.85,07-10-2024 15:20
50586.85,50671.45,50575.6,50617.8,07-10-2024 15:25
50736.1,50847.85,50466,50608.3,08-10-2024 09:15
50628.5,50736.1,50593,50681.45,08-10-2024 09:20
50681.4,50802.8,50602.25,50779.85,08-10-2024 09:25
50779.75,50815.7,50690.25,50755.2,08-10-2024 09:30
50751.15,50819.5,50703,50764.4,08-10-2024 09:35
50766.55,50899.5,50751.05,50858,08-10-2024 09:40
50865.4,51025.05,50862.65,51011.55,08-10-2024 09:45
51021.65,51023,50916.55,50936.05,08-10-2024 09:50
50938.7,50982.75,50829.25,50841.2,08-10-2024 09:55
50841.45,50874.05,50732.45,50873,08-10-2024 10:00
50871.9,50872.85,50806.25,50838.2,08-10-2024 10:05
50836.75,50875.9,50786.85,50826.35,08-10-2024 10:10
50826.2,50835.55,50781.75,50786.75,08-10-2024 10:15
50786.75,50852.95,50779.25,50819.4,08-10-2024 10:20
50819.95,50975.4,50818.75,50930.25,08-10-2024 10:25
50933.85,51022.45,50927.35,51009.05,08-10-2024 10:30
51007.8,51052.05,50988.65,51050.7,08-10-2024 10:35
51049.65,51082.1,51008.55,51018.5,08-10-2024 10:40
51014.75,51033.75,50968.7,51026.9,08-10-2024 10:45
51027.45,51064.95,51001.5,51009.7,08-10-2024 10:50
51006.5,51024.85,50971.7,50984.85,08-10-2024 10:55
50987.15,51038.15,50983.65,51029.5,08-10-2024 11:00
51023.9,51087.55,51021.55,51068.1,08-10-2024 11:05
51066.45,51090.05,50986.05,51018.35,08-10-2024 11:10
51018.55,51029.75,50955.1,50991.4,08-10-2024 11:15
50991.2,51054,50976.35,51047.55,08-10-2024 11:20
51044.45,51084.1,51030.3,51041.6,08-10-2024 11:25
51038.5,51040.9,51001.8,51025.2,08-10-2024 11:30
51023.1,51046.25,50996.5,51019.8,08-10-2024 11:35
51020.3,51060.45,51010.55,51038.8,08-10-2024 11:40
51041.65,51104.15,51037.1,51062.5,08-10-2024 11:45
51063.2,51084.35,51032.9,51050.15,08-10-2024 11:50
51049.05,51063.85,50951.5,51032.65,08-10-2024 11:55
51029.45,51034.55,50952.75,50988.5,08-10-2024 12:00
50985.2,50986.2,50941.5,50963.65,08-10-2024 12:05
50962.05,51018.95,50953.2,51012.5,08-10-2024 12:10
51005.85,51044.25,50971.85,50979.75,08-10-2024 12:15
50971.4,51006.95,50952.25,50998.75,08-10-2024 12:20
50999.75,51011.85,50970.6,50983.1,08-10-2024 12:25
50984.5,50988.75,50909.2,50952.75,08-10-2024 12:30
50954.45,51011.85,50949.55,51010.8,08-10-2024 12:35
51004.9,51014.95,50959,50964.35,08-10-2024 12:40
50962.55,50989.4,50924.85,50965.05,08-10-2024 12:45
50962.75,50993.65,50950.4,50982.3,08-10-2024 12:50
50978.9,50986.55,50923.75,50971.65,08-10-2024 12:55
50970,51051.7,50954.9,51050.85,08-10-2024 13:00
51049.85,51127.25,51042.3,51116.05,08-10-2024 13:05
51110.7,51146.4,51081.65,51094.85,08-10-2024 13:10
51093.45,51100.4,51050.85,51068.4,08-10-2024 13:15
51068.7,51074.3,51038.05,51066.55,08-10-2024 13:20
51064.95,51090.1,51048.4,51060.5,08-10-2024 13:25
51061.75,51118.55,51056.35,51086.65,08-10-2024 13:30
51087.6,51151,51082.1,51151,08-10-2024 13:35
51146.1,51160.85,51072.75,51084.7,08-10-2024 13:40
51084.65,51140.3,51081.85,51119.4,08-10-2024 13:45
51119.65,51139.15,51079.55,51085.6,08-10-2024 13:50
51088.35,51111.45,51064.7,51080.7,08-10-2024 13:55
51080.95,51116.7,51063.75,51085.05,08-10-2024 14:00
51084.95,51142.55,51072.45,51136.85,08-10-2024 14:05
51127.9,51146.2,51102.1,51143.85,08-10-2024 14:10
51143.75,51176.05,51116.8,51123.75,08-10-2024 14:15
51123.2,51149.3,51112.1,51136.35,08-10-2024 14:20
51137,51165.9,51125.85,51152,08-10-2024 14:25
51149.4,51154.7,51062.65,51077,08-10-2024 14:30
51072,51085.6,51015.05,51053.7,08-10-2024 14:35
51049.6,51056.9,50984.35,50998.45,08-10-2024 14:40
50996.05,51031.4,50960.05,51021.25,08-10-2024 14:45
51021.7,51021.7,50944.05,50977.65,08-10-2024 14:50
50975.4,51018.4,50943.15,51014.35,08-10-2024 14:55
51013.35,51044.85,50959.85,50986,08-10-2024 15:00
50986.9,51021.65,50961,51007.2,08-10-2024 15:05
51008.25,51056.1,50998.25,51017.15,08-10-2024 15:10
51017.85,51056.05,51011.75,51025.35,08-10-2024 15:15
51024.8,51051.75,51023.05,51040.85,08-10-2024 15:20
51040.85,51094.25,51033.45,51075.85,08-10-2024 15:25
51161.75,51231.6,51023.65,51037.8,09-10-2024 09:15
51027.85,51097.4,51011.05,51049.2,09-10-2024 09:20
51035.9,51071.65,51003.15,51040.6,09-10-2024 09:25
51046.35,51065.1,50999.55,51051.25,09-10-2024 09:30
51053.4,51066.7,50905.55,51012.2,09-10-2024 09:35
51005.5,51138.4,50992.85,51102.4,09-10-2024 09:40
51103.25,51117.55,51027.4,51043.15,09-10-2024 09:45
51044.25,51082.6,51012.6,51032.8,09-10-2024 09:50
51035.7,51056.75,50977,51042.75,09-10-2024 09:55
51049.4,51082.9,50974.2,51003.4,09-10-2024 10:00
51004.85,51463.55,51004.85,51463.55,09-10-2024 10:05
51463.35,51605.95,51420.05,51603.5,09-10-2024 10:10
51593.65,51606,51447.9,51456.95,09-10-2024 10:15
51458.05,51492.55,51396.35,51412.65,09-10-2024 10:20
51406.55,51407.9,51177.05,51206.85,09-10-2024 10:25
51206.3,51278.05,51197.1,51274,09-10-2024 10:30
51272.6,51564.45,51268.2,51560.95,09-10-2024 10:35
51557.45,51577.3,51464.7,51482,09-10-2024 10:40
51482.45,51647.6,51482.45,51588.1,09-10-2024 10:45
51592.15,51699.25,51592.15,51661.3,09-10-2024 10:50
51660.3,51707.15,51576.35,51592,09-10-2024 10:55
51593.45,51646.6,51534.4,51534.4,09-10-2024 11:00
51528.4,51603.7,51518.25,51548.85,09-10-2024 11:05
51540.7,51556.55,51443.15,51502.7,09-10-2024 11:10
51494.7,51536.55,51463.6,51468.95,09-10-2024 11:15
51467.65,51531.35,51455.25,51505.55,09-10-2024 11:20
51503.35,51508.7,51445.35,51475.4,09-10-2024 11:25
51474.2,51516.15,51466.1,51492.15,09-10-2024 11:30
51489.5,51513.5,51437.6,51458.1,09-10-2024 11:35
51455.85,51487.15,51260.45,51283.25,09-10-2024 11:40
51275.65,51322.7,51179.5,51241.55,09-10-2024 11:45
51242.35,51274.95,51174.4,51188.4,09-10-2024 11:50
51191.4,51200.4,51061.85,51108.3,09-10-2024 11:55
51107.2,51159.7,51047.2,51111.05,09-10-2024 12:00
51109.75,51238.2,51099.6,51140.85,09-10-2024 12:05
51136.7,51148.8,51076.75,51086.4,09-10-2024 12:10
51091.6,51113.1,51040.65,51061.25,09-10-2024 12:15
51060.25,51152.25,51056.45,51075.35,09-10-2024 12:20
51072.55,51151.35,51067.95,51114.05,09-10-2024 12:25
51102.05,51186.45,51101.25,51151.25,09-10-2024 12:30
51149.55,51172.95,51102.6,51142.85,09-10-2024 12:35
51142.15,51180.45,51129.35,51157,09-10-2024 12:40
51156.65,51210.3,51139.85,51172.75,09-10-2024 12:45
51167.25,51231.7,51167.25,51206.45,09-10-2024 12:50
51201.8,51229.8,51153.85,51168.6,09-10-2024 12:55
51169,51176,51075.05,51121.85,09-10-2024 13:00
51116.25,51123.4,51078.1,51099.2,09-10-2024 13:05
51100.5,51108.25,51058.6,51064.45,09-10-2024 13:10
51057.35,51098.15,51029.45,51036.15,09-10-2024 13:15
51034.25,51059.85,51001.25,51031.95,09-10-2024 13:20
51028.8,51070.15,51022.65,51042.1,09-10-2024 13:25
51039.75,51078.4,51036.75,51078.15,09-10-2024 13:30
51070.1,51081.8,50986.85,51000.05,09-10-2024 13:35
50995.75,51055.4,50995.75,51051.2,09-10-2024 13:40
51051.2,51076.05,51036.15,51045.9,09-10-2024 13:45
51040.65,51084.25,51020.35,51069.15,09-10-2024 13:50
51068.6,51101,51063.5,51084.85,09-10-2024 13:55
51086.4,51144,51080.7,51121.45,09-10-2024 14:00
51123.2,51143.45,51087.95,51099.45,09-10-2024 14:05
51098.95,51117.05,51065.95,51076.6,09-10-2024 14:10
51079.4,51087.45,51028.95,51034.25,09-10-2024 14:15
51037.1,51060.35,51007.5,51011.35,09-10-2024 14:20
51012.5,51055.65,51007.1,51041.15,09-10-2024 14:25
51041.55,51129,51040.65,51088.95,09-10-2024 14:30
51094.65,51124.8,51070.8,51113.65,09-10-2024 14:35
51117.95,51122.45,51052.65,51058.2,09-10-2024 14:40
51057,51117.35,51038.65,51106.15,09-10-2024 14:45
51108.6,51114.6,51054.25,51074.45,09-10-2024 14:50
51074.4,51095,51060.3,51072.5,09-10-2024 14:55
51077.3,51082,50903.75,50982.05,09-10-2024 15:00
50976.85,51020.15,50940.65,50988.75,09-10-2024 15:05
50992.45,51022.5,50953.1,51014.75,09-10-2024 15:10
51017,51082.7,51009.65,51065.8,09-10-2024 15:15
51068.25,51098.95,51024.6,51058.85,09-10-2024 15:20
51070,51108.9,51042.35,51088.2,09-10-2024 15:25
51195.7,51264.6,51126.75,51144.2,10-10-2024 09:15
51144.75,51149.8,51058,51084.1,10-10-2024 09:20
51083.25,51140.25,51047,51114,10-10-2024 09:25
51114.1,51177.7,51104.45,51107.35,10-10-2024 09:30
51103,51154.65,51086.85,51147.2,10-10-2024 09:35
51149,51207.85,51131,51188.5,10-10-2024 09:40
51182,51267.6,51182,51225.55,10-10-2024 09:45
51226.65,51249.4,51160.05,51193,10-10-2024 09:50
51195.1,51328.45,51195.1,51319.75,10-10-2024 09:55
51321.2,51328.15,51277.5,51281.35,10-10-2024 10:00
51282.4,51379.3,51281.35,51356.9,10-10-2024 10:05
51356.65,51413.8,51356.65,51374.3,10-10-2024 10:10
51375.3,51390.9,51310,51310,10-10-2024 10:15
51313.5,51333.25,51276.05,51304.75,10-10-2024 10:20
51305.8,51309.05,51273,51284.05,10-10-2024 10:25
51285.7,51350.85,51284.55,51344.15,10-10-2024 10:30
51344.15,51344.25,51231.95,51235.95,10-10-2024 10:35
51239.3,51289,51224,51282.25,10-10-2024 10:40
51281.5,51300.8,51255.9,51268.45,10-10-2024 10:45
51270.4,51283.6,51240.8,51257.5,10-10-2024 10:50
51261.4,51342.15,51253.75,51316.9,10-10-2024 10:55
51321.8,51322.5,51265.15,51279.35,10-10-2024 11:00
51278.9,51286.05,51251.9,51271.55,10-10-2024 11:05
51270.4,51281.35,51234.1,51242.45,10-10-2024 11:10
51239.55,51267.35,51216.95,51222.95,10-10-2024 11:15
51218.35,51279.7,51218.35,51246.8,10-10-2024 11:20
51246.3,51300.75,51238.9,51257.35,10-10-2024 11:25
51258.55,51274.8,51241.05,51261.75,10-10-2024 11:30
51265.35,51300,51257.4,51285.95,10-10-2024 11:35
51283,51324.75,51278.15,51304.5,10-10-2024 11:40
51301.9,51361.95,51301,51343.75,10-10-2024 11:45
51343.15,51385.9,51339.9,51385.9,10-10-2024 11:50
51380,51391.9,51329.4,51374.3,10-10-2024 11:55
51378.75,51423.35,51354.95,51412.6,10-10-2024 12:00
51410.65,51425.8,51384,51416.9,10-10-2024 12:05
51421.3,51444.6,51379.45,51393,10-10-2024 12:10
51393.1,51426.35,51363.85,51407.55,10-10-2024 12:15
51405.55,51421.65,51383.55,51413.6,10-10-2024 12:20
51418.55,51448.75,51401.95,51422.8,10-10-2024 12:25
51425.6,51450.35,51408.95,51429.35,10-10-2024 12:30
51426.8,51448.4,51419.05,51433.15,10-10-2024 12:35
51426.25,51456,51418.6,51436.9,10-10-2024 12:40
51437,51469.9,51423,51432.7,10-10-2024 12:45
51433.95,51460.6,51401.7,51434.15,10-10-2024 12:50
51431.65,51438.35,51395.7,51412.25,10-10-2024 12:55
51413.75,51455.6,51403.85,51451,10-10-2024 13:00
51452.2,51454.4,51416.6,51420.2,10-10-2024 13:05
51419.75,51480.35,51417.7,51476.95,10-10-2024 13:10
51478.4,51526.35,51446.6,51526.35,10-10-2024 13:15
51522.25,51599.95,51522.25,51588.4,10-10-2024 13:20
51584.35,51630.35,51562.3,51563.85,10-10-2024 13:25
51564.7,51599.25,51516.3,51537.5,10-10-2024 13:30
51534.75,51568.2,51520.05,51539.4,10-10-2024 13:35
51537.95,51559.5,51524,51557,10-10-2024 13:40
51556.45,51561.05,51513.1,51546.25,10-10-2024 13:45
51550.3,51555.4,51480.8,51497.1,10-10-2024 13:50
51492.05,51575.6,51490.55,51556.95,10-10-2024 13:55
51559.7,51573.1,51525.45,51555.75,10-10-2024 14:00
51562.65,51563.1,51527.05,51553.8,10-10-2024 14:05
51562,51585.6,51549.2,51566.2,10-10-2024 14:10
51561.2,51616.4,51556.05,51604.95,10-10-2024 14:15
51600.55,51637.85,51579.7,51625.6,10-10-2024 14:20
51625.4,51652.25,51581.15,51613.2,10-10-2024 14:25
51611.1,51645.8,51595.55,51628.45,10-10-2024 14:30
51632.4,51652.7,51590.6,51629.3,10-10-2024 14:35
51625.05,51659.45,51606.2,51647.6,10-10-2024 14:40
51651.35,51651.35,51601.6,51603.3,10-10-2024 14:45
51607.05,51627.75,51599.3,51615.65,10-10-2024 14:50
51611.25,51615.9,51540.25,51559.3,10-10-2024 14:55
51561.3,51573,51515.95,51564.15,10-10-2024 15:00
51564.95,51572,51533.5,51567.3,10-10-2024 15:05
51565.9,51573.55,51528,51531.5,10-10-2024 15:10
51530.35,51535.8,51495.95,51514.1,10-10-2024 15:15
51514.15,51532.55,51508.1,51516.35,10-10-2024 15:20
51515.95,51533.4,51493.15,51533.4,10-10-2024 15:25
51491.9,51560,51301.9,51396.85,11-10-2024 09:15
51396.15,51396.15,51311.8,51336.05,11-10-2024 09:20
51336.6,51390.6,51320.75,51340.2,11-10-2024 09:25
51342.8,51376.9,51272.6,51348.95,11-10-2024 09:30
51348.75,51396.25,51326.8,51375.15,11-10-2024 09:35
51374.6,51384.75,51336.05,51351.8,11-10-2024 09:40
51351.05,51428.6,51351.05,51426.55,11-10-2024 09:45
51425.5,51527.3,51419.6,51492.55,11-10-2024 09:50
51496.1,51532.9,51464,51469.05,11-10-2024 09:55
51471,51504.95,51433.25,51465.35,11-10-2024 10:00
51463.7,51496,51449.85,51495.45,11-10-2024 10:05
51496.05,51543.25,51495.25,51538.65,11-10-2024 10:10
51537.9,51543.35,51496,51506.05,11-10-2024 10:15
51511.8,51513.25,51474.85,51478.45,11-10-2024 10:20
51483.65,51500.2,51441.6,51463.55,11-10-2024 10:25
51462.5,51483.4,51451.1,51452.6,11-10-2024 10:30
51453.75,51453.75,51384.45,51393.6,11-10-2024 10:35
51391.8,51394.35,51328.35,51348.35,11-10-2024 10:40
51348.45,51371.1,51317.25,51361.15,11-10-2024 10:45
51361.3,51367.6,51324.4,51341,11-10-2024 10:50
51343.25,51344.6,51245.6,51246.35,11-10-2024 10:55
51249.9,51258,51213.2,51213.9,11-10-2024 11:00
51213.45,51227.05,51170.9,51189,11-10-2024 11:05
51188.4,51223.9,51177.75,51189.15,11-10-2024 11:10
51187.65,51227,51106.9,51117.25,11-10-2024 11:15
51117.4,51143.05,51095.05,51108.75,11-10-2024 11:20
51111.25,51112.15,51045.15,51049.8,11-10-2024 11:25
51049.3,51090.05,51005.85,51023.3,11-10-2024 11:30
51016.55,51052.2,51014.65,51031.95,11-10-2024 11:35
51035.4,51085.3,51018.5,51062.95,11-10-2024 11:40
51063.5,51089.3,51023.2,51055.6,11-10-2024 11:45
51056.1,51111.75,51051.3,51085.8,11-10-2024 11:50
51085.7,51109.55,51076.45,51085.35,11-10-2024 11:55
51086.25,51121,51064.05,51107.25,11-10-2024 12:00
51106.4,51126.05,51076.05,51090.15,11-10-2024 12:05
51090.15,51096.75,51055.95,51087.9,11-10-2024 12:10
51088.5,51120.85,51083.45,51114.7,11-10-2024 12:15
51118.4,51148,51108.65,51119.4,11-10-2024 12:20
51126.5,51175.85,51121.15,51170.6,11-10-2024 12:25
51170.95,51176.8,51142.25,51152,11-10-2024 12:30
51152.6,51156.1,51126.7,51145.3,11-10-2024 12:35
51145,51153.6,51098.55,51098.55,11-10-2024 12:40
51102.7,51130.65,51093.95,51127.25,11-10-2024 12:45
51129,51130,51099.15,51102.4,11-10-2024 12:50
51100.8,51149.35,51097.45,51140.65,11-10-2024 12:55
51137.8,51152.95,51126.95,51138.95,11-10-2024 13:00
51142.05,51165.55,51139.45,51158.5,11-10-2024 13:05
51156.45,51191.4,51154,51167.4,11-10-2024 13:10
51166.35,51246.5,51166.25,51239.35,11-10-2024 13:15
51239.2,51242.1,51192.25,51213.7,11-10-2024 13:20
51214.45,51219.45,51195.1,51203.45,11-10-2024 13:25
51201.45,51221.1,51192.95,51213.3,11-10-2024 13:30
51214.25,51215.6,51127.35,51169.3,11-10-2024 13:35
51170.7,51194.2,51122.55,51132.05,11-10-2024 13:40
51130.75,51153.1,51111.15,51145.95,11-10-2024 13:45
51146.35,51179.35,51134.8,51157.55,11-10-2024 13:50
51156.3,51188.6,51150.6,51187.55,11-10-2024 13:55
51186.75,51219.6,51157.15,51161.75,11-10-2024 14:00
51160.95,51174.55,51125.55,51135.45,11-10-2024 14:05
51135.1,51169.95,51134.6,51164.25,11-10-2024 14:10
51167.45,51169.3,51135,51150.5,11-10-2024 14:15
51147.45,51153.8,51113.25,51143.05,11-10-2024 14:20
51148.65,51162.65,51131.65,51146.05,11-10-2024 14:25
51144.25,51184.7,51144.25,51155.95,11-10-2024 14:30
51151.5,51187.25,51147.8,51185.55,11-10-2024 14:35
51186.05,51202.55,51165.25,51202.55,11-10-2024 14:40
51193.15,51220.3,51176.05,51197.6,11-10-2024 14:45
51197.35,51221.5,51189.1,51220.9,11-10-2024 14:50
51215.7,51222.4,51164.3,51171.3,11-10-2024 14:55
51165.4,51185.25,51148.75,51149.3,11-10-2024 15:00
51149.5,51186.35,51147.35,51180.85,11-10-2024 15:05
51177.25,51178.75,51141.35,51159.55,11-10-2024 15:10
51160.55,51187.3,51151.8,51174.3,11-10-2024 15:15
51179.35,51190.15,51158.95,51173.45,11-10-2024 15:20
51174.9,51194.5,51163.5,51189.25,11-10-2024 15:25
51263.25,51368,51220.85,51358.8,14-10-2024 09:15
51357.9,51378.95,51299.5,51375,14-10-2024 09:20
51377.55,51416.15,51338.25,51410.85,14-10-2024 09:25
51411.95,51450,51392.6,51431.55,14-10-2024 09:30
51432.1,51471.45,51407.75,51434,14-10-2024 09:35
51431.45,51601.6,51428.6,51589.8,14-10-2024 09:40
51587.45,51674.35,51587.45,51652.7,14-10-2024 09:45
51653.75,51684.05,51625.95,51677.35,14-10-2024 09:50
51672.8,51690.95,51615.4,51674.7,14-10-2024 09:55
51671.95,51738.15,51671.95,51712.5,14-10-2024 10:00
51704.8,51721.1,51642.75,51644.35,14-10-2024 10:05
51649.15,51656.9,51587.1,51617.2,14-10-2024 10:10
51615,51664.4,51615,51628.95,14-10-2024 10:15
51633.8,51708.05,51630.5,51698.6,14-10-2024 10:20
51701.1,51759.45,51695.45,51721.1,14-10-2024 10:25
51719.05,51735.9,51689.7,51693.75,14-10-2024 10:30
51691.65,51691.9,51670.55,51675.5,14-10-2024 10:35
51678.65,51708.25,51648.95,51676.25,14-10-2024 10:40
51676.15,51718.1,51676.15,51698.25,14-10-2024 10:45
51698.25,51731.75,51690.85,51697.6,14-10-2024 10:50
51699.05,51709.1,51679.2,51691.25,14-10-2024 10:55
51696.2,51716.15,51678.05,51681.15,14-10-2024 11:00
51686.1,51730.3,51682.15,51725.8,14-10-2024 11:05
51726.2,51752.3,51712.7,51738.3,14-10-2024 11:10
51741.25,51792.25,51734.85,51744.8,14-10-2024 11:15
51747.5,51763.4,51740,51751,14-10-2024 11:20
51751.4,51762.15,51705.45,51727.35,14-10-2024 11:25
51726.75,51740,51713.55,51724.35,14-10-2024 11:30
51721.95,51757.15,51718.05,51753,14-10-2024 11:35
51749.5,51763.75,51725.7,51737.85,14-10-2024 11:40
51737.1,51750.7,51722.4,51731.4,14-10-2024 11:45
51730.8,51740.1,51712.5,51734.25,14-10-2024 11:50
51732.4,51742.65,51711.9,51736.45,14-10-2024 11:55
51730.3,51736.55,51695.4,51717.75,14-10-2024 12:00
51718.45,51743.3,51708.85,51740.75,14-10-2024 12:05
51741.05,51758.75,51735.9,51752.15,14-10-2024 12:10
51752.1,51770.95,51733.8,51735.1,14-10-2024 12:15
51738.15,51749.1,51723.85,51741.65,14-10-2024 12:20
51743.9,51757.5,51728.5,51733.65,14-10-2024 12:25
51733.75,51741.95,51713,51729.85,14-10-2024 12:30
51729.15,51733.45,51702.2,51724.15,14-10-2024 12:35
51725.65,51735.15,51708.45,51716.9,14-10-2024 12:40
51716.85,51735,51703.25,51708.4,14-10-2024 12:45
51708.25,51713.75,51675.25,51686.5,14-10-2024 12:50
51686.7,51697.3,51670.7,51679.9,14-10-2024 12:55
51684.45,51698.9,51672.15,51698.15,14-10-2024 13:00
51698.65,51717.7,51688.1,51705.25,14-10-2024 13:05
51704.25,51715.35,51682.55,51686.2,14-10-2024 13:10
51687.3,51704.55,51682,51687.9,14-10-2024 13:15
51687.8,51691.5,51674.85,51684.35,14-10-2024 13:20
51686.1,51703.15,51669.45,51697.45,14-10-2024 13:25
51699.75,51729,51698.55,51716.95,14-10-2024 13:30
51716.75,51751.4,51714.75,51732.1,14-10-2024 13:35
51734.95,51755.55,51727.4,51737.3,14-10-2024 13:40
51736.9,51746.7,51722.05,51746.7,14-10-2024 13:45
51747.1,51760.75,51741.15,51757.9,14-10-2024 13:50
51757.7,51790.6,51753.3,51771.05,14-10-2024 13:55
51769,51796.7,51758.1,51764.35,14-10-2024 14:00
51763.7,51777.45,51756.5,51764.2,14-10-2024 14:05
51765.15,51792.8,51761.5,51782.05,14-10-2024 14:10
51784.85,51796.85,51771.85,51782.7,14-10-2024 14:15
51782.5,51784.75,51749.3,51759.2,14-10-2024 14:20
51758.7,51769.85,51747.95,51765.55,14-10-2024 14:25
51768.05,51796.85,51754.95,51789,14-10-2024 14:30
51788.6,51839.45,51785.45,51821.6,14-10-2024 14:35
51822.6,51829.25,51778.6,51785.45,14-10-2024 14:40
51786.7,51803.55,51765.2,51793.3,14-10-2024 14:45
51785.6,51814.75,51784.75,51807.95,14-10-2024 14:50
51807.75,51819.45,51788.4,51804.7,14-10-2024 14:55
51804.35,51817.6,51766.05,51786.15,14-10-2024 15:00
51790.2,51814.5,51776.2,51798,14-10-2024 15:05
51800.2,51820.35,51772,51798.55,14-10-2024 15:10
51798.85,51845.35,51792.85,51826.3,14-10-2024 15:15
51828.55,51861.9,51826.65,51850.95,14-10-2024 15:20
51849.95,51893,51841.6,51879.05,14-10-2024 15:25
51975.95,52022.05,51907.85,51994.1,15-10-2024 09:15
51992.6,51992.6,51894.3,51946.95,15-10-2024 09:20
51945.55,51951.9,51901.95,51910.5,15-10-2024 09:25
51911.25,51992.9,51870.05,51984.45,15-10-2024 09:30
51984.4,51987.1,51925,51950.85,15-10-2024 09:35
51953.95,51958.25,51913.8,51921.35,15-10-2024 09:40
51919.85,51923.4,51758.45,51770.35,15-10-2024 09:45
51770.1,51845.7,51763.4,51796.75,15-10-2024 09:50
51792.2,51826.95,51787.25,51826.95,15-10-2024 09:55
51824.5,51824.5,51727.45,51743.35,15-10-2024 10:00
51743.75,51750.05,51708,51743.95,15-10-2024 10:05
51742.2,51775.8,51718.35,51753.85,15-10-2024 10:10
51756.4,51803.45,51745.95,51790.35,15-10-2024 10:15
51790.55,51813,51768.35,51801.8,15-10-2024 10:20
51801.05,51808.2,51777.8,51779.3,15-10-2024 10:25
51781.45,51859.4,51737.75,51845.55,15-10-2024 10:30
51847.5,51932.05,51839.6,51922.05,15-10-2024 10:35
51920,51963.85,51888.95,51934.7,15-10-2024 10:40
51931.05,51955.65,51883.8,51883.8,15-10-2024 10:45
51885.6,51891.45,51842.25,51862.5,15-10-2024 10:50
51865.5,51870.7,51748.85,51826.95,15-10-2024 10:55
51823.55,51833.8,51793.75,51802.25,15-10-2024 11:00
51803.05,51812.75,51769.55,51790.2,15-10-2024 11:05
51785.15,51798.5,51766.25,51778.8,15-10-2024 11:10
51780.35,51796.25,51769.6,51793.4,15-10-2024 11:15
51793.5,51814.8,51729.35,51731.9,15-10-2024 11:20
51724.7,51754.25,51698.75,51708.95,15-10-2024 11:25
51708.85,51757.95,51704.7,51755.2,15-10-2024 11:30
51751.35,51768.2,51732.9,51760.55,15-10-2024 11:35
51760.5,51793.75,51745.4,51793.75,15-10-2024 11:40
51792.55,51794.05,51751.25,51778.35,15-10-2024 11:45
51776.75,51807.2,51764.15,51801.55,15-10-2024 11:50
51802.9,51869.5,51791.9,51861.5,15-10-2024 11:55
51861.8,51892.65,51833.25,51886.4,15-10-2024 12:00
51887.95,51892.35,51845.9,51859.35,15-10-2024 12:05
51859.4,51885.2,51852.8,51873.35,15-10-2024 12:10
51874,51874,51831.45,51851.7,15-10-2024 12:15
51850.35,51871.7,51828.55,51871.7,15-10-2024 12:20
51870.8,51887.95,51852.9,51869.35,15-10-2024 12:25
51866.5,51927.35,51861.1,51925.1,15-10-2024 12:30
51925.5,51932.15,51900.8,51916.6,15-10-2024 12:35
51915.15,51939.7,51907.4,51926.7,15-10-2024 12:40
51928.6,51949.05,51920.65,51946.8,15-10-2024 12:45
51948.25,51951.2,51914.6,51924.8,15-10-2024 12:50
51932.55,51937.9,51897.8,51911.05,15-10-2024 12:55
51911.85,51911.95,51845.7,51858.6,15-10-2024 13:00
51857.75,51864.75,51817.7,51830.8,15-10-2024 13:05
51828.8,51839.85,51815.05,51819.2,15-10-2024 13:10
51815.8,51848.1,51807.95,51839.25,15-10-2024 13:15
51839.5,51887.7,51832.75,51878.75,15-10-2024 13:20
51878.75,51882.25,51857.85,51866.4,15-10-2024 13:25
51866.6,51905.05,51862.35,51891.6,15-10-2024 13:30
51891.55,51927.05,51891.55,51914.6,15-10-2024 13:35
51915.55,51932.85,51902.85,51923.2,15-10-2024 13:40
51922.95,51946.9,51895.2,51897.15,15-10-2024 13:45
51895.9,51914.45,51879.8,51896.85,15-10-2024 13:50
51897.05,51916.6,51854.5,51857.15,15-10-2024 13:55
51861.7,51898.4,51859.65,51893.35,15-10-2024 14:00
51893.55,51903.35,51881.55,51901.2,15-10-2024 14:05
51902.2,51919.6,51882.4,51909.8,15-10-2024 14:10
51909.3,51916.65,51895.25,51906.35,15-10-2024 14:15
51902.8,51924.15,51878.15,51890.4,15-10-2024 14:20
51890.95,51904,51872.25,51872.25,15-10-2024 14:25
51878.35,51899.45,51869.9,51893,15-10-2024 14:30
51894.05,51897.4,51797.05,51845.15,15-10-2024 14:35
51842.35,51858.65,51804.85,51841.15,15-10-2024 14:40
51842.15,51881.1,51834.5,51869.35,15-10-2024 14:45
51869.35,51912.15,51856.4,51889.2,15-10-2024 14:50
51888.95,51892.65,51808.05,51835.7,15-10-2024 14:55
51831.25,51889.15,51831.25,51860.7,15-10-2024 15:00
51862.65,51888.3,51822.6,51887.65,15-10-2024 15:05
51889.4,51962.3,51878.2,51905.85,15-10-2024 15:10
51906,51926.2,51886.9,51912.85,15-10-2024 15:15
51911.95,51955.75,51894.85,51950.15,15-10-2024 15:20
51950.8,51990.7,51934.5,51945.4,15-10-2024 15:25
51711.2,51887.85,51711.2,51864.5,16-10-2024 09:15
51866.9,51989.55,51863,51919.7,16-10-2024 09:20
51919.7,51932.5,51874.75,51908.7,16-10-2024 09:25
51911.9,51958.65,51886.4,51897.35,16-10-2024 09:30
51896.95,51974.85,51881.8,51957.4,16-10-2024 09:35
51957.25,52004.15,51926.1,51994.65,16-10-2024 09:40
51990.75,52028.85,51959.6,52027.95,16-10-2024 09:45
52025.45,52031.6,51989.35,52009.75,16-10-2024 09:50
52011.9,52023.2,51996.15,51999,16-10-2024 09:55
52002.7,52002.7,51947.55,51957.5,16-10-2024 10:00
51955.8,51991.8,51934.85,51991.25,16-10-2024 10:05
51992.85,51999.55,51929.45,51944.3,16-10-2024 10:10
51944.3,51964.75,51915.5,51945.1,16-10-2024 10:15
51946.65,51946.65,51904.85,51917.2,16-10-2024 10:20
51918.15,51929.85,51895.9,51916.05,16-10-2024 10:25
51917.75,51929.95,51910.55,51919.3,16-10-2024 10:30
51921.65,51956.65,51904.05,51906.95,16-10-2024 10:35
51904.55,51924.05,51884.9,51920.5,16-10-2024 10:40
51920.8,51927.2,51904.4,51922.35,16-10-2024 10:45
51922.05,51927.45,51898.3,51902.5,16-10-2024 10:50
51902.95,51932.3,51901.15,51926.55,16-10-2024 10:55
51926.55,51937.15,51902.4,51916,16-10-2024 11:00
51916.5,51923.8,51901.15,51903.25,16-10-2024 11:05
51904.2,51919.7,51882.95,51909.6,16-10-2024 11:10
51905.9,51913.75,51852.45,51878.3,16-10-2024 11:15
51878.85,51891.3,51860.95,51873.35,16-10-2024 11:20
51873.35,51888.6,51843.35,51852.25,16-10-2024 11:25
51850.95,51864.15,51843.15,51852.95,16-10-2024 11:30
51853.9,51868.7,51843.7,51848.35,16-10-2024 11:35
51852.7,51856.8,51831.6,51841.9,16-10-2024 11:40
51847.8,51849.75,51831.75,51842.8,16-10-2024 11:45
51843.6,51864.25,51837.65,51852.05,16-10-2024 11:50
51861.2,51883.95,51851.85,51877.95,16-10-2024 11:55
51877.5,51896.25,51848.55,51851.55,16-10-2024 12:00
51854.1,51882.45,51849,51874.75,16-10-2024 12:05
51874.4,51882.1,51862.85,51867.65,16-10-2024 12:10
51867.2,51895.45,51862.25,51895.45,16-10-2024 12:15
51896.15,51914.25,51894.6,51905.75,16-10-2024 12:20
51905.9,51908.7,51881.75,51890.1,16-10-2024 12:25
51889.6,51897.25,51865.75,51883.5,16-10-2024 12:30
51885.15,51900.85,51876.75,51881.1,16-10-2024 12:35
51880.45,51892.65,51872.1,51888.15,16-10-2024 12:40
51887.05,51894.95,51869.65,51870.3,16-10-2024 12:45
51872.05,51881.15,51858.65,51861.25,16-10-2024 12:50
51860.85,51887.3,51856.3,51884.15,16-10-2024 12:55
51883.7,51901.15,51878.5,51897.3,16-10-2024 13:00
51897,51911.65,51887.3,51890.7,16-10-2024 13:05
51891,51922.45,51891,51911.6,16-10-2024 13:10
51911.45,51923.25,51893.85,51914.75,16-10-2024 13:15
51915.9,51920.1,51886.3,51887.65,16-10-2024 13:20
51889.65,51899.75,51872.85,51882.85,16-10-2024 13:25
51883.85,51888.95,51867.55,51875.3,16-10-2024 13:30
51875.45,51883.9,51865.25,51875.55,16-10-2024 13:35
51875.95,51884.1,51853.6,51862.9,16-10-2024 13:40
51863.6,51875.2,51855.8,51866.65,16-10-2024 13:45
51866.65,51869.85,51850.1,51850.85,16-10-2024 13:50
51851.3,51859.7,51840.3,51846.35,16-10-2024 13:55
51845.65,51881.4,51840.95,51865.75,16-10-2024 14:00
51865.8,51890.75,51856.85,51871.55,16-10-2024 14:05
51870.4,51876.6,51855.6,51856.15,16-10-2024 14:10
51854.5,51864.5,51847.95,51849.85,16-10-2024 14:15
51852.4,51863,51840.35,51861.95,16-10-2024 14:20
51861.8,51893.1,51851.4,51863.55,16-10-2024 14:25
51864.6,51879.3,51851.85,51856.65,16-10-2024 14:30
51856.85,51862.2,51819.25,51836.45,16-10-2024 14:35
51835.95,51843.9,51806.3,51812.8,16-10-2024 14:40
51814.05,51827.95,51789.1,51808.35,16-10-2024 14:45
51808.15,51813.8,51769.1,51806.5,16-10-2024 14:50
51810.4,51816.6,51773.3,51797.65,16-10-2024 14:55
51798.5,51822.55,51770.9,51801.25,16-10-2024 15:00
51800.9,51826.15,51788.25,51798.85,16-10-2024 15:05
51799.15,51816.45,51766,51810.9,16-10-2024 15:10
51810.35,51817.45,51770,51798.9,16-10-2024 15:15
51802.45,51815.35,51784.75,51795.75,16-10-2024 15:20
51794.3,51825.65,51783.7,51796.4,16-10-2024 15:25
51849.3,51930.2,51770.35,51815.75,17-10-2024 09:15
51818.55,51818.55,51742.9,51767.85,17-10-2024 09:20
51765.75,51798.3,51715.8,51734.75,17-10-2024 09:25
51736.15,51774.8,51663.95,51680.3,17-10-2024 09:30
51683.45,51684.8,51533.45,51540.5,17-10-2024 09:35
51538.2,51540.9,51469.2,51480.4,17-10-2024 09:40
51484.35,51489.25,51405,51419.1,17-10-2024 09:45
51415.1,51450.8,51380.6,51380.6,17-10-2024 09:50
51382.2,51438.8,51351.25,51401.35,17-10-2024 09:55
51396.55,51421.15,51355.2,51404.65,17-10-2024 10:00
51405.65,51413.2,51356.2,51384.1,17-10-2024 10:05
51385.35,51420.7,51377.65,51401,17-10-2024 10:10
51398.05,51426.25,51341.7,51353.45,17-10-2024 10:15
51350.6,51358.1,51239.2,51256.75,17-10-2024 10:20
51252.55,51312.6,51250.55,51304.75,17-10-2024 10:25
51305.2,51323.25,51271.5,51302.4,17-10-2024 10:30
51300.9,51358.7,51287,51358.7,17-10-2024 10:35
51358.9,51406.55,51342,51402.1,17-10-2024 10:40
51404.75,51437.95,51381.75,51409.6,17-10-2024 10:45
51409.15,51424.1,51376.75,51385.9,17-10-2024 10:50
51385.3,51389.15,51349.35,51367.15,17-10-2024 10:55
51369.7,51422.8,51369.2,51401.75,17-10-2024 11:00
51407.15,51409.05,51305.95,51305.95,17-10-2024 11:05
51312.2,51319.55,51246.9,51253.25,17-10-2024 11:10
51254,51283.7,51244.05,51254.35,17-10-2024 11:15
51254,51281.3,51245.9,51251.15,17-10-2024 11:20
51250.75,51267.7,51159.4,51184.15,17-10-2024 11:25
51184.75,51208.4,51163,51179.1,17-10-2024 11:30
51175.7,51214.8,51150.25,51208.8,17-10-2024 11:35
51208.85,51254.95,51208.85,51222.75,17-10-2024 11:40
51223.8,51246.1,51216.8,51231.05,17-10-2024 11:45
51229.9,51274.9,51222.4,51263.95,17-10-2024 11:50
51264.25,51296.45,51264.25,51282.3,17-10-2024 11:55
51285.25,51294.2,51251.3,51253.9,17-10-2024 12:00
51255,51316.1,51242.05,51313.15,17-10-2024 12:05
51315.5,51325.3,51289.9,51302.25,17-10-2024 12:10
51308.6,51349.05,51301.5,51337.9,17-10-2024 12:15
51336.85,51355.8,51309.85,51349.2,17-10-2024 12:20
51350.2,51351.35,51289.35,51301.8,17-10-2024 12:25
51300.75,51320.75,51266.9,51272,17-10-2024 12:30
51272.1,51295.15,51265.55,51274.85,17-10-2024 12:35
51274.85,51278.75,51220.4,51225.15,17-10-2024 12:40
51225.9,51227.95,51186.7,51223.15,17-10-2024 12:45
51222.7,51250.75,51214.5,51241,17-10-2024 12:50
51244.3,51283.85,51238.3,51274.55,17-10-2024 12:55
51273.85,51274,51247.45,51263.95,17-10-2024 13:00
51264.5,51270.9,51232.25,51232.5,17-10-2024 13:05
51233.8,51248.35,51213.3,51231.45,17-10-2024 13:10
51232.95,51242.05,51210.55,51220.15,17-10-2024 13:15
51220.15,51223.4,51198.65,51206.1,17-10-2024 13:20
51205.9,51223.1,51178.35,51223.1,17-10-2024 13:25
51222.7,51236.6,51204.2,51207.5,17-10-2024 13:30
51208.35,51270.55,51204.1,51265.8,17-10-2024 13:35
51266.1,51270.9,51242,51260.25,17-10-2024 13:40
51260.25,51263.95,51229.1,51231.9,17-10-2024 13:45
51230.85,51278.15,51225.75,51270.95,17-10-2024 13:50
51271.15,51278.3,51252.5,51267.95,17-10-2024 13:55
51269.8,51297.8,51249.2,51267.4,17-10-2024 14:00
51269.8,51276.45,51247.15,51256.85,17-10-2024 14:05
51258.5,51272.35,51247.55,51260.35,17-10-2024 14:10
51257.95,51283.35,51247.65,51256.5,17-10-2024 14:15
51254.2,51260.2,51220.95,51227.45,17-10-2024 14:20
51223.75,51273.9,51215.4,51263.65,17-10-2024 14:25
51262.55,51287.75,51249.1,51266.45,17-10-2024 14:30
51263.4,51270.2,51233.95,51233.95,17-10-2024 14:35
51237.45,51255.65,51209.3,51248.35,17-10-2024 14:40
51245.85,51292.85,51245.85,51278.35,17-10-2024 14:45
51279.65,51289.25,51251.8,51273.6,17-10-2024 14:50
51275.25,51290.95,51252.7,51259.7,17-10-2024 14:55
51264.3,51297.45,51263.45,51263.45,17-10-2024 15:00
51265.6,51280.25,51248.35,51280.25,17-10-2024 15:05
51276.05,51304,51262.05,51295.15,17-10-2024 15:10
51295.15,51346.8,51280.15,51326.15,17-10-2024 15:15
51328.1,51329.25,51286.55,51301.55,17-10-2024 15:20
51300.8,51318.45,51247.9,51269.55,17-10-2024 15:25
51261,51381.05,51125.95,51127.7,18-10-2024 09:15
51131.95,51131.95,51000.9,51072.3,18-10-2024 09:20
51075.4,51141.75,51016.2,51141.75,18-10-2024 09:25
51135.3,51271.45,51131.25,51248.1,18-10-2024 09:30
51257.25,51374.15,51249.15,51333.85,18-10-2024 09:35
51336.3,51369.25,51283.2,51340.8,18-10-2024 09:40
51342.7,51502.2,51333.6,51495.1,18-10-2024 09:45
51495.6,51524.8,51407.1,51413.55,18-10-2024 09:50
51401.3,51452.5,51358.5,51427.95,18-10-2024 09:55
51429.25,51455.1,51388.25,51431.25,18-10-2024 10:00
51431.75,51462.8,51391.4,51457.55,18-10-2024 10:05
51457.95,51566.9,51452.7,51555.3,18-10-2024 10:10
51555,51621.8,51507.8,51507.8,18-10-2024 10:15
51508.65,51599.45,51508.65,51567.45,18-10-2024 10:20
51571.3,51615.55,51543.8,51551.35,18-10-2024 10:25
51549.5,51661.05,51549.45,51630.65,18-10-2024 10:30
51630.75,51638.7,51547.4,51580.35,18-10-2024 10:35
51580,51611.9,51557.35,51560.65,18-10-2024 10:40
51558.45,51628.75,51558.45,51602.25,18-10-2024 10:45
51597.65,51626.8,51558.65,51587.8,18-10-2024 10:50
51591.6,51605.05,51558.85,51587.1,18-10-2024 10:55
51581.75,51600.35,51543.45,51543.45,18-10-2024 11:00
51546.25,51560.35,51480.1,51492.3,18-10-2024 11:05
51494.1,51538.1,51459,51529.15,18-10-2024 11:10
51533.6,51558.85,51491.75,51504.6,18-10-2024 11:15
51503.6,51532.5,51489.55,51514.85,18-10-2024 11:20
51516.35,51563.25,51514,51558.9,18-10-2024 11:25
51558.3,51602.6,51532.3,51588.35,18-10-2024 11:30
51590.25,51671.05,51582.5,51671.05,18-10-2024 11:35
51670.85,51765.45,51670.55,51749.45,18-10-2024 11:40
51748.9,51786.55,51729.15,51746.9,18-10-2024 11:45
51750.3,51754.95,51698.65,51744,18-10-2024 11:50
51745.7,51769.35,51720.9,51761.45,18-10-2024 11:55
51760.3,51855,51744.5,51827.5,18-10-2024 12:00
51827.85,51852.25,51803.9,51811,18-10-2024 12:05
51807.2,51810.25,51753.15,51763.4,18-10-2024 12:10
51767.4,51803.55,51767.25,51780.1,18-10-2024 12:15
51779.85,51823.95,51772.5,51808.65,18-10-2024 12:20
51807.4,51875.6,51802.6,51857.2,18-10-2024 12:25
51856.55,51910.1,51825.85,51898.9,18-10-2024 12:30
51899.15,51931.6,51882.25,51887,18-10-2024 12:35
51890.85,51934.6,51861.1,51928.75,18-10-2024 12:40
51926.9,51962.95,51902.05,51923.85,18-10-2024 12:45
51923.7,51934.5,51901.4,51915.65,18-10-2024 12:50
51916.05,51955.2,51908.45,51930.35,18-10-2024 12:55
51931.6,51941.15,51865.55,51895.25,18-10-2024 13:00
51897.25,51923.55,51871.5,51872.25,18-10-2024 13:05
51873.8,51906.3,51854.2,51878.65,18-10-2024 13:10
51876.8,51927.65,51868.65,51917.4,18-10-2024 13:15
51917.7,51954.05,51911.85,51951.7,18-10-2024 13:20
51952.3,52009.35,51941.95,51978.45,18-10-2024 13:25
51979.25,52037.95,51967.1,52025.6,18-10-2024 13:30
52029.35,52045.65,52012.4,52026.65,18-10-2024 13:35
52026.2,52128.9,52018.15,52121.85,18-10-2024 13:40
52126.15,52173.05,52084.7,52096.2,18-10-2024 13:45
52097.2,52097.2,52046.25,52065.85,18-10-2024 13:50
52068,52116.15,52053.65,52107.6,18-10-2024 13:55
52106.9,52130.7,52056.85,52066.5,18-10-2024 14:00
52066,52095.55,52018.9,52085.05,18-10-2024 14:05
52086.8,52123.95,52074.35,52121.25,18-10-2024 14:10
52117.6,52143.9,52085.35,52135.3,18-10-2024 14:15
52137.15,52175.85,52116.75,52129.4,18-10-2024 14:20
52126.85,52155.8,52114.35,52138.75,18-10-2024 14:25
52140.45,52168.15,52131.35,52151.3,18-10-2024 14:30
52152.75,52188.55,52137.75,52148.25,18-10-2024 14:35
52151.3,52199.45,52145.55,52157,18-10-2024 14:40
52159.5,52162.25,52094.35,52124,18-10-2024 14:45
52129.75,52149,52111.85,52121.65,18-10-2024 14:50
52120.75,52157.1,52109,52128.2,18-10-2024 14:55
52132.9,52146.45,52069.25,52083.9,18-10-2024 15:00
52081.1,52086.85,52021.95,52070.65,18-10-2024 15:05
52070.05,52075.75,52024.25,52065.25,18-10-2024 15:10
52068.3,52134.35,52059.6,52118.05,18-10-2024 15:15
52118,52153.35,52087.25,52147.35,18-10-2024 15:20
52141.95,52155.25,52102.5,52138.7,18-10-2024 15:25
52361.1,52538.75,52272.55,52495.95,21-10-2024 09:15
52495.75,52577.5,52456.1,52540.3,21-10-2024 09:20
52541.05,52564.1,52392.4,52398.4,21-10-2024 09:25
52391.95,52393.95,52195.65,52220.7,21-10-2024 09:30
52223.75,52231.55,52098.35,52107.55,21-10-2024 09:35
52109.35,52157.4,52011.85,52098.35,21-10-2024 09:40
52097.3,52103.35,51978.6,51978.6,21-10-2024 09:45
51985.55,52098.25,51947.1,52088.75,21-10-2024 09:50
52091.65,52174.25,51997.85,52133.65,21-10-2024 09:55
52135.9,52275.25,52110.1,52264.2,21-10-2024 10:00
52269.05,52319.15,52235.7,52235.7,21-10-2024 10:05
52228.15,52246.55,52072.45,52155.1,21-10-2024 10:10
52157.1,52191.45,52103,52141.55,21-10-2024 10:15
52144.4,52231.7,52109.45,52197.25,21-10-2024 10:20
52197.05,52197.05,52088.5,52114.55,21-10-2024 10:25
52114.35,52153.5,52076.15,52088.5,21-10-2024 10:30
52090.55,52141.95,52080.95,52130.7,21-10-2024 10:35
52130.9,52140.7,52079.6,52106.85,21-10-2024 10:40
52107.8,52134.1,52043.35,52051.7,21-10-2024 10:45
52051.7,52086.2,52042.3,52086.2,21-10-2024 10:50
52086.45,52158.85,52073.55,52125.15,21-10-2024 10:55
52122.95,52192.2,52115.4,52174.15,21-10-2024 11:00
52175.65,52181,52113.35,52123.6,21-10-2024 11:05
52123.15,52127.4,52090.95,52110.45,21-10-2024 11:10
52114.6,52135.1,52082.1,52099.05,21-10-2024 11:15
52098.45,52108.65,52068.75,52083.3,21-10-2024 11:20
52082.05,52100.9,52056.65,52099.2,21-10-2024 11:25
52094,52099.2,51921.8,51947,21-10-2024 11:30
51948.9,52003.25,51934.1,51980.5,21-10-2024 11:35
51978.8,52010.3,51940.05,51986.8,21-10-2024 11:40
51983.65,52046.6,51948.2,52021.1,21-10-2024 11:45
52019.25,52022.75,51983.45,51998.3,21-10-2024 11:50
51998.3,51998.95,51959.85,51965.8,21-10-2024 11:55
51968.1,51988.45,51937.35,51956.15,21-10-2024 12:00
51957.15,51975.15,51926.15,51960.95,21-10-2024 12:05
51961.5,51966.8,51910.95,51915.5,21-10-2024 12:10
51913.7,51986.15,51909.05,51976.55,21-10-2024 12:15
51978.8,52006.45,51957.4,51987.3,21-10-2024 12:20
51988.7,52014,51981.3,51994.2,21-10-2024 12:25
51994.65,51997.7,51953.6,51978.35,21-10-2024 12:30
51978.15,51984.8,51940.3,51958.3,21-10-2024 12:35
51955.85,51980.4,51925.75,51969.5,21-10-2024 12:40
51972.1,51975.2,51927.95,51947.75,21-10-2024 12:45
51932.2,51967.65,51927.4,51943.65,21-10-2024 12:50
51953.7,51955.5,51888.7,51906.7,21-10-2024 12:55
51900.95,51917.15,51879.05,51916.85,21-10-2024 13:00
51911.2,51978.5,51887.9,51978.5,21-10-2024 13:05
51979.2,51985.7,51938,51975.15,21-10-2024 13:10
51977.85,52085.2,51971.25,52081.15,21-10-2024 13:15
52085.75,52085.75,52034.45,52038.4,21-10-2024 13:20
52043.55,52060.5,51973.5,51973.5,21-10-2024 13:25
51978,52027.9,51968.5,52012,21-10-2024 13:30
52015.3,52024.55,51983.75,52011.25,21-10-2024 13:35
52014.7,52041.45,52000.15,52039.1,21-10-2024 13:40
52042.5,52058.5,51994.75,52024.8,21-10-2024 13:45
52024.6,52070.8,52008.75,52057.35,21-10-2024 13:50
52050.65,52100.85,52050.65,52088.45,21-10-2024 13:55
52084.35,52123.6,52049.2,52064.35,21-10-2024 14:00
52061.7,52072.95,51995.45,52013.65,21-10-2024 14:05
52016.4,52028.65,51983.4,52020.1,21-10-2024 14:10
52019,52044.9,51991.6,52026.75,21-10-2024 14:15
52024.65,52046.05,51999.05,52041.6,21-10-2024 14:20
52041.9,52051.3,51972.6,51984.75,21-10-2024 14:25
51983.85,52041.45,51977.7,52041.45,21-10-2024 14:30
52040.55,52081.15,51969.6,51984.1,21-10-2024 14:35
51976.25,52001,51967.55,51989.05,21-10-2024 14:40
51987.9,52004,51949.35,51993.35,21-10-2024 14:45
51994.05,52034.2,51975.85,52010,21-10-2024 14:50
52010.45,52051.75,51988.75,52012.4,21-10-2024 14:55
52013.25,52021.85,51950.6,51967.3,21-10-2024 15:00
51971.6,51984.6,51919.15,51950.95,21-10-2024 15:05
51951.95,52017.6,51944.45,51997.85,21-10-2024 15:10
51998.9,51998.9,51923.65,51964.15,21-10-2024 15:15
51963.15,51991.3,51925.15,51928,21-10-2024 15:20
51929.1,51941.1,51855.15,51855.15,21-10-2024 15:25
52071.35,52082.05,51853.95,52012.1,22-10-2024 09:15
52020,52043.4,51877,51904.95,22-10-2024 09:20
51902.35,52016.05,51892.75,51973.7,22-10-2024 09:25
51985.3,52086.45,51958.4,51970.6,22-10-2024 09:30
51965.6,52046.75,51961.15,52014.8,22-10-2024 09:35
52016.55,52127,51974.2,52116.8,22-10-2024 09:40
52115.95,52193.2,52110.7,52145.15,22-10-2024 09:45
52147.75,52215.45,52142.5,52207,22-10-2024 09:50
52201.85,52232.45,52152.55,52212.85,22-10-2024 09:55
52213.6,52257.3,52162.15,52200.85,22-10-2024 10:00
52202.85,52202.85,52142.9,52176.7,22-10-2024 10:05
52179.4,52193.35,52048,52070.7,22-10-2024 10:10
52069.8,52083.9,51913.65,51932.75,22-10-2024 10:15
51935.85,51978.85,51899.05,51943,22-10-2024 10:20
51943.4,51962.85,51758.6,51758.6,22-10-2024 10:25
51757.85,51891.5,51721.75,51891.5,22-10-2024 10:30
51896.95,51969.15,51837.75,51910.9,22-10-2024 10:35
51911.65,51999.9,51886.8,51930.85,22-10-2024 10:40
51934.4,51964.35,51889.45,51932.75,22-10-2024 10:45
51933.85,52001.25,51902.6,51910.35,22-10-2024 10:50
51909.05,51960.25,51857.9,51939.65,22-10-2024 10:55
51938.35,51968.1,51898.15,51908.75,22-10-2024 11:00
51913.05,51925.1,51825.2,51917.7,22-10-2024 11:05
51923.65,51969.5,51896.45,51941.8,22-10-2024 11:10
51940.9,51955.8,51889.6,51902.1,22-10-2024 11:15
51900.65,51909.6,51764.5,51806.05,22-10-2024 11:20
51806.9,51827.6,51754.6,51804.8,22-10-2024 11:25
51801.9,51911.9,51786.25,51870.85,22-10-2024 11:30
51873.8,51873.8,51747.25,51771.05,22-10-2024 11:35
51770.7,51770.7,51603.75,51615.45,22-10-2024 11:40
51621.5,51683.85,51539.8,51609.1,22-10-2024 11:45
51612.1,51629.65,51527.9,51527.9,22-10-2024 11:50
51530.4,51660.8,51513.65,51645.1,22-10-2024 11:55
51645.7,51709.7,51613.05,51621.15,22-10-2024 12:00
51623.1,51665.45,51611.45,51650.75,22-10-2024 12:05
51649.9,51683.95,51618.6,51629.95,22-10-2024 12:10
51627.3,51640.4,51579.3,51596.15,22-10-2024 12:15
51594.4,51770.45,51572.95,51752.55,22-10-2024 12:20
51751,51753.8,51555.65,51583.2,22-10-2024 12:25
51578.6,51611.8,51527.05,51599.05,22-10-2024 12:30
51591.55,51596.75,51527.15,51572.75,22-10-2024 12:35
51569.6,51592.6,51542.7,51592.6,22-10-2024 12:40
51592.15,51595.8,51493.35,51493.35,22-10-2024 12:45
51494.7,51530.7,51457.7,51501.35,22-10-2024 12:50
51504.3,51557.1,51487.1,51535.55,22-10-2024 12:55
51534.3,51537.95,51455.9,51495,22-10-2024 13:00
51496,51522.35,51444,51482.25,22-10-2024 13:05
51480.35,51505.5,51449.35,51504,22-10-2024 13:10
51505.1,51510.15,51422.95,51435.05,22-10-2024 13:15
51431.3,51477,51411.2,51467.2,22-10-2024 13:20
51472.25,51494,51441.95,51490.2,22-10-2024 13:25
51494.85,51562.55,51481.9,51523,22-10-2024 13:30
51520.6,51528.1,51463.1,51527.1,22-10-2024 13:35
51526.25,51538.75,51481.35,51500.05,22-10-2024 13:40
51499,51590.3,51465.55,51561.6,22-10-2024 13:45
51562.8,51601.55,51539.95,51556.3,22-10-2024 13:50
51558.55,51582.4,51534,51556.95,22-10-2024 13:55
51558.65,51592.45,51518.3,51518.3,22-10-2024 14:00
51518.35,51574.75,51502.6,51556.65,22-10-2024 14:05
51552.6,51681.2,51546,51672.05,22-10-2024 14:10
51676.25,51679.15,51517.75,51530.5,22-10-2024 14:15
51534.75,51607.05,51517.3,51553.2,22-10-2024 14:20
51553.9,51585.25,51485.45,51569.7,22-10-2024 14:25
51568.8,51585.15,51517.95,51526.6,22-10-2024 14:30
51526.45,51569.25,51478.2,51527.65,22-10-2024 14:35
51528,51595.9,51523.05,51559.35,22-10-2024 14:40
51557.15,51581.4,51522.15,51558.55,22-10-2024 14:45
51558.65,51575.75,51477.3,51477.3,22-10-2024 14:50
51480.7,51494.15,51400.5,51414.1,22-10-2024 14:55
51415.8,51415.8,51227.7,51259.15,22-10-2024 15:00
51260.8,51302.2,51197,51245.5,22-10-2024 15:05
51247.95,51252.8,51179.6,51239.75,22-10-2024 15:10
51237.9,51273.6,51189.85,51247.15,22-10-2024 15:15
51248.4,51298.3,51246,51293.4,22-10-2024 15:20
51292.1,51312.15,51253.6,51271.6,22-10-2024 15:25
51117.8,51439.8,51117.8,51410.3,23-10-2024 09:15
51412.1,51518.6,51283.1,51287.05,23-10-2024 09:20
51291.9,51455.7,51286.1,51428.7,23-10-2024 09:25
51425.85,51434.5,51314.7,51375.55,23-10-2024 09:30
51376.15,51400.95,51131.45,51139.55,23-10-2024 09:35
51135.15,51195.15,51107.9,51135.7,23-10-2024 09:40
51137.1,51393.9,51137.1,51387.5,23-10-2024 09:45
51389.85,51492.75,51361.9,51454.95,23-10-2024 09:50
51451.7,51551.55,51435.65,51451.75,23-10-2024 09:55
51451.05,51484.55,51389.25,51411.55,23-10-2024 10:00
51409.25,51422.55,51341.6,51399.1,23-10-2024 10:05
51393.1,51401.2,51272.7,51295.9,23-10-2024 10:10
51298,51370.35,51268.15,51330.7,23-10-2024 10:15
51331,51332,51215.15,51226.65,23-10-2024 10:20
51226.15,51268.25,51167.1,51251.55,23-10-2024 10:25
51247.5,51297.15,51221.05,51229.5,23-10-2024 10:30
51228.7,51322.9,51213.7,51309.85,23-10-2024 10:35
51310.55,51317.65,51172.6,51190.8,23-10-2024 10:40
51187.85,51251.3,51178,51240.5,23-10-2024 10:45
51245,51269,51220.1,51235.7,23-10-2024 10:50
51236.4,51287.5,51236.4,51281.75,23-10-2024 10:55
51282,51371.65,51264.2,51349.05,23-10-2024 11:00
51348.5,51369.15,51291.1,51296.7,23-10-2024 11:05
51296.45,51296.45,51211.85,51249.8,23-10-2024 11:10
51245.85,51287.1,51211.95,51276.05,23-10-2024 11:15
51279.6,51286.1,51230.4,51242.45,23-10-2024 11:20
51242.25,51284.8,51211.4,51274.6,23-10-2024 11:25
51275.4,51298.25,51243.15,51269.1,23-10-2024 11:30
51268.9,51280.65,51227.85,51237.35,23-10-2024 11:35
51237.4,51266.4,51206.45,51236.2,23-10-2024 11:40
51236,51281.5,51226.1,51234.5,23-10-2024 11:45
51236.45,51253.7,51218.75,51245.45,23-10-2024 11:50
51245.5,51259.3,51215.95,51255.35,23-10-2024 11:55
51255.55,51271.2,51224.8,51244.6,23-10-2024 12:00
51238.55,51246.35,51210.65,51220.6,23-10-2024 12:05
51218.9,51224.2,51167.4,51197.05,23-10-2024 12:10
51198.25,51213.05,51165.95,51201.15,23-10-2024 12:15
51204.6,51223.9,51188.75,51223,23-10-2024 12:20
51223.15,51224.6,51188.2,51213.65,23-10-2024 12:25
51214.55,51250.35,51202,51236.3,23-10-2024 12:30
51237.5,51247.55,51202.75,51241.2,23-10-2024 12:35
51240.55,51245,51212.6,51222.5,23-10-2024 12:40
51224.4,51261.1,51214.6,51238.05,23-10-2024 12:45
51237.5,51255.4,51217,51220,23-10-2024 12:50
51225.25,51233.45,51207,51207.9,23-10-2024 12:55
51214.5,51233.45,51188.05,51203.55,23-10-2024 13:00
51215.2,51244.9,51207.55,51238,23-10-2024 13:05
51240,51244.1,51203.35,51218.25,23-10-2024 13:10
51218.85,51234.45,51191.45,51228.25,23-10-2024 13:15
51226.15,51242.9,51205.5,51232.4,23-10-2024 13:20
51231.4,51236.7,51206.75,51228.9,23-10-2024 13:25
51225.8,51237.65,51205.6,51236.95,23-10-2024 13:30
51235.4,51291.05,51222.7,51232.7,23-10-2024 13:35
51230.8,51256.55,51216.95,51252.6,23-10-2024 13:40
51251.75,51255.75,51223.55,51235.2,23-10-2024 13:45
51235.9,51251,51215.6,51246.95,23-10-2024 13:50
51246.55,51257.85,51219.3,51233.5,23-10-2024 13:55
51234.2,51251.65,51211.55,51222.95,23-10-2024 14:00
51225.4,51253.2,51207.55,51210.55,23-10-2024 14:05
51212.35,51222,51195,51214.85,23-10-2024 14:10
51216.75,51224.15,51164.3,51221.75,23-10-2024 14:15
51218.8,51225.5,51179.2,51206.15,23-10-2024 14:20
51207.15,51269.35,51201.2,51230.75,23-10-2024 14:25
51231.05,51256.25,51216.65,51236.4,23-10-2024 14:30
51234.95,51261.55,51209.1,51249.2,23-10-2024 14:35
51249.5,51280.45,51223.9,51239.3,23-10-2024 14:40
51237.5,51286.6,51233.35,51286.6,23-10-2024 14:45
51290.4,51300.35,51239.35,51262.4,23-10-2024 14:50
51261.85,51290.2,51232.75,51290.2,23-10-2024 14:55
51282.8,51300.6,51237.7,51253.5,23-10-2024 15:00
51255.7,51292.5,51221.8,51236.25,23-10-2024 15:05
51239.1,51255.9,51210.8,51222.65,23-10-2024 15:10
51221.6,51226.5,51158.2,51209.3,23-10-2024 15:15
51209.65,51236.5,51195.95,51209.05,23-10-2024 15:20
51211.2,51259.55,51208.75,51241.8,23-10-2024 15:25
51272.3,51494.7,51272.3,51414.45,24-10-2024 09:15
51412.5,51489.75,51373,51424.6,24-10-2024 09:20
51422.25,51466.1,51360.2,51398.25,24-10-2024 09:25
51399.95,51406.75,51332.5,51363.55,24-10-2024 09:30
51368.2,51369.4,51249.6,51258.1,24-10-2024 09:35
51258.65,51280,51201.85,51258.85,24-10-2024 09:40
51257.55,51291.05,51232.85,51233.85,24-10-2024 09:45
51233.65,51338.2,51233.65,51327.4,24-10-2024 09:50
51328.05,51437.6,51317.8,51432.05,24-10-2024 09:55
51430.15,51561.35,51423.9,51526.6,24-10-2024 10:00
51527.7,51636.9,51500.35,51609.85,24-10-2024 10:05
51609.35,51679.1,51590.35,51647.55,24-10-2024 10:10
51647.3,51675.85,51614.5,51642.85,24-10-2024 10:15
51641.55,51642.25,51584.1,51622.95,24-10-2024 10:20
51623.05,51648.25,51605.55,51622.45,24-10-2024 10:25
51619.85,51770.1,51609.3,51768,24-10-2024 10:30
51764.75,51781.55,51685.15,51710.15,24-10-2024 10:35
51710.4,51732.65,51689.7,51707.6,24-10-2024 10:40
51705.95,51749.4,51667.4,51675.1,24-10-2024 10:45
51675.1,51724.35,51673.2,51721.35,24-10-2024 10:50
51715.1,51723.65,51660.8,51666.7,24-10-2024 10:55
51670.2,51676.8,51607.55,51669.05,24-10-2024 11:00
51665.95,51690.7,51622.25,51625.1,24-10-2024 11:05
51624.95,51624.95,51554.45,51568.15,24-10-2024 11:10
51567.6,51604.5,51559.95,51594.35,24-10-2024 11:15
51591.3,51649.8,51590.25,51618.6,24-10-2024 11:20
51616.75,51659.85,51615.7,51659.85,24-10-2024 11:25
51658.25,51675.35,51648.85,51658.75,24-10-2024 11:30
51657.3,51680.9,51644.9,51669.3,24-10-2024 11:35
51669.65,51710.85,51612.4,51621.3,24-10-2024 11:40
51619.8,51645.3,51607.45,51633.7,24-10-2024 11:45
51631.8,51648.8,51593.2,51612.2,24-10-2024 11:50
51612.25,51646.05,51605.6,51634.75,24-10-2024 11:55
51634.05,51669,51612.85,51660.15,24-10-2024 12:00
51659.35,51666.35,51620.65,51637.05,24-10-2024 12:05
51636.25,51647.1,51607.4,51608.35,24-10-2024 12:10
51609.6,51634.35,51598.6,51627.1,24-10-2024 12:15
51627.4,51648.35,51608.05,51617.15,24-10-2024 12:20
51613.8,51615.95,51572.5,51584.7,24-10-2024 12:25
51584,51612.2,51568.15,51610.7,24-10-2024 12:30
51610.85,51630.15,51591.95,51601.7,24-10-2024 12:35
51600.85,51631.65,51579.25,51603.2,24-10-2024 12:40
51601.05,51617.1,51581.85,51585.45,24-10-2024 12:45
51588,51594,51504.1,51529.2,24-10-2024 12:50
51525.95,51567.15,51525.95,51544.75,24-10-2024 12:55
51545.1,51568.2,51531.85,51562,24-10-2024 13:00
51559.7,51597.35,51547.5,51575.5,24-10-2024 13:05
51572.35,51580.85,51546.5,51555.6,24-10-2024 13:10
51556.25,51595.1,51554.3,51584.2,24-10-2024 13:15
51582.05,51592.75,51554.95,51565.65,24-10-2024 13:20
51563.65,51572.1,51532.6,51532.8,24-10-2024 13:25
51533.8,51543.25,51493.75,51542.95,24-10-2024 13:30
51540.3,51574.9,51508.25,51561.75,24-10-2024 13:35
51563.15,51571.4,51528.75,51550.6,24-10-2024 13:40
51549.15,51598.65,51545,51592.05,24-10-2024 13:45
51591.45,51603.45,51570.6,51588.15,24-10-2024 13:50
51587.2,51605.7,51559.4,51588.5,24-10-2024 13:55
51585.5,51623.1,51542.05,51555.5,24-10-2024 14:00
51554.75,51589.65,51554.75,51589.25,24-10-2024 14:05
51587.3,51595.45,51573.25,51583.95,24-10-2024 14:10
51583.15,51598.15,51558.3,51570.45,24-10-2024 14:15
51571.05,51598.9,51536.3,51538.05,24-10-2024 14:20
51539.5,51580.65,51537.95,51559.45,24-10-2024 14:25
51560.8,51598.25,51544.75,51545.85,24-10-2024 14:30
51545.9,51555.4,51533.4,51543.25,24-10-2024 14:35
51543.6,51548.8,51461.25,51486.4,24-10-2024 14:40
51487.05,51489.5,51421.1,51456.75,24-10-2024 14:45
51456.95,51464.95,51411.3,51459.8,24-10-2024 14:50
51463.65,51483.1,51447.5,51472.1,24-10-2024 14:55
51471.95,51522.15,51421.75,51499.95,24-10-2024 15:00
51498.8,51542.05,51492.95,51523.1,24-10-2024 15:05
51520.1,51547.6,51514.8,51539.85,24-10-2024 15:10
51539.05,51581.9,51535.15,51562.95,24-10-2024 15:15
51561.85,51571.25,51542.3,51561.5,24-10-2024 15:20
51561.5,51582.75,51522.85,51565.9,24-10-2024 15:25
51369.75,51501.05,51307.8,51426.05,25-10-2024 09:15
51427.6,51451.8,51298.4,51304.75,25-10-2024 09:20
51307.85,51475.65,51287.65,51463.65,25-10-2024 09:25
51469.05,51469.05,51177.55,51237.75,25-10-2024 09:30
51236.1,51273.9,51124.8,51124.8,25-10-2024 09:35
51125.65,51125.65,51030.7,51081.7,25-10-2024 09:40
51083.3,51148.45,50873.3,50902,25-10-2024 09:45
50903.55,50943.9,50779,50871.35,25-10-2024 09:50
50863,50929.85,50693.35,50702.2,25-10-2024 09:55
50701.85,50753.4,50652.5,50743.85,25-10-2024 10:00
50748.3,50812.3,50669.7,50711,25-10-2024 10:05
50713.9,50717.45,50587,50641.35,25-10-2024 10:10
50647.25,50709.1,50557.2,50656.7,25-10-2024 10:15
50656.75,50748.9,50647.75,50718.1,25-10-2024 10:20
50721.25,50748.8,50556.2,50561.5,25-10-2024 10:25
50564.05,50588.75,50511.35,50527.8,25-10-2024 10:30
50527,50594.1,50515.75,50561.35,25-10-2024 10:35
50561.05,50622.5,50545,50578.25,25-10-2024 10:40
50575.85,50580.8,50503.85,50530.85,25-10-2024 10:45
50530.6,50545.9,50440.6,50469.8,25-10-2024 10:50
50471.25,50574.45,50453.4,50532.85,25-10-2024 10:55
50527.35,50579.95,50486,50530.7,25-10-2024 11:00
50527.8,50559.1,50492.25,50541.75,25-10-2024 11:05
50542.95,50571.65,50450.9,50507.7,25-10-2024 11:10
50515.4,50696.8,50515.4,50687,25-10-2024 11:15
50689.8,50715.15,50646.7,50703.65,25-10-2024 11:20
50703,50705.4,50602.65,50602.65,25-10-2024 11:25
50602.9,50625.55,50528.05,50557.65,25-10-2024 11:30
50555.75,50580,50514.55,50559.95,25-10-2024 11:35
50560.1,50580.55,50510.65,50555.25,25-10-2024 11:40
50553.9,50594.4,50519.9,50578.15,25-10-2024 11:45
50576.75,50578.95,50534.5,50549.6,25-10-2024 11:50
50549.35,50637.45,50537.7,50583.65,25-10-2024 11:55
50584.6,50619,50540,50609.5,25-10-2024 12:00
50609.5,50633.1,50586.2,50609.4,25-10-2024 12:05
50609.35,50643,50586.5,50613.5,25-10-2024 12:10
50617.75,50620.25,50575.6,50607.9,25-10-2024 12:15
50609.75,50641.75,50554.45,50558.65,25-10-2024 12:20
50559.05,50600.8,50545.85,50596.55,25-10-2024 12:25
50598.95,50629.9,50569.25,50628.9,25-10-2024 12:30
50630.5,50630.5,50584.85,50592.4,25-10-2024 12:35
50593.4,50632.5,50568.1,50590,25-10-2024 12:40
50588.15,50611.6,50548.45,50557.75,25-10-2024 12:45
50557.2,50601.55,50542,50601.55,25-10-2024 12:50
50602.25,50669.4,50602.25,50665.8,25-10-2024 12:55
50661.1,50670.5,50631.65,50636.85,25-10-2024 13:00
50636.15,50687.9,50635.15,50656.85,25-10-2024 13:05
50652.8,50655.65,50617.45,50638.7,25-10-2024 13:10
50638.6,50662.4,50602.3,50605.75,25-10-2024 13:15
50607.35,50620.7,50572.6,50572.6,25-10-2024 13:20
50573.3,50608.7,50559.75,50603.3,25-10-2024 13:25
50601.6,50612.65,50568.75,50581,25-10-2024 13:30
50580.15,50610.25,50526.95,50562.1,25-10-2024 13:35
50562.1,50593.35,50545.4,50577.45,25-10-2024 13:40
50577.85,50594.05,50556.4,50558.5,25-10-2024 13:45
50561,50615.8,50558.55,50585.15,25-10-2024 13:50
50592.25,50593.95,50557.45,50565.65,25-10-2024 13:55
50567.3,50578.6,50533,50561.85,25-10-2024 14:00
50562.65,50578.05,50546.15,50551.65,25-10-2024 14:05
50552.95,50558.8,50450.3,50473.95,25-10-2024 14:10
50481.05,50501.9,50435.4,50460.3,25-10-2024 14:15
50456.6,50477.55,50405.55,50427.9,25-10-2024 14:20
50423.8,50440.7,50382.1,50432.35,25-10-2024 14:25
50437.2,50443.7,50395.65,50442.95,25-10-2024 14:30
50443.5,50467.7,50397.55,50415.05,25-10-2024 14:35
50417.3,50490.3,50393.75,50478.65,25-10-2024 14:40
50484.9,50592.45,50463.4,50573,25-10-2024 14:45
50576,50660.95,50561.2,50659.25,25-10-2024 14:50
50654.75,50731.65,50623.7,50727.15,25-10-2024 14:55
50724.95,50828.9,50716.4,50720.15,25-10-2024 15:00
50722.05,50751.15,50676.15,50716.75,25-10-2024 15:05
50715.45,50815.4,50690.95,50795.65,25-10-2024 15:10
50800.85,50888.65,50798.1,50859.8,25-10-2024 15:15
50859.95,50888.95,50846.2,50867,25-10-2024 15:20
50863.55,50882.2,50827.1,50854.7,25-10-2024 15:25
51061.35,51220.75,51012.55,51211.15,28-10-2024 09:15
51218.6,51341.15,51153.25,51332.8,28-10-2024 09:20
51325.65,51371.75,51226.9,51258.35,28-10-2024 09:25
51264.35,51301.6,51179.1,51219.85,28-10-2024 09:30
51219.1,51265.5,51148.05,51179.8,28-10-2024 09:35
51174.85,51198.25,51090.5,51132.85,28-10-2024 09:40
51130.35,51384.8,51075.4,51238.65,28-10-2024 09:45
51217.65,51389.65,51217.65,51371.2,28-10-2024 09:50
51374.4,51434.3,51353.35,51424,28-10-2024 09:55
51424.4,51449.1,51310.65,51356.55,28-10-2024 10:00
51353.55,51428.95,51345.5,51392.7,28-10-2024 10:05
51382.8,51454.6,51363.95,51423.65,28-10-2024 10:10
51421.2,51544.75,51396.9,51531.6,28-10-2024 10:15
51533,51563.1,51496.05,51545.85,28-10-2024 10:20
51551.85,51566.1,51430.3,51454.1,28-10-2024 10:25
51452.5,51505.15,51401.6,51426.5,28-10-2024 10:30
51425.7,51488.85,51417.75,51478.7,28-10-2024 10:35
51481.25,51522.6,51468,51476.65,28-10-2024 10:40
51477.1,51533,51477.1,51513.6,28-10-2024 10:45
51508.6,51548,51470.55,51475.4,28-10-2024 10:50
51474.5,51510.15,51424.05,51456.95,28-10-2024 10:55
51459.5,51467.85,51290.15,51336.3,28-10-2024 11:00
51334.1,51358.05,51272.75,51320.6,28-10-2024 11:05
51322.45,51386.8,51254.9,51375.55,28-10-2024 11:10
51376.25,51400.35,51318.2,51354.2,28-10-2024 11:15
51352.8,51362.55,51309.5,51333.45,28-10-2024 11:20
51332.7,51357.7,51310.35,51350.15,28-10-2024 11:25
51347.9,51366.9,51305.85,51336.3,28-10-2024 11:30
51334.55,51356.4,51308.2,51334.6,28-10-2024 11:35
51341.6,51429.7,51332.3,51429.7,28-10-2024 11:40
51429.5,51462.35,51413.6,51453.05,28-10-2024 11:45
51456.85,51472.5,51411,51424.15,28-10-2024 11:50
51422.4,51429.2,51370.1,51420.5,28-10-2024 11:55
51415.75,51419.7,51366.3,51411.8,28-10-2024 12:00
51413.95,51468.4,51408.85,51451.05,28-10-2024 12:05
51451.95,51586.9,51433.45,51569.15,28-10-2024 12:10
51568.55,51589.15,51513.05,51552.2,28-10-2024 12:15
51554.55,51563.7,51486.85,51492.35,28-10-2024 12:20
51497.65,51534,51477.4,51522.95,28-10-2024 12:25
51515.2,51563.15,51481.25,51544.65,28-10-2024 12:30
51545.2,51550.1,51493.75,51510.7,28-10-2024 12:35
51511.8,51539.1,51418.5,51425.95,28-10-2024 12:40
51420.35,51443.2,51361,51390.65,28-10-2024 12:45
51395.55,51429.95,51350,51413.2,28-10-2024 12:50
51417.3,51417.3,51367.25,51401.7,28-10-2024 12:55
51405.75,51414.15,51373.85,51414.05,28-10-2024 13:00
51410.9,51460.25,51405.7,51451.3,28-10-2024 13:05
51450.6,51486,51417.2,51433.95,28-10-2024 13:10
51443.4,51472.8,51417.45,51442.7,28-10-2024 13:15
51446.05,51495.2,51430.8,51492.75,28-10-2024 13:20
51489.35,51497,51454.7,51465.95,28-10-2024 13:25
51470.75,51471.15,51413,51463.85,28-10-2024 13:30
51469.95,51472.7,51383.45,51408,28-10-2024 13:35
51412.8,51429.7,51382.4,51424.85,28-10-2024 13:40
51424.65,51469.2,51409.65,51456.3,28-10-2024 13:45
51453.5,51478.15,51425.45,51435.6,28-10-2024 13:50
51433.65,51484.05,51429.75,51477.1,28-10-2024 13:55
51476.45,51495.2,51296.9,51346.2,28-10-2024 14:00
51345.85,51380.85,51309.85,51355.8,28-10-2024 14:05
51365.9,51373.1,51301.35,51328.25,28-10-2024 14:10
51328.4,51349.45,51280.7,51293.7,28-10-2024 14:15
51291,51325.95,51268.35,51325.95,28-10-2024 14:20
51324.9,51346.05,51283.9,51304.3,28-10-2024 14:25
51306.65,51335.1,51291.3,51302.55,28-10-2024 14:30
51300.7,51342.55,51295.1,51342.55,28-10-2024 14:35
51341.85,51361.45,51299.2,51299.2,28-10-2024 14:40
51304.95,51316.65,51282.4,51289.55,28-10-2024 14:45
51292.3,51331.6,51281.4,51285.95,28-10-2024 14:50
51284.75,51319.45,51251.2,51289.2,28-10-2024 14:55
51285.95,51291.45,51166,51174.35,28-10-2024 15:00
51172.5,51235.75,51157.45,51208.95,28-10-2024 15:05
51209.5,51299.05,51202.95,51296.1,28-10-2024 15:10
51293.65,51338.45,51254.45,51290.7,28-10-2024 15:15
51291.45,51333.35,51282.25,51312.45,28-10-2024 15:20
51318.1,51359.55,51306.2,51328.15,28-10-2024 15:25
51404.1,51522.25,51327.8,51395.75,29-10-2024 09:15
51386.75,51386.75,51293.9,51347.8,29-10-2024 09:20
51351.85,51458.5,51315,51389.85,29-10-2024 09:25
51387.9,51516.6,51336.5,51368.5,29-10-2024 09:30
51361.95,51383.45,51284.55,51313.8,29-10-2024 09:35
51310.2,51360.25,51278.9,51332.5,29-10-2024 09:40
51333.15,51426.3,51332.8,51367.95,29-10-2024 09:45
51369.6,51480.8,51364.75,51401.9,29-10-2024 09:50
51413.6,51451.65,51407.7,51445.65,29-10-2024 09:55
51444.95,51479.75,51404.15,51468.55,29-10-2024 10:00
51466.65,51481.75,51345.6,51378.65,29-10-2024 10:05
51376.3,51540.4,51363.65,51521.85,29-10-2024 10:10
51522.9,51557.35,51482.05,51520.75,29-10-2024 10:15
51521.8,51541.7,51447.8,51484.45,29-10-2024 10:20
51482.55,51555.9,51452.9,51452.9,29-10-2024 10:25
51451.95,51462.25,51373.85,51374.75,29-10-2024 10:30
51374.3,51440.9,51336.2,51401.05,29-10-2024 10:35
51404.6,51444.25,51385.7,51393.95,29-10-2024 10:40
51393.65,51411.65,51331.75,51391.95,29-10-2024 10:45
51393.4,51446.75,51385.55,51429.2,29-10-2024 10:50
51437.3,51535.05,51374.25,51517.75,29-10-2024 10:55
51517.4,51517.4,51408.85,51456.35,29-10-2024 11:00
51457.2,51508.55,51434.05,51466.95,29-10-2024 11:05
51462.95,51487.75,51394.45,51455.55,29-10-2024 11:10
51456.85,51480.1,51376.5,51378.1,29-10-2024 11:15
51382.45,51480.9,51375.85,51473.9,29-10-2024 11:20
51472.7,51520.25,51458.85,51461.65,29-10-2024 11:25
51459.8,51516.65,51451,51459.95,29-10-2024 11:30
51465.6,51640.3,51452.2,51610.5,29-10-2024 11:35
51608.45,51731.85,51600.1,51690.8,29-10-2024 11:40
51690.55,51764.45,51628.3,51649.55,29-10-2024 11:45
51657.55,51695.25,51626.95,51687.5,29-10-2024 11:50
51694.2,51706.4,51606.4,51611.3,29-10-2024 11:55
51610.3,51762,51608.75,51731.55,29-10-2024 12:00
51733.45,51734.6,51672.75,51718.9,29-10-2024 12:05
51725.65,51765,51676.7,51759.5,29-10-2024 12:10
51761.3,51784.65,51732.95,51779.25,29-10-2024 12:15
51778.55,51824.2,51704,51709.35,29-10-2024 12:20
51709.35,51777.45,51709.35,51726.4,29-10-2024 12:25
51726.95,51771.85,51713.3,51731.8,29-10-2024 12:30
51736.1,51764.5,51701.9,51732.3,29-10-2024 12:35
51732.6,51768.75,51723,51752.2,29-10-2024 12:40
51754,51760.8,51715,51749.35,29-10-2024 12:45
51750.8,51842.55,51742.9,51812.75,29-10-2024 12:50
51814.65,51875.05,51762.2,51836.25,29-10-2024 12:55
51837.05,51914.45,51830.5,51914.45,29-10-2024 13:00
51915.15,51923.65,51876.75,51903.9,29-10-2024 13:05
51909.4,51919.2,51855.15,51894.15,29-10-2024 13:10
51903.25,51917.05,51851.7,51881.15,29-10-2024 13:15
51864.9,51901.85,51785.95,51857.55,29-10-2024 13:20
51854.25,51956.1,51837.9,51947.5,29-10-2024 13:25
51938.5,51963.85,51887.4,51887.55,29-10-2024 13:30
51887,51905.4,51796.15,51815.85,29-10-2024 13:35
51813.35,51898.05,51800.05,51885.55,29-10-2024 13:40
51885.4,51921.45,51845,51881.7,29-10-2024 13:45
51879.4,51898.9,51851.45,51866.85,29-10-2024 13:50
51867.2,51969.5,51859.75,51954.5,29-10-2024 13:55
51954.55,52183.95,51954.55,52142.15,29-10-2024 14:00
52141.75,52271.15,52141.75,52249.75,29-10-2024 14:05
52247.6,52257.15,52201.85,52252.9,29-10-2024 14:10
52253.05,52299.95,52213.05,52280.1,29-10-2024 14:15
52281.95,52317.65,52262.2,52266.25,29-10-2024 14:20
52269.3,52281.3,52238.1,52259.85,29-10-2024 14:25
52256.45,52264.5,52188.4,52217.05,29-10-2024 14:30
52216.85,52293.7,52215.35,52285.05,29-10-2024 14:35
52280.15,52287.65,52230,52258.9,29-10-2024 14:40
52254.5,52292.65,52236.15,52292.2,29-10-2024 14:45
52292.65,52296.3,52262.5,52286.4,29-10-2024 14:50
52288.6,52325.05,52272.1,52303.1,29-10-2024 14:55
52298.5,52301.6,52252.65,52290.25,29-10-2024 15:00
52290.95,52354.85,52281.9,52320.85,29-10-2024 15:05
52323.8,52346.45,52306.4,52345.4,29-10-2024 15:10
52343.05,52349.45,52309.95,52322.9,29-10-2024 15:15
52323.9,52340.9,52308.2,52325.7,29-10-2024 15:20
52327.25,52332.5,52263.2,52284.85,29-10-2024 15:25
51988.7,52220,51946.65,52155.3,30-10-2024 09:15
52147.55,52201.6,52104.45,52135.7,30-10-2024 09:20
52133,52148.6,52042.3,52059.5,30-10-2024 09:25
52056,52057.25,51880.15,51898.1,30-10-2024 09:30
51897.5,51949.55,51845.45,51911,30-10-2024 09:35
51908.6,51913.3,51838.5,51838.5,30-10-2024 09:40
51849.3,51923.8,51814.3,51858.4,30-10-2024 09:45
51859.7,51974.9,51854.25,51955.5,30-10-2024 09:50
51963,51991.35,51934.85,51959.35,30-10-2024 09:55
51960.85,51964.85,51873.55,51904.45,30-10-2024 10:00
51904.85,51936.7,51869.6,51881.1,30-10-2024 10:05
51882.5,51930.45,51873.45,51930.3,30-10-2024 10:10
51928.55,51932.15,51881.75,51881.75,30-10-2024 10:15
51882.4,51913.65,51774.9,51806.05,30-10-2024 10:20
51801.45,51823.3,51733,51822.15,30-10-2024 10:25
51815.75,51902.45,51802.45,51891.3,30-10-2024 10:30
51889.45,51943.75,51880.1,51894.05,30-10-2024 10:35
51893.3,51947.4,51883.3,51936.35,30-10-2024 10:40
51934.7,51967.3,51928.65,51947.6,30-10-2024 10:45
51946.85,52057.75,51938.8,52057.75,30-10-2024 10:50
52054.85,52100.75,52033.5,52081.5,30-10-2024 10:55
52081.85,52087.7,51981.7,51991.45,30-10-2024 11:00
51990.05,52017.6,51954.4,51957.15,30-10-2024 11:05
51958.65,51987.3,51932.85,51933.85,30-10-2024 11:10
51934.7,51946.8,51896.6,51940.9,30-10-2024 11:15
51939.95,52032.45,51926.45,52030.55,30-10-2024 11:20
52028.15,52049.8,52001.25,52028.25,30-10-2024 11:25
52029.45,52045.85,51967.5,52003.1,30-10-2024 11:30
52003,52010.8,51941.05,51952.75,30-10-2024 11:35
51950.05,51976.35,51929.7,51968.7,30-10-2024 11:40
51968.7,51979.6,51940.8,51960.45,30-10-2024 11:45
51958.9,51975.4,51933.6,51958.4,30-10-2024 11:50
51957.7,52006.55,51953.6,51997.55,30-10-2024 11:55
51997.45,52005.85,51950.45,51957.15,30-10-2024 12:00
51955.75,51966.3,51940.1,51943.2,30-10-2024 12:05
51942.8,51962.6,51923.9,51960.6,30-10-2024 12:10
51959.05,51976.45,51944.35,51972.7,30-10-2024 12:15
51971.95,52047.3,51971.1,51988.2,30-10-2024 12:20
51985.6,52001.45,51948.5,51958.8,30-10-2024 12:25
51963.4,51982.4,51944.5,51945.85,30-10-2024 12:30
51946.15,51981.85,51944.1,51979.7,30-10-2024 12:35
51980.15,52042.15,51977.8,52009.85,30-10-2024 12:40
52009.25,52034.5,51978.75,51980.7,30-10-2024 12:45
51979.4,52005.85,51971.95,51983.25,30-10-2024 12:50
51982.95,52007.7,51969.15,51994,30-10-2024 12:55
51993.2,52023.4,51991.15,52016.6,30-10-2024 13:00
52017.7,52191.85,52005.45,52019.2,30-10-2024 13:05
52019.5,52028.35,51941.45,51969.55,30-10-2024 13:10
51967,51978,51853,51910.55,30-10-2024 13:15
51901.75,51905,51840.4,51850.25,30-10-2024 13:20
51850.35,51869.45,51821.3,51851.8,30-10-2024 13:25
51853.6,51907.85,51851.05,51896.3,30-10-2024 13:30
51889.8,51892.95,51822.25,51840.05,30-10-2024 13:35
51841.4,51860.85,51805.55,51837.4,30-10-2024 13:40
51838.35,51869.25,51831.15,51850.45,30-10-2024 13:45
51847.25,51874.15,51842.15,51864.05,30-10-2024 13:50
51868.85,51874.75,51840.05,51874.75,30-10-2024 13:55
51868.65,51873.8,51830.7,51857.35,30-10-2024 14:00
51859.6,51886.65,51836.6,51839.95,30-10-2024 14:05
51839.7,51849.55,51805.5,51807.85,30-10-2024 14:10
51810.35,51827.35,51788.05,51817.1,30-10-2024 14:15
51808.85,51825.35,51792.15,51797.1,30-10-2024 14:20
51793.05,51817.45,51769.8,51812.3,30-10-2024 14:25
51820.8,51839,51802.75,51828.8,30-10-2024 14:30
51829.65,51833.35,51785.05,51799.05,30-10-2024 14:35
51803.45,51822.85,51780.2,51811,30-10-2024 14:40
51810.2,51824.95,51758.15,51797.8,30-10-2024 14:45
51792.05,51811.2,51762.7,51782.4,30-10-2024 14:50
51781.95,51801.75,51765.45,51771.6,30-10-2024 14:55
51772.6,51810.2,51742.7,51801.7,30-10-2024 15:00
51801.3,51835.3,51774.15,51780.9,30-10-2024 15:05
51782.65,51833.7,51776.8,51782.65,30-10-2024 15:10
51778.65,51834,51757.25,51834,30-10-2024 15:15
51826.65,51876.05,51820.4,51868.15,30-10-2024 15:20
51867.75,51899.4,51808.8,51849.2,30-10-2024 15:25
51649.45,51876.45,51649.45,51831,31-10-2024 09:15
51831.6,51853.5,51771.1,51777.2,31-10-2024 09:20
51771.4,51815.4,51752.75,51760.6,31-10-2024 09:25
51760.9,51790.5,51727.1,51765.75,31-10-2024 09:30
51762.6,51795.5,51687,51699.8,31-10-2024 09:35
51703.65,51783.35,51694.95,51780.65,31-10-2024 09:40
51782.95,51947.45,51775.95,51924.05,31-10-2024 09:45
51925.5,51948.05,51881,51912.3,31-10-2024 09:50
51908.75,52002.9,51889.7,51995,31-10-2024 09:55
51997.4,52005.6,51925.2,51937.2,31-10-2024 10:00
51937.5,51942.25,51892.95,51897.3,31-10-2024 10:05
51897.75,51912.55,51858.75,51861.45,31-10-2024 10:10
51859,51870.7,51811.4,51814.7,31-10-2024 10:15
51815.5,51839.15,51790.65,51835.45,31-10-2024 10:20
51834.85,51865.75,51814.05,51827.85,31-10-2024 10:25
51828.7,51833.4,51783.6,51802.95,31-10-2024 10:30
51803.2,51846.05,51793.55,51835.15,31-10-2024 10:35
51834.65,51848,51799.3,51799.3,31-10-2024 10:40
51795.45,51805.25,51753.55,51760.2,31-10-2024 10:45
51759.9,51785.35,51756.3,51767.85,31-10-2024 10:50
51771.9,51785.2,51741.7,51747.5,31-10-2024 10:55
51752.25,51799.55,51736.15,51789.75,31-10-2024 11:00
51790.85,51799.95,51770.7,51773.7,31-10-2024 11:05
51775.1,51788.65,51752.7,51755.5,31-10-2024 11:10
51755.2,51756.45,51717.75,51724.05,31-10-2024 11:15
51724.75,51754.1,51703.05,51720.7,31-10-2024 11:20
51719.9,51759.1,51713.8,51753.3,31-10-2024 11:25
51754.3,51758.1,51713.8,51725.95,31-10-2024 11:30
51727.2,51739.45,51707.15,51712.5,31-10-2024 11:35
51710.75,51737.35,51692.5,51729.25,31-10-2024 11:40
51725.4,51730.35,51696.8,51702.45,31-10-2024 11:45
51702.85,51708.7,51675.1,51677.3,31-10-2024 11:50
51678.6,51691.75,51650.3,51652.25,31-10-2024 11:55
51652.2,51660.1,51629.95,51638.65,31-10-2024 12:00
51642,51683.1,51629.8,51681.6,31-10-2024 12:05
51681.45,51688.9,51638.05,51640.95,31-10-2024 12:10
51640.75,51644.7,51602.55,51607.8,31-10-2024 12:15
51607.35,51609.95,51524.25,51535.5,31-10-2024 12:20
51534.9,51539.45,51450.7,51461.55,31-10-2024 12:25
51458.95,51503.2,51442.05,51468.95,31-10-2024 12:30
51468.35,51475.55,51443.2,51460.95,31-10-2024 12:35
51462.6,51465.6,51380.15,51383.3,31-10-2024 12:40
51383.95,51394.4,51347.95,51357.95,31-10-2024 12:45
51359.35,51394.3,51341.1,51375.95,31-10-2024 12:50
51377.25,51436.15,51359,51432.1,31-10-2024 12:55
51434.25,51434.25,51402.4,51419.35,31-10-2024 13:00
51420.9,51442.35,51408.45,51437.15,31-10-2024 13:05
51442,51474.35,51435,51450.15,31-10-2024 13:10
51450.05,51455.65,51425.25,51435.6,31-10-2024 13:15
51437.8,51439.65,51404.35,51407.45,31-10-2024 13:20
51407.8,51414.95,51385.25,51394.4,31-10-2024 13:25
51397.4,51409.15,51375.15,51383.15,31-10-2024 13:30
51382.85,51444.35,51382.85,51442.55,31-10-2024 13:35
51444.8,51489.2,51426.15,51487,31-10-2024 13:40
51485.75,51535.8,51480.2,51480.9,31-10-2024 13:45
51481.3,51485.45,51448.45,51450.2,31-10-2024 13:50
51450.3,51451.35,51393.1,51396.05,31-10-2024 13:55
51399.2,51426.95,51376.55,51410.25,31-10-2024 14:00
51410.75,51416.25,51361.5,51361.5,31-10-2024 14:05
51359.7,51380.25,51339.55,51340.7,31-10-2024 14:10
51341.75,51373.7,51326.95,51355.95,31-10-2024 14:15
51353.75,51389.95,51350.4,51362,31-10-2024 14:20
51364.35,51384.65,51331,51331.3,31-10-2024 14:25
51331.8,51378.85,51318.1,51340.9,31-10-2024 14:30
51335.7,51356.9,51325.05,51335.85,31-10-2024 14:35
51335,51412.7,51333.4,51407.45,31-10-2024 14:40
51410.75,51464.45,51393.65,51394.05,31-10-2024 14:45
51387.4,51429.35,51377.55,51402.1,31-10-2024 14:50
51400.55,51403.35,51375.15,51379.35,31-10-2024 14:55
51380.85,51430.3,51374.45,51408.05,31-10-2024 15:00
51407,51461.2,51396.85,51457.25,31-10-2024 15:05
51454.5,51480.45,51435.25,51452.3,31-10-2024 15:10
51452.8,51528.1,51450.55,51510.85,31-10-2024 15:15
51510.4,51548.9,51495.9,51542.3,31-10-2024 15:20
51540.8,51579.1,51532.25,51555.6,31-10-2024 15:25
51550.15,51772.05,51459.4,51746.4,01-11-2024 18:00
51746.9,51794.2,51714.05,51784.1,01-11-2024 18:05
51787.6,51825.5,51766.6,51771.45,01-11-2024 18:10
51770.3,51795.65,51676.65,51702.05,01-11-2024 18:15
51705.3,51729.1,51663.7,51690.25,01-11-2024 18:20
51690.9,51732.85,51670.15,51704.5,01-11-2024 18:25
51698.65,51730.15,51698.65,51723.15,01-11-2024 18:30
51720.95,51727.65,51678.6,51697.95,01-11-2024 18:35
51695.6,51698.4,51652.8,51668.35,01-11-2024 18:40
51662.4,51680.45,51639.15,51665.85,01-11-2024 18:45
51657.9,51687,51631.3,51659.15,01-11-2024 18:50
51658.85,51680.45,51641.95,51675.2,01-11-2024 18:55
51764.5,51764.5,51418.8,51456,04-11-2024 09:15
51454.35,51460.05,51349.45,51358.2,04-11-2024 09:20
51349.7,51408.7,51316.45,51325.4,04-11-2024 09:25
51320.65,51415.35,51296.55,51311.55,04-11-2024 09:30
51310.45,51363.2,51295.15,51306.65,04-11-2024 09:35
51307.05,51368.85,51303.1,51328.55,04-11-2024 09:40
51326.85,51326.85,51285.7,51318.2,04-11-2024 09:45
51317.15,51360.2,51294.05,51314.75,04-11-2024 09:50
51314.2,51392.25,51304.25,51386.45,04-11-2024 09:55
51382.1,51413.25,51340.95,51348.7,04-11-2024 10:00
51348.55,51348.55,51299.8,51307.8,04-11-2024 10:05
51307.05,51317.35,51272.65,51301.55,04-11-2024 10:10
51301.35,51333.25,51278.05,51312.05,04-11-2024 10:15
51310.55,51342.4,51296.65,51324.5,04-11-2024 10:20
51325.3,51335.1,51295.9,51310.65,04-11-2024 10:25
51306.55,51355.35,51298.65,51314.6,04-11-2024 10:30
51317.5,51324.5,51281.55,51284.1,04-11-2024 10:35
51284.55,51308,51276.6,51299.55,04-11-2024 10:40
51301.1,51323.5,51263.1,51285,04-11-2024 10:45
51284.45,51290.7,51252.5,51264.3,04-11-2024 10:50
51263.4,51272.65,51233.6,51249.7,04-11-2024 10:55
51248.6,51256.25,51225.65,51249.1,04-11-2024 11:00
51242.95,51269.25,51190.95,51205.45,04-11-2024 11:05
51201.05,51208.3,51094.25,51121.4,04-11-2024 11:10
51121.55,51139.05,51076.4,51104,04-11-2024 11:15
51104.8,51153.9,51101.4,51116.35,04-11-2024 11:20
51117.4,51162.9,51114.25,51123.75,04-11-2024 11:25
51125.65,51130.15,51092.35,51096.4,04-11-2024 11:30
51097.5,51114.75,51087.75,51092.5,04-11-2024 11:35
51092.85,51110.4,51066.8,51099.45,04-11-2024 11:40
51098.65,51109.1,51076.55,51087.5,04-11-2024 11:45
51087.6,51107.7,51082,51107.7,04-11-2024 11:50
51103,51118.65,51088,51100.85,04-11-2024 11:55
51100.8,51165.45,51097.25,51156.5,04-11-2024 12:00
51159.25,51174.65,51116.8,51116.8,04-11-2024 12:05
51117.2,51132.55,51095.2,51102.65,04-11-2024 12:10
51096.4,51113.85,51069.9,51083.9,04-11-2024 12:15
51084.3,51106.1,51073,51078.1,04-11-2024 12:20
51076.5,51103.7,51071.7,51094.35,04-11-2024 12:25
51092.75,51117.15,51082.05,51112.85,04-11-2024 12:30
51112,51130.7,51097.6,51105.6,04-11-2024 12:35
51103.9,51138.35,51095.45,51120.85,04-11-2024 12:40
51121.3,51134.85,51095.8,51106.5,04-11-2024 12:45
51111.7,51115.3,51088.5,51091.1,04-11-2024 12:50
51090.4,51100.95,51077.8,51090.7,04-11-2024 12:55
51090.45,51116.5,51089.95,51107.95,04-11-2024 13:00
51106.9,51136.45,51090.85,51131.05,04-11-2024 13:05
51128.1,51165,51110.15,51143.4,04-11-2024 13:10
51143.05,51166.8,51108.6,51124.8,04-11-2024 13:15
51126.45,51134.5,51111.05,51118.5,04-11-2024 13:20
51117.2,51139.3,51111.8,51128.95,04-11-2024 13:25
51132.1,51157.55,51120.45,51144.15,04-11-2024 13:30
51149.3,51173.35,51131.65,51170.95,04-11-2024 13:35
51172.2,51204.3,51158,51175.85,04-11-2024 13:40
51176.05,51189.3,51158.35,51180.35,04-11-2024 13:45
51179.55,51195.05,51157.5,51170.5,04-11-2024 13:50
51170,51184.55,51134.45,51177.6,04-11-2024 13:55
51178.45,51224.75,51173,51210.5,04-11-2024 14:00
51207,51221.8,51173.1,51204.8,04-11-2024 14:05
51205,51223.7,51200.2,51210.85,04-11-2024 14:10
51207.65,51230.05,51166,51170.9,04-11-2024 14:15
51172.45,51214.7,51167.75,51180.8,04-11-2024 14:20
51180.9,51196.35,51141.8,51175.45,04-11-2024 14:25
51176,51199.6,51169,51178.8,04-11-2024 14:30
51172.5,51202.95,51165.1,51195.95,04-11-2024 14:35
51193.4,51203.45,51163.35,51172.6,04-11-2024 14:40
51170.5,51210.9,51155.6,51204.35,04-11-2024 14:45
51201.3,51222.9,51191.55,51211.15,04-11-2024 14:50
51208.75,51212.6,51165.6,51191.1,04-11-2024 14:55
51192.8,51236.6,51162.65,51200.95,04-11-2024 15:00
51201.05,51235.2,51175.85,51235.2,04-11-2024 15:05
51233.45,51233.45,51206.4,51218.95,04-11-2024 15:10
51218.15,51254.9,51181.15,51233.65,04-11-2024 15:15
51230.75,51253.25,51222.7,51250.85,04-11-2024 15:20
51250.4,51260.8,51205.1,51227.2,04-11-2024 15:25
51052.6,51279.75,51050,51263.85,05-11-2024 09:15
51268.3,51268.3,51124.1,51229.9,05-11-2024 09:20
51229.05,51267.4,51173.9,51185,05-11-2024 09:25
51185.8,51279.9,51155,51197.35,05-11-2024 09:30
51191.2,51195.65,51078.45,51107.4,05-11-2024 09:35
51106.4,51134.2,51065.4,51134.2,05-11-2024 09:40
51134.8,51145.3,51102.5,51122.95,05-11-2024 09:45
51127.05,51170.95,51080.2,51124.2,05-11-2024 09:50
51123.8,51188.4,51123.65,51147.8,05-11-2024 09:55
51145.1,51250.3,51112,51209.55,05-11-2024 10:00
51212.3,51248.5,51179.85,51248.5,05-11-2024 10:05
51250.65,51261.7,51204.45,51207.95,05-11-2024 10:10
51206.95,51226.7,51165.25,51203.15,05-11-2024 10:15
51203.85,51241,51200.45,51236.85,05-11-2024 10:20
51237.4,51443.7,51227.05,51410.7,05-11-2024 10:25
51406.9,51414,51215.25,51254.5,05-11-2024 10:30
51251.55,51253.7,51026.9,51113.5,05-11-2024 10:35
51114.4,51152.65,51082.75,51102.15,05-11-2024 10:40
51100.8,51186.35,51078.6,51180.25,05-11-2024 10:45
51179.25,51237.15,51141.55,51166.75,05-11-2024 10:50
51165.85,51167.65,51072.05,51118.1,05-11-2024 10:55
51115.15,51146.75,51080.85,51117.85,05-11-2024 11:00
51119.35,51185.6,51113.7,51181.45,05-11-2024 11:05
51182.95,51252.25,51172.1,51240.6,05-11-2024 11:10
51238.4,51278.85,51171.35,51184.15,05-11-2024 11:15
51182.4,51231.7,51126.55,51150.05,05-11-2024 11:20
51158.2,51174.2,51101.8,51109.7,05-11-2024 11:25
51114.4,51196.45,51082.1,51170.2,05-11-2024 11:30
51172.6,51193.45,51048.5,51050,05-11-2024 11:35
51050.35,51073.25,50865.45,50940.95,05-11-2024 11:40
50940.85,50984.3,50897.05,50963.65,05-11-2024 11:45
50964.15,51010.1,50938.8,51000.95,05-11-2024 11:50
50997.4,51085.7,50954.45,51031.65,05-11-2024 11:55
51029.95,51087.05,50941.2,51085.75,05-11-2024 12:00
51079.4,51148.25,51047.05,51129.4,05-11-2024 12:05
51129.6,51135.65,50961.9,51029.1,05-11-2024 12:10
51030.55,51108.9,50996.5,51091.4,05-11-2024 12:15
51091.15,51098.1,50941.9,50964.05,05-11-2024 12:20
50957.5,51008.85,50922.75,50994.65,05-11-2024 12:25
50989.45,51024.7,50978.4,51007.1,05-11-2024 12:30
51007.7,51087.25,50976.25,51055.1,05-11-2024 12:35
51054.5,51095.1,51035.15,51072.55,05-11-2024 12:40
51073.65,51159.95,51061.3,51125.6,05-11-2024 12:45
51125.6,51230.85,51090.2,51127.4,05-11-2024 12:50
51125.7,51132.05,51078.15,51100.65,05-11-2024 12:55
51095.75,51167.85,51074.95,51157.95,05-11-2024 13:00
51155.15,51155.15,51005.65,51016.25,05-11-2024 13:05
51010.55,51148.75,51004.55,51113.55,05-11-2024 13:10
51112.9,51177.7,51101.05,51126.95,05-11-2024 13:15
51127.05,51377.95,51100.2,51357.2,05-11-2024 13:20
51360.65,51713.1,51300.7,51673.55,05-11-2024 13:25
51682.9,51886.6,51682.9,51778.4,05-11-2024 13:30
51779.5,51806.8,51703.7,51705.15,05-11-2024 13:35
51701.8,51783.1,51695.9,51768.95,05-11-2024 13:40
51768.25,51868.05,51754.45,51813.5,05-11-2024 13:45
51814.6,51892.65,51788.05,51853.3,05-11-2024 13:50
51853.15,51984.45,51842.4,51957.4,05-11-2024 13:55
51957.4,52093.4,51947.15,52093.4,05-11-2024 14:00
52086.25,52127.55,52047.4,52104.9,05-11-2024 14:05
52098.3,52130.35,52080,52110.1,05-11-2024 14:10
52112.5,52167.25,52059.65,52155.65,05-11-2024 14:15
52155.45,52159.2,52086.35,52131.15,05-11-2024 14:20
52128.3,52173.3,52116.9,52141.9,05-11-2024 14:25
52140.6,52185.3,52120.6,52150.7,05-11-2024 14:30
52149.65,52165.3,52103.7,52162.6,05-11-2024 14:35
52164.15,52213.9,52151.9,52165.25,05-11-2024 14:40
52165.25,52178.65,52125.7,52131.2,05-11-2024 14:45
52129.9,52162.65,52103.85,52147.95,05-11-2024 14:50
52152.05,52167.4,52115.4,52135.6,05-11-2024 14:55
52138.15,52265.85,52138.15,52257.35,05-11-2024 15:00
52260.75,52289.55,52239,52248.3,05-11-2024 15:05
52251.7,52251.7,52166.95,52192.9,05-11-2024 15:10
52190.2,52209.65,52155.2,52174.15,05-11-2024 15:15
52171.3,52185.6,52128.65,52174.65,05-11-2024 15:20
52173.9,52174.05,52094.4,52105.85,05-11-2024 15:25
52440.4,52493.95,52278.3,52454.9,06-11-2024 09:15
52455.75,52470,52256.35,52399.25,06-11-2024 09:20
52402.45,52402.7,52301.8,52395.05,06-11-2024 09:25
52400.55,52426.4,52317.05,52331.6,06-11-2024 09:30
52334.35,52352.55,52269.65,52324.3,06-11-2024 09:35
52324.75,52371.95,52279.95,52325.15,06-11-2024 09:40
52324.7,52386.3,52291.25,52362.85,06-11-2024 09:45
52365.9,52415.8,52346.05,52350.6,06-11-2024 09:50
52345.45,52358.6,52284.3,52313.1,06-11-2024 09:55
52314.5,52389.95,52299.85,52378.05,06-11-2024 10:00
52377.6,52409.4,52356.95,52371.65,06-11-2024 10:05
52369.3,52384.7,52331.3,52340.15,06-11-2024 10:10
52341.45,52364.3,52321.4,52353.55,06-11-2024 10:15
52351.7,52354.5,52319.4,52326.35,06-11-2024 10:20
52326.75,52334.6,52209.7,52233,06-11-2024 10:25
52228.3,52262.4,52185.4,52246.95,06-11-2024 10:30
52248.7,52268.2,52239.5,52261.3,06-11-2024 10:35
52260,52261.8,52218.4,52227.95,06-11-2024 10:40
52227.25,52261.3,52223.85,52243.8,06-11-2024 10:45
52244.85,52365.7,52233.6,52314.7,06-11-2024 10:50
52320.65,52355.65,52306.35,52343.2,06-11-2024 10:55
52341.3,52360.85,52313.95,52315.6,06-11-2024 11:00
52314.85,52322.1,52299.15,52312.95,06-11-2024 11:05
52317.45,52331.8,52312.15,52321.75,06-11-2024 11:10
52320.35,52337.9,52312.95,52317.2,06-11-2024 11:15
52317.3,52340.85,52306.4,52317.4,06-11-2024 11:20
52319.5,52338,52312.9,52329.05,06-11-2024 11:25
52328.5,52396.3,52324.3,52390.5,06-11-2024 11:30
52387.15,52392.1,52349.35,52360.65,06-11-2024 11:35
52359.1,52383.25,52347.8,52383.25,06-11-2024 11:40
52384.45,52406.45,52363.45,52385.05,06-11-2024 11:45
52384.3,52430.15,52378,52415.2,06-11-2024 11:50
52421.6,52451.15,52411.5,52443.55,06-11-2024 11:55
52443.95,52450.55,52400.35,52411.85,06-11-2024 12:00
52411.4,52420.9,52388.35,52402.9,06-11-2024 12:05
52402.95,52411.8,52388.95,52395.95,06-11-2024 12:10
52395.95,52408.7,52361.5,52385.8,06-11-2024 12:15
52386.25,52387.1,52348.95,52369.8,06-11-2024 12:20
52369.05,52385.05,52364.55,52376.55,06-11-2024 12:25
52377.65,52397,52369.7,52385.9,06-11-2024 12:30
52385.9,52406.7,52383.25,52395.85,06-11-2024 12:35
52399.6,52409.8,52372.75,52383.95,06-11-2024 12:40
52384.2,52387,52360.15,52379.5,06-11-2024 12:45
52373.5,52385.75,52349.15,52356.85,06-11-2024 12:50
52356.1,52367.4,52343,52352.2,06-11-2024 12:55
52347.75,52368.15,52326.7,52362.5,06-11-2024 13:00
52359.15,52375.45,52342.3,52344.7,06-11-2024 13:05
52346.75,52378.1,52329.3,52341.45,06-11-2024 13:10
52338.25,52343.85,52295.95,52315.6,06-11-2024 13:15
52315.6,52332.85,52284.25,52327.75,06-11-2024 13:20
52330,52351.05,52316.5,52327.05,06-11-2024 13:25
52324.7,52351.45,52320.25,52340,06-11-2024 13:30
52340,52359.35,52327.8,52355.8,06-11-2024 13:35
52356.1,52357.05,52323.85,52344.8,06-11-2024 13:40
52343.7,52348.05,52314.8,52328.85,06-11-2024 13:45
52328,52344.4,52315.4,52342.7,06-11-2024 13:50
52343,52354.8,52334.3,52342.85,06-11-2024 13:55
52341.1,52355.05,52326.45,52334.6,06-11-2024 14:00
52329.3,52371.4,52327.35,52364.65,06-11-2024 14:05
52362.55,52377.25,52347,52352.9,06-11-2024 14:10
52355.1,52403.65,52340.05,52401.45,06-11-2024 14:15
52400.85,52409.4,52373.05,52391.3,06-11-2024 14:20
52389.25,52397.3,52375.6,52390.5,06-11-2024 14:25
52389.5,52396.7,52351.65,52363.25,06-11-2024 14:30
52362.6,52368.45,52281.2,52284.65,06-11-2024 14:35
52285.65,52285.65,52242.7,52262.15,06-11-2024 14:40
52269,52282,52238.5,52263.15,06-11-2024 14:45
52261.65,52278.15,52232.35,52269.65,06-11-2024 14:50
52267.8,52295.95,52261.5,52284.1,06-11-2024 14:55
52281.4,52319.7,52281.4,52311,06-11-2024 15:00
52311.15,52315.55,52289.2,52300.8,06-11-2024 15:05
52303.55,52317.15,52282.9,52294.55,06-11-2024 15:10
52294.55,52357.65,52293.75,52326.4,06-11-2024 15:15
52328.65,52354.1,52322.4,52353.65,06-11-2024 15:20
52355.95,52396.5,52337.35,52384.55,06-11-2024 15:25
52258.95,52377.25,52177.85,52232,07-11-2024 09:15
52234.5,52288.4,52119.3,52119.3,07-11-2024 09:20
52121.4,52138,52025.75,52045.35,07-11-2024 09:25
52046.85,52087.15,52008.45,52074.45,07-11-2024 09:30
52081.55,52112.6,52044.35,52069.3,07-11-2024 09:35
52069.25,52126.6,52045.2,52110.7,07-11-2024 09:40
52113.5,52152.45,52073.55,52136.6,07-11-2024 09:45
52135.9,52135.9,52055.95,52088.8,07-11-2024 09:50
52089.85,52107.45,51947.1,51951.8,07-11-2024 09:55
51951.55,51952.95,51782.5,51803.3,07-11-2024 10:00
51805.1,51855.05,51769.4,51816.85,07-11-2024 10:05
51816.8,51835.45,51779,51835.45,07-11-2024 10:10
51839.15,51862,51815.55,51826.3,07-11-2024 10:15
51824.2,51876.65,51822.9,51865.35,07-11-2024 10:20
51865.25,51887.65,51787.9,51793,07-11-2024 10:25
51791.4,51816,51752.25,51776.85,07-11-2024 10:30
51776.7,51853.75,51772.15,51850.3,07-11-2024 10:35
51849.55,51873.3,51824.75,51850.75,07-11-2024 10:40
51852,51885.55,51841,51874.9,07-11-2024 10:45
51875.4,51987.25,51867.8,51986.05,07-11-2024 10:50
51988.3,52090.75,51986,52044.95,07-11-2024 10:55
52047.25,52062.85,51994.5,52000.95,07-11-2024 11:00
52004.55,52023.5,51951.5,51970.15,07-11-2024 11:05
51970,51972.25,51923.25,51957.25,07-11-2024 11:10
51958.15,51958.45,51824.95,51825.7,07-11-2024 11:15
51824.7,51874.25,51821.45,51864.35,07-11-2024 11:20
51863.95,51877.4,51833.75,51873.4,07-11-2024 11:25
51872.9,51899.3,51844.3,51858.4,07-11-2024 11:30
51856.4,51888.4,51848.05,51865.15,07-11-2024 11:35
51865.35,51896.1,51862.8,51867.05,07-11-2024 11:40
51865.6,51868.8,51837.8,51850.35,07-11-2024 11:45
51849.4,51884.5,51844.5,51863.65,07-11-2024 11:50
51861.8,51862.65,51821.3,51830.05,07-11-2024 11:55
51827.95,51837,51775.95,51789.25,07-11-2024 12:00
51790.3,51841.75,51785.1,51834.35,07-11-2024 12:05
51836.8,51897.45,51825.45,51869.3,07-11-2024 12:10
51870.8,51887.1,51824.65,51835.3,07-11-2024 12:15
51835.8,51883.8,51826.85,51881.9,07-11-2024 12:20
51882.4,51949.85,51882.4,51939.4,07-11-2024 12:25
51939.45,51977.3,51921.85,51922.1,07-11-2024 12:30
51926.55,51968.4,51923.4,51955.95,07-11-2024 12:35
51957.3,52004.7,51952.15,51975.7,07-11-2024 12:40
51975.55,51991.85,51961.05,51972.35,07-11-2024 12:45
51974.2,51996,51946.8,51955.15,07-11-2024 12:50
51956.95,51965.6,51934.7,51958.8,07-11-2024 12:55
51958.8,51992.4,51958.7,51980.7,07-11-2024 13:00
51988.75,52008.1,51973.65,51991.7,07-11-2024 13:05
51992.4,52062.65,51989.85,52061.05,07-11-2024 13:10
52061.9,52063.1,51978.2,51998.55,07-11-2024 13:15
51999.6,51999.6,51949,51952.55,07-11-2024 13:20
51952.95,51965.6,51921.15,51921.6,07-11-2024 13:25
51924,51941.85,51907.2,51917.65,07-11-2024 13:30
51919,51931.25,51901.65,51923.9,07-11-2024 13:35
51923.85,51934.6,51853.1,51857.7,07-11-2024 13:40
51860.75,51907.4,51855.1,51891,07-11-2024 13:45
51890.3,51914.45,51881.95,51895.9,07-11-2024 13:50
51897.4,51917.8,51891.05,51904.35,07-11-2024 13:55
51904.25,51925.2,51879.65,51914.5,07-11-2024 14:00
51916.7,51927.6,51898.25,51907.35,07-11-2024 14:05
51909.2,51954.6,51905.8,51948.45,07-11-2024 14:10
51950.8,51967.25,51935,51942.15,07-11-2024 14:15
51945.25,51947.9,51897.05,51898.8,07-11-2024 14:20
51897.2,51922.65,51880.15,51909.85,07-11-2024 14:25
51910.65,51913.7,51865.05,51870.6,07-11-2024 14:30
51872.5,51895.45,51862.65,51883.8,07-11-2024 14:35
51885.25,51890.75,51865.5,51883.2,07-11-2024 14:40
51883.75,51890.55,51862.75,51881.35,07-11-2024 14:45
51882.75,51897.8,51858.9,51864.4,07-11-2024 14:50
51864.55,51952.65,51862.65,51930.8,07-11-2024 14:55
51936.9,51977.5,51921.6,51937.8,07-11-2024 15:00
51937.75,51948.55,51903.6,51914.65,07-11-2024 15:05
51913.3,51921.35,51886.8,51894.45,07-11-2024 15:10
51893.6,51941.2,51891.3,51931.8,07-11-2024 15:15
51932.8,51934.1,51894.7,51910.5,07-11-2024 15:20
51911.1,51924.7,51868.95,51891.9,07-11-2024 15:25
51869.15,51909.05,51609.85,51686.25,08-11-2024 09:15
51685.6,51689.65,51609.05,51644.4,08-11-2024 09:20
51645.6,51859.5,51645.2,51830.45,08-11-2024 09:25
51826.4,51923.55,51778.05,51876.55,08-11-2024 09:30
51879.25,51899,51782.85,51792,08-11-2024 09:35
51793.05,51887.8,51770.1,51819.3,08-11-2024 09:40
51822.1,52007.15,51819.1,51938.65,08-11-2024 09:45
51937.5,51941.6,51720.8,51776.45,08-11-2024 09:50
51776.75,51810.95,51742.05,51794.9,08-11-2024 09:55
51801.5,51815.65,51731.75,51755.5,08-11-2024 10:00
51752.25,51808.75,51719.9,51805.9,08-11-2024 10:05
51806.45,51862.15,51780.25,51826.45,08-11-2024 10:10
51825.35,51832.65,51784.1,51809.05,08-11-2024 10:15
51807.7,51850.95,51804,51832.85,08-11-2024 10:20
51834,51853.2,51769.05,51773,08-11-2024 10:25
51773.1,51793.15,51737.3,51739.15,08-11-2024 10:30
51739.65,51752.7,51704.6,51732.4,08-11-2024 10:35
51733.85,51755.25,51653.3,51657.95,08-11-2024 10:40
51661.4,51666.35,51559.2,51602.35,08-11-2024 10:45
51601.45,51652.65,51596.95,51623,08-11-2024 10:50
51621.95,51650.4,51608.15,51645.55,08-11-2024 10:55
51644.7,51656.9,51604.2,51625.9,08-11-2024 11:00
51625.3,51644.2,51592.3,51616.85,08-11-2024 11:05
51615.55,51680.75,51610.35,51669.45,08-11-2024 11:10
51668.6,51683.25,51631.45,51666.25,08-11-2024 11:15
51666.55,51677.1,51626.45,51636.45,08-11-2024 11:20
51631.85,51641.8,51616,51630.35,08-11-2024 11:25
51628.8,51660.25,51616.5,51654.35,08-11-2024 11:30
51654.2,51681.8,51641.35,51663.35,08-11-2024 11:35
51662.05,51677.75,51648.55,51672,08-11-2024 11:40
51671.65,51671.65,51629.35,51636.25,08-11-2024 11:45
51636.1,51637.2,51583.6,51596.9,08-11-2024 11:50
51597.3,51602.55,51510.25,51522.8,08-11-2024 11:55
51524.5,51547,51502.55,51535.25,08-11-2024 12:00
51535.6,51551.75,51495.05,51520.85,08-11-2024 12:05
51523.3,51567.2,51513.25,51550.8,08-11-2024 12:10
51550,51620.05,51542.95,51588.55,08-11-2024 12:15
51586.95,51593.3,51565.25,51581.85,08-11-2024 12:20
51583.55,51616.25,51576.85,51594,08-11-2024 12:25
51594.75,51663.55,51583.55,51654.5,08-11-2024 12:30
51660.3,51689.65,51639.2,51651.2,08-11-2024 12:35
51656.05,51659.9,51628.85,51653.05,08-11-2024 12:40
51657,51665.3,51616.1,51627.3,08-11-2024 12:45
51626.7,51637.35,51596,51628.2,08-11-2024 12:50
51631.1,51657.25,51613.95,51656.5,08-11-2024 12:55
51656.35,51659.6,51620.35,51642.65,08-11-2024 13:00
51648.15,51676.9,51632.9,51662.75,08-11-2024 13:05
51661.1,51730.4,51658.5,51724.1,08-11-2024 13:10
51725.8,51741.45,51690.65,51712.8,08-11-2024 13:15
51713.45,51830.55,51706.45,51811.2,08-11-2024 13:20
51807.7,51862.15,51785.15,51803.3,08-11-2024 13:25
51802.75,51838.7,51785.55,51803.15,08-11-2024 13:30
51803.7,51852.6,51760,51850.2,08-11-2024 13:35
51847.35,51849.95,51751,51795.85,08-11-2024 13:40
51795.55,51819.65,51778.95,51785.95,08-11-2024 13:45
51792.3,51824.6,51740.2,51766.7,08-11-2024 13:50
51766.4,51772.6,51657.35,51715.6,08-11-2024 13:55
51710.9,51736.1,51677.15,51729.1,08-11-2024 14:00
51726.7,51747.6,51683.55,51686.5,08-11-2024 14:05
51690.95,51700.45,51606.8,51631.35,08-11-2024 14:10
51630.65,51639.2,51542.35,51546.75,08-11-2024 14:15
51546.45,51582.95,51532.45,51561,08-11-2024 14:20
51558.4,51597.75,51545.75,51576.1,08-11-2024 14:25
51576.45,51578.85,51505.85,51513.7,08-11-2024 14:30
51510.95,51552.15,51505,51540.75,08-11-2024 14:35
51540.8,51673.75,51536.4,51644.05,08-11-2024 14:40
51644.6,51652.65,51583.75,51622.45,08-11-2024 14:45
51622.3,51639.5,51597.6,51620.6,08-11-2024 14:50
51620.05,51665.6,51619.3,51644.5,08-11-2024 14:55
51644.6,51652.75,51533.25,51541.8,08-11-2024 15:00
51541.25,51586.45,51523.8,51576.75,08-11-2024 15:05
51581,51581,51542.15,51550.7,08-11-2024 15:10
51552.65,51585.4,51550.9,51565.65,08-11-2024 15:15
51566.85,51586.35,51533.45,51548.65,08-11-2024 15:20
51551.15,51551.75,51494,51532.15,08-11-2024 15:25
51562.7,51568.7,51311.6,51350.3,11-11-2024 09:15
51349.6,51461.25,51294.2,51364.8,11-11-2024 09:20
51367,51493.25,51367,51463.85,11-11-2024 09:25
51462.3,51604.4,51450.6,51578.55,11-11-2024 09:30
51574.1,51631.85,51472.8,51478.65,11-11-2024 09:35
51479.45,51540.05,51404,51520.4,11-11-2024 09:40
51522.1,51625,51502.6,51583.6,11-11-2024 09:45
51586.25,51609.85,51535.45,51598.75,11-11-2024 09:50
51600.2,51674.15,51559.85,51624,11-11-2024 09:55
51618.75,51636.8,51524,51545.6,11-11-2024 10:00
51546.2,51591.35,51510.55,51578.6,11-11-2024 10:05
51578.3,51582.35,51533.85,51545.95,11-11-2024 10:10
51545.3,51577.85,51522.35,51531.3,11-11-2024 10:15
51532.8,51591.15,51531.5,51584.55,11-11-2024 10:20
51584.1,51757.35,51575.4,51746.9,11-11-2024 10:25
51748.8,51837.95,51740,51802.55,11-11-2024 10:30
51805.55,51936.7,51800.1,51889.15,11-11-2024 10:35
51887.45,51921.15,51835.2,51867.15,11-11-2024 10:40
51861.75,51905.35,51836.7,51871.85,11-11-2024 10:45
51871.9,51914.2,51848.9,51905.4,11-11-2024 10:50
51905.35,52017.2,51904.95,52017.2,11-11-2024 10:55
52017.85,52023.55,51955.05,51988.05,11-11-2024 11:00
51985.2,51997.15,51936.65,51978.75,11-11-2024 11:05
51979.3,52104.5,51977.35,52103.15,11-11-2024 11:10
52098.25,52163.25,52098.25,52135.25,11-11-2024 11:15
52137.3,52146.05,52085.3,52123.2,11-11-2024 11:20
52124.05,52170.4,52060.9,52138.2,11-11-2024 11:25
52137.65,52150.15,52103.45,52145.9,11-11-2024 11:30
52145.4,52154.1,52105.75,52116.6,11-11-2024 11:35
52112.65,52177.7,52111.15,52169.7,11-11-2024 11:40
52168.9,52174.1,52117.55,52126.8,11-11-2024 11:45
52128.25,52139.2,52092.1,52110.35,11-11-2024 11:50
52110.65,52127,52092.7,52110.6,11-11-2024 11:55
52111.4,52135.45,52070.5,52112.15,11-11-2024 12:00
52113.15,52116.2,52065.45,52075.45,11-11-2024 12:05
52075.25,52092.1,52042.95,52091.2,11-11-2024 12:10
52091.55,52109.5,52028.75,52030.55,11-11-2024 12:15
52031.05,52031.3,51963.5,51996,11-11-2024 12:20
51994.65,52028.05,51974.85,52019,11-11-2024 12:25
52021.05,52075.85,52021.05,52044.55,11-11-2024 12:30
52044.35,52098.4,52042.25,52075.1,11-11-2024 12:35
52075.1,52075.95,52030,52040.15,11-11-2024 12:40
52040.8,52069.55,52020.1,52022.25,11-11-2024 12:45
52021.65,52045.85,52005.65,52025.35,11-11-2024 12:50
52025.1,52034.35,52003.4,52029,11-11-2024 12:55
52029.8,52041.95,51996.9,52033.9,11-11-2024 13:00
52037.15,52044.15,52016.35,52023.8,11-11-2024 13:05
52022.2,52073.5,52016.85,52044.1,11-11-2024 13:10
52046.7,52078.6,51895.8,51952.65,11-11-2024 13:15
51949.9,52030.45,51930.95,51982.45,11-11-2024 13:20
51983.2,52006.35,51939.8,51958.5,11-11-2024 13:25
51958,52003.55,51946.4,51972.85,11-11-2024 13:30
51977.25,51977.25,51933.2,51939.95,11-11-2024 13:35
51934.7,51940.15,51854,51863.5,11-11-2024 13:40
51865,51904.05,51858.5,51877.05,11-11-2024 13:45
51877.05,51884.8,51837.1,51854.4,11-11-2024 13:50
51855.6,51918.9,51850.25,51911.7,11-11-2024 13:55
51910.55,51912.3,51874.65,51880.55,11-11-2024 14:00
51880.15,51903.25,51853.45,51873.75,11-11-2024 14:05
51874.05,51885.8,51831.7,51832.95,11-11-2024 14:10
51830.6,51841.2,51780.15,51798.2,11-11-2024 14:15
51795.8,51848.45,51785.45,51828.8,11-11-2024 14:20
51830.2,51857.05,51812.35,51848.9,11-11-2024 14:25
51846.4,51890.9,51812.5,51888.6,11-11-2024 14:30
51889.75,51939.7,51879.1,51918.95,11-11-2024 14:35
51922.9,51930.55,51891.4,51913.6,11-11-2024 14:40
51913.05,51916.45,51880.75,51885.8,11-11-2024 14:45
51886.3,51924.9,51881.85,51906.2,11-11-2024 14:50
51906.8,51911.9,51850,51861.8,11-11-2024 14:55
51878.5,51879.3,51767.75,51860.25,11-11-2024 15:00
51862.75,51945.35,51854.25,51934.35,11-11-2024 15:05
51934.45,51965.1,51910.65,51940.8,11-11-2024 15:10
51945.75,51958.55,51863.4,51886.95,11-11-2024 15:15
51889.5,51894.65,51845.45,51858.85,11-11-2024 15:20
51862.45,51870.1,51799.25,51812.35,11-11-2024 15:25
52053.75,52097.55,51954.05,52038.8,12-11-2024 09:15
52036.15,52082.65,51931.3,51950.3,12-11-2024 09:20
51952.15,51989.55,51886.9,51898.6,12-11-2024 09:25
51898.7,51969,51846.3,51945.7,12-11-2024 09:30
51949.35,51952.95,51782.6,51801.6,12-11-2024 09:35
51801.45,51845.15,51796.7,51842.8,12-11-2024 09:40
51843.8,51871.25,51798.25,51842.4,12-11-2024 09:45
51843.65,51906.45,51823.8,51845.45,12-11-2024 09:50
51845.2,52169.05,51841.05,52129.55,12-11-2024 09:55
52135.75,52146.55,51856.8,51932.85,12-11-2024 10:00
51928.05,51980.2,51894.85,51980.2,12-11-2024 10:05
51978.95,52022.45,51937.1,51964.25,12-11-2024 10:10
51966.6,52008.05,51941.05,51945.55,12-11-2024 10:15
51945.9,51962.65,51917.7,51925.6,12-11-2024 10:20
51928,52004.05,51921.3,51936.45,12-11-2024 10:25
51937.25,51946.6,51746.65,51772.65,12-11-2024 10:30
51770.25,51777.75,51685.25,51723.6,12-11-2024 10:35
51720.45,51741.9,51672.05,51704.25,12-11-2024 10:40
51702.9,51702.9,51586.35,51681.7,12-11-2024 10:45
51687.75,51756,51658.4,51710.3,12-11-2024 10:50
51708.6,51728.45,51680.75,51680.75,12-11-2024 10:55
51683.15,51739.75,51682.25,51696.95,12-11-2024 11:00
51692.25,51779.6,51674.65,51772.45,12-11-2024 11:05
51783.9,51797.35,51729.05,51777.95,12-11-2024 11:10
51773.2,51864.5,51741.8,51782.3,12-11-2024 11:15
51784.2,51860.25,51772.95,51844.6,12-11-2024 11:20
51845.05,51856.35,51825.55,51832.55,12-11-2024 11:25
51832.15,51858.4,51815.5,51848.95,12-11-2024 11:30
51848.9,51855.25,51815.35,51824.55,12-11-2024 11:35
51824.7,51855.4,51797.75,51818.65,12-11-2024 11:40
51817.7,51873.6,51802.75,51850.45,12-11-2024 11:45
51851.45,51874.7,51800.35,51853.55,12-11-2024 11:50
51853.75,51871,51772.25,51800.15,12-11-2024 11:55
51800.15,51825.45,51787.8,51800,12-11-2024 12:00
51801.65,51824.05,51779.95,51781.95,12-11-2024 12:05
51783.65,51790.75,51686.7,51725.35,12-11-2024 12:10
51724.45,51765.1,51700.8,51751.1,12-11-2024 12:15
51748.8,51756.95,51712.9,51728.15,12-11-2024 12:20
51735.25,51735.25,51652.2,51711.35,12-11-2024 12:25
51713.5,51747,51667.1,51697.2,12-11-2024 12:30
51698.8,51704.3,51639.1,51644,12-11-2024 12:35
51645.1,51651.55,51421.25,51477.9,12-11-2024 12:40
51469.95,51487.05,51234.75,51254.45,12-11-2024 12:45
51252.45,51356.1,51243.8,51321.7,12-11-2024 12:50
51324.8,51353.5,51235.65,51300.75,12-11-2024 12:55
51300.7,51424.45,51290.3,51381.65,12-11-2024 13:00
51381.15,51397.25,51325.9,51358.9,12-11-2024 13:05
51358.45,51365.9,51280.1,51292.2,12-11-2024 13:10
51292.15,51298.05,51123.95,51173.85,12-11-2024 13:15
51175.05,51281.6,51169.15,51252.25,12-11-2024 13:20
51252.95,51275.7,51206.75,51254.15,12-11-2024 13:25
51254.5,51289.65,51206.7,51209.25,12-11-2024 13:30
51209.8,51215.45,51141.25,51150.9,12-11-2024 13:35
51151.05,51196.45,51144.6,51179.5,12-11-2024 13:40
51178.3,51364.25,51162.05,51225.85,12-11-2024 13:45
51226.2,51267.55,51188.2,51259.05,12-11-2024 13:50
51260,51299.95,51217.6,51218.7,12-11-2024 13:55
51219.85,51235.85,51192.9,51218.05,12-11-2024 14:00
51218.2,51302.5,51210.5,51222.15,12-11-2024 14:05
51224.45,51296.8,51210.55,51230.55,12-11-2024 14:10
51226.45,51239.6,51190.15,51230.15,12-11-2024 14:15
51228.15,51276.6,51204.25,51228.6,12-11-2024 14:20
51232.05,51246.55,51006.85,51063.05,12-11-2024 14:25
51062.4,51337.15,51047.4,51266.1,12-11-2024 14:30
51263.7,51314.05,51145.9,51163.6,12-11-2024 14:35
51161.75,51198.9,51124.05,51163,12-11-2024 14:40
51160.05,51247.25,51155.35,51245.15,12-11-2024 14:45
51246.5,51280.2,51225.9,51245.85,12-11-2024 14:50
51242.2,51279.2,51214.55,51214.55,12-11-2024 14:55
51206.05,51248.8,51177.7,51217.55,12-11-2024 15:00
51218.9,51247.65,51082.15,51119.2,12-11-2024 15:05
51121.1,51130.15,51095.6,51100.75,12-11-2024 15:10
51103.25,51182.9,51100.9,51173.05,12-11-2024 15:15
51174.05,51199.2,51154.95,51183.35,12-11-2024 15:20
51181.8,51205,51116.95,51120.6,12-11-2024 15:25
51030.95,51256.45,50971.3,51192.45,13-11-2024 09:15
51202.25,51247,51162.75,51187.35,13-11-2024 09:20
51186.25,51290.6,51181.3,51190.95,13-11-2024 09:25
51209.35,51353.5,51168.05,51173.7,13-11-2024 09:30
51178.45,51233.35,51139.2,51161.7,13-11-2024 09:35
51162.55,51247.75,51155.3,51185.45,13-11-2024 09:40
51191.45,51226.1,51018.55,51053.1,13-11-2024 09:45
51049,51244.15,51035.4,51168.3,13-11-2024 09:50
51171.6,51216,51137.25,51212.75,13-11-2024 09:55
51208.75,51215.25,50967.6,50967.6,13-11-2024 10:00
50980.9,51021.55,50866.2,50950,13-11-2024 10:05
50948.9,50970.3,50880.4,50895.6,13-11-2024 10:10
50895.5,50974.5,50868.5,50958.3,13-11-2024 10:15
50955.2,50959.95,50840.1,50897.55,13-11-2024 10:20
50898.15,50981.8,50898.1,50958.8,13-11-2024 10:25
50959.4,50989.15,50916.7,50960.65,13-11-2024 10:30
50957.75,51047.9,50883.5,50884.3,13-11-2024 10:35
50880.25,50884.45,50748.05,50760.75,13-11-2024 10:40
50762.7,50880.75,50748.5,50850.9,13-11-2024 10:45
50852.5,51020.85,50846.4,50911.7,13-11-2024 10:50
50912.25,50914.6,50782.3,50794,13-11-2024 10:55
50788.9,50833.35,50729.75,50801.9,13-11-2024 11:00
50800,50808,50752.3,50768.05,13-11-2024 11:05
50766.95,50787.7,50700.65,50707,13-11-2024 11:10
50705.05,50746.4,50620.65,50620.65,13-11-2024 11:15
50629,50704.4,50628.3,50685.8,13-11-2024 11:20
50692.55,50714.35,50669.3,50700.75,13-11-2024 11:25
50705,50738.7,50659.95,50710.2,13-11-2024 11:30
50705.15,50742.05,50696.55,50719.45,13-11-2024 11:35
50719.85,50737.7,50644.55,50651.6,13-11-2024 11:40
50653.9,50721.95,50649,50718.5,13-11-2024 11:45
50718,50734.15,50677.35,50677.9,13-11-2024 11:50
50676.85,50724.4,50676.85,50689.85,13-11-2024 11:55
50692.75,50737.75,50670.95,50681.75,13-11-2024 12:00
50685.65,50698.9,50645.55,50669.85,13-11-2024 12:05
50669.9,50671.4,50624.3,50665.85,13-11-2024 12:10
50665.95,50702.1,50648.15,50694.45,13-11-2024 12:15
50694.85,50770.4,50674.2,50742.3,13-11-2024 12:20
50740,50752.85,50705.7,50709.65,13-11-2024 12:25
50707.1,50731.25,50683.05,50718.6,13-11-2024 12:30
50718.75,50718.75,50684.25,50700.95,13-11-2024 12:35
50702.05,50705,50655.5,50659.65,13-11-2024 12:40
50658.5,50693.5,50629.55,50671.3,13-11-2024 12:45
50668.15,50695.55,50646.6,50656.2,13-11-2024 12:50
50655,50694.85,50643.25,50694.85,13-11-2024 12:55
50688.8,50716.75,50656.6,50690.3,13-11-2024 13:00
50689.05,50699.15,50653.8,50662.2,13-11-2024 13:05
50656.4,50711,50643.25,50680.35,13-11-2024 13:10
50688.15,50693.35,50655.55,50684.6,13-11-2024 13:15
50683.15,50703.4,50670.3,50682.05,13-11-2024 13:20
50682.5,50700.2,50666,50674.5,13-11-2024 13:25
50673.45,50711.7,50665.1,50669.25,13-11-2024 13:30
50669.55,50787.7,50662.4,50703.25,13-11-2024 13:35
50702.85,50785.1,50697.8,50783.15,13-11-2024 13:40
50785.15,50853.6,50770.95,50798.65,13-11-2024 13:45
50795.45,50836.6,50723.05,50781.8,13-11-2024 13:50
50780.1,50824.15,50757.55,50772.55,13-11-2024 13:55
50771.25,50792.8,50676.1,50698.25,13-11-2024 14:00
50696.9,50716.8,50655.65,50684.1,13-11-2024 14:05
50691.85,50719.5,50540.2,50587.3,13-11-2024 14:10
50590.25,50593.6,50495.5,50533.45,13-11-2024 14:15
50532.05,50539.25,50429.9,50431.75,13-11-2024 14:20
50433.8,50447.9,50326.5,50340.7,13-11-2024 14:25
50333.95,50366.5,50220.75,50252.25,13-11-2024 14:30
50257.6,50266,50189.8,50262.55,13-11-2024 14:35
50260.2,50264,50083.85,50115.35,13-11-2024 14:40
50117.3,50117.75,50003.7,50063,13-11-2024 14:45
50064.7,50192.35,50006.4,50148.5,13-11-2024 14:50
50151.3,50179.7,50044.45,50054.75,13-11-2024 14:55
50050.2,50064.55,49906.45,49924.9,13-11-2024 15:00
49923.55,50013.05,49904.4,50003,13-11-2024 15:05
50009.55,50089.1,50002.45,50072.15,13-11-2024 15:10
50070.55,50251.5,50070.55,50248.3,13-11-2024 15:15
50249.95,50268,50219.25,50266.15,13-11-2024 15:20
50268.6,50340.15,50263.7,50290.5,13-11-2024 15:25
50053.45,50416.3,50049.25,50292.55,14-11-2024 09:15
50297.9,50358.2,50190.85,50341.1,14-11-2024 09:20
50342.6,50386.3,50259.2,50293.45,14-11-2024 09:25
50292.8,50438.45,50292.8,50395.1,14-11-2024 09:30
50398,50425.05,50365.95,50394.75,14-11-2024 09:35
50395.35,50407.6,50179.75,50330.35,14-11-2024 09:40
50334.75,50417,50324.5,50410.25,14-11-2024 09:45
50406,50410.5,50324.7,50359.75,14-11-2024 09:50
50362.85,50410.8,50356.6,50373.85,14-11-2024 09:55
50372.9,50561.8,50370.75,50498.4,14-11-2024 10:00
50497.4,50548.9,50457.9,50476.2,14-11-2024 10:05
50471.9,50495.75,50404.75,50471.5,14-11-2024 10:10
50465.25,50490.9,50442.45,50446.9,14-11-2024 10:15
50450.45,50544.5,50446.45,50513.8,14-11-2024 10:20
50513.6,50536.75,50472.15,50480.25,14-11-2024 10:25
50480.35,50523.6,50434.3,50438.3,14-11-2024 10:30
50434.7,50439.7,50297.75,50312.9,14-11-2024 10:35
50311.95,50328.45,50258.25,50302.15,14-11-2024 10:40
50303.4,50319.15,50159.65,50220.7,14-11-2024 10:45
50220.35,50228.65,50131,50141.7,14-11-2024 10:50
50145.55,50185.05,50125.75,50138.4,14-11-2024 10:55
50137.3,50163.65,50002.4,50026.2,14-11-2024 11:00
50025.05,50055.6,49970.3,50042.55,14-11-2024 11:05
50044.2,50045.5,49939.35,49971.3,14-11-2024 11:10
49972.4,50069.5,49966.3,50050.25,14-11-2024 11:15
50048.7,50086.95,50011.55,50057.95,14-11-2024 11:20
50057.6,50101.55,50019.6,50082.45,14-11-2024 11:25
50083.8,50131.8,50043.4,50131.8,14-11-2024 11:30
50140.3,50148.05,50082.45,50113.3,14-11-2024 11:35
50113.5,50194.35,50110.4,50152.9,14-11-2024 11:40
50152.05,50178.3,50060.9,50115.6,14-11-2024 11:45
50114.5,50135.2,50085.7,50101.7,14-11-2024 11:50
50101.55,50199.05,50095.9,50195.1,14-11-2024 11:55
50193.3,50257.75,50187.95,50251.05,14-11-2024 12:00
50249.1,50257.15,50208.45,50243.8,14-11-2024 12:05
50246.4,50364.95,50243.4,50353.75,14-11-2024 12:10
50354.8,50357.15,50249.95,50276.05,14-11-2024 12:15
50277.4,50300.3,50208.5,50271.8,14-11-2024 12:20
50270.35,50283.35,50224.85,50255.85,14-11-2024 12:25
50254.7,50257.4,50193.05,50212.75,14-11-2024 12:30
50208.8,50215.8,50165.2,50210.6,14-11-2024 12:35
50207.1,50250.45,50202.5,50235.3,14-11-2024 12:40
50229.5,50297.8,50206.25,50296.25,14-11-2024 12:45
50293.05,50357.7,50259.15,50338,14-11-2024 12:50
50337.4,50346.05,50249.4,50275.8,14-11-2024 12:55
50271.05,50311.65,50214,50240.5,14-11-2024 13:00
50240.5,50298.65,50233.85,50295.8,14-11-2024 13:05
50295.4,50313,50275.85,50306,14-11-2024 13:10
50305.75,50345.2,50300.75,50327.7,14-11-2024 13:15
50326.5,50328.8,50265.1,50296.75,14-11-2024 13:20
50296.9,50338.4,50283.05,50291.45,14-11-2024 13:25
50286.2,50293.65,50216.85,50240,14-11-2024 13:30
50239.55,50256.45,50209.6,50209.6,14-11-2024 13:35
50207.9,50209.65,50148,50173.05,14-11-2024 13:40
50168.8,50215.3,50145.45,50210.3,14-11-2024 13:45
50209.95,50248.35,50162.75,50183.45,14-11-2024 13:50
50183.2,50238.75,50164.75,50219.85,14-11-2024 13:55
50217.25,50272.95,50199.95,50264.7,14-11-2024 14:00
50264.95,50265.75,50181.75,50229.4,14-11-2024 14:05
50227.1,50229.95,50178.25,50212.55,14-11-2024 14:10
50214.55,50219.9,50145.35,50158.25,14-11-2024 14:15
50158.9,50170.5,50121.5,50163.25,14-11-2024 14:20
50161.2,50184.05,50125.85,50164.4,14-11-2024 14:25
50163.7,50189.65,50156.6,50179.9,14-11-2024 14:30
50179.9,50180.05,50109.75,50137.6,14-11-2024 14:35
50138.65,50159.55,50106.45,50132.6,14-11-2024 14:40
50129.4,50154.8,50110.7,50131.85,14-11-2024 14:45
50131.35,50177,50118.25,50169.4,14-11-2024 14:50
50170.05,50185.15,50144.55,50172.75,14-11-2024 14:55
50174.2,50183.05,50118.7,50132.95,14-11-2024 15:00
50130.1,50245.75,50078.35,50200.2,14-11-2024 15:05
50200.55,50201.5,50133.4,50187.95,14-11-2024 15:10
50185.5,50210.15,50172.25,50187.85,14-11-2024 15:15
50179.55,50213.45,50178.8,50208.05,14-11-2024 15:20
50209.55,50244.5,50187.35,50239.2,14-11-2024 15:25
50312.45,50344.1,50169.35,50258.45,18-11-2024 09:15
50275.35,50275.35,50183.65,50218.2,18-11-2024 09:20
50217.15,50243.4,50150.65,50220.9,18-11-2024 09:25
50223.5,50321.15,50164.8,50194.95,18-11-2024 09:30
50197.3,50230.65,50110.15,50115.95,18-11-2024 09:35
50115.2,50169.75,50074,50128,18-11-2024 09:40
50127.85,50262.2,50125.3,50240.4,18-11-2024 09:45
50240.2,50282.35,50203.65,50258.2,18-11-2024 09:50
50249.75,50302.2,50234.8,50258.6,18-11-2024 09:55
50259.05,50346.9,50254.85,50327.65,18-11-2024 10:00
50327.45,50367.3,50299.7,50340.9,18-11-2024 10:05
50340.45,50344.45,50256.9,50256.9,18-11-2024 10:10
50250.85,50292.4,50228.85,50244.2,18-11-2024 10:15
50239.45,50320.5,50226.45,50303.25,18-11-2024 10:20
50303.25,50311.35,50242.7,50244.4,18-11-2024 10:25
50245.15,50263.8,50213.55,50224.4,18-11-2024 10:30
50226.5,50251.9,50214.1,50223.35,18-11-2024 10:35
50226.25,50257.3,50211.15,50217.35,18-11-2024 10:40
50216.7,50237,50176.95,50192.55,18-11-2024 10:45
50195.4,50254.05,50195.35,50236.45,18-11-2024 10:50
50237.4,50294.3,50234.95,50292.55,18-11-2024 10:55
50291.85,50296.05,50244.5,50263.6,18-11-2024 11:00
50264.75,50271.9,50228.65,50233.05,18-11-2024 11:05
50234.75,50260.55,50228.35,50232.4,18-11-2024 11:10
50232.75,50289.55,50225.7,50271,18-11-2024 11:15
50272.25,50289.65,50250.55,50250.6,18-11-2024 11:20
50251.1,50328.4,50251.1,50322.15,18-11-2024 11:25
50322.85,50324.2,50284.35,50297.95,18-11-2024 11:30
50299.65,50307.55,50283.5,50298.45,18-11-2024 11:35
50299.45,50345.25,50289,50340.6,18-11-2024 11:40
50341.3,50355.55,50307.35,50316.6,18-11-2024 11:45
50315.65,50335.55,50307.25,50324.9,18-11-2024 11:50
50327.9,50355.45,50308.85,50353.45,18-11-2024 11:55
50354.35,50378.4,50342.9,50368.3,18-11-2024 12:00
50369.1,50400,50361.25,50388.1,18-11-2024 12:05
50388.85,50408.1,50375.5,50387,18-11-2024 12:10
50387.4,50402.65,50372.3,50397.45,18-11-2024 12:15
50393.9,50399.6,50364.55,50384.55,18-11-2024 12:20
50384.3,50443.8,50383.3,50434.3,18-11-2024 12:25
50430.6,50445.8,50393.9,50416.95,18-11-2024 12:30
50419.5,50431.45,50366,50376.65,18-11-2024 12:35
50377.9,50403.65,50370.95,50379.8,18-11-2024 12:40
50379.65,50417.35,50363.1,50409.9,18-11-2024 12:45
50404,50412.2,50332.5,50350.15,18-11-2024 12:50
50346.05,50353.25,50324.75,50338.15,18-11-2024 12:55
50338.6,50392,50332.85,50369.25,18-11-2024 13:00
50369.85,50410.35,50362.55,50400.8,18-11-2024 13:05
50405.15,50405.15,50362.55,50399.7,18-11-2024 13:10
50399.5,50404.85,50343.35,50352.6,18-11-2024 13:15
50357.9,50379,50346.15,50367.8,18-11-2024 13:20
50368.5,50372.3,50329.85,50342.9,18-11-2024 13:25
50344.95,50357.15,50320.35,50349.3,18-11-2024 13:30
50347.8,50388.8,50325.95,50378.8,18-11-2024 13:35
50377.35,50380.3,50333.05,50337.85,18-11-2024 13:40
50337.85,50356.85,50329.75,50347.75,18-11-2024 13:45
50347.3,50388.3,50339.95,50373.5,18-11-2024 13:50
50373.25,50399.9,50359.8,50392.6,18-11-2024 13:55
50386.3,50406.65,50360.35,50378.7,18-11-2024 14:00
50379.3,50398.65,50359.2,50396.1,18-11-2024 14:05
50393.95,50397.5,50365.3,50372.95,18-11-2024 14:10
50372.4,50382.05,50344.75,50374.15,18-11-2024 14:15
50376.25,50380.9,50346.4,50351.95,18-11-2024 14:20
50353,50383.5,50329,50338.65,18-11-2024 14:25
50334.8,50343.55,50299.2,50316.2,18-11-2024 14:30
50316.85,50341.95,50296.25,50341.6,18-11-2024 14:35
50344.2,50344.2,50309,50338.65,18-11-2024 14:40
50345.2,50347.25,50315.9,50339.7,18-11-2024 14:45
50338.5,50378.1,50311.6,50358.6,18-11-2024 14:50
50361.3,50393.3,50341.4,50345.4,18-11-2024 14:55
50336.8,50380.6,50336.8,50360.2,18-11-2024 15:00
50358.65,50382.45,50337.85,50342.65,18-11-2024 15:05
50343.9,50398.65,50321.5,50390.35,18-11-2024 15:10
50389.85,50434.25,50387.35,50391.55,18-11-2024 15:15
50391.35,50391.35,50311.05,50327.05,18-11-2024 15:20
50329.55,50365.3,50327.8,50361.85,18-11-2024 15:25
50580.55,50616.15,50449.45,50533.15,19-11-2024 09:15
50541.65,50550.95,50468.4,50510.85,19-11-2024 09:20
50507.85,50557.8,50475.2,50529.7,19-11-2024 09:25
50531.15,50610.25,50511.35,50602.5,19-11-2024 09:30
50598.65,50739.15,50581.7,50713.45,19-11-2024 09:35
50712.7,50806.7,50712.7,50797.3,19-11-2024 09:40
50796.9,50839.15,50735.15,50746.95,19-11-2024 09:45
50754.4,50757.9,50658.65,50741.15,19-11-2024 09:50
50739.3,50765.5,50703.8,50728.1,19-11-2024 09:55
50729.65,50777.65,50713.7,50724.6,19-11-2024 10:00
50724.75,50780.35,50705.95,50756.05,19-11-2024 10:05
50755.4,50800.2,50754.05,50780.05,19-11-2024 10:10
50778.55,50800.15,50754.95,50768.95,19-11-2024 10:15
50766,50825.6,50764.45,50806.9,19-11-2024 10:20
50810,50898.55,50810,50889.95,19-11-2024 10:25
50890.3,50914.95,50812.25,50816.95,19-11-2024 10:30
50822.65,50851.8,50815.6,50846.15,19-11-2024 10:35
50845.8,50862.6,50806.95,50821.5,19-11-2024 10:40
50822.05,50837.2,50773.7,50791.2,19-11-2024 10:45
50792.75,50826.9,50778.25,50825.2,19-11-2024 10:50
50826.85,50868.6,50819.8,50867.6,19-11-2024 10:55
50865,50882.25,50848.35,50871.3,19-11-2024 11:00
50870.45,50914.6,50869.15,50913.2,19-11-2024 11:05
50913.15,50926.4,50884.9,50920.35,19-11-2024 11:10
50918.2,50927.85,50886,50892.7,19-11-2024 11:15
50891.3,50911.3,50868.85,50901.55,19-11-2024 11:20
50902.3,50945.9,50900.1,50922.2,19-11-2024 11:25
50927.05,50963.1,50915.55,50943.2,19-11-2024 11:30
50943.55,50949.4,50911.55,50935.5,19-11-2024 11:35
50934.1,50941.35,50892.45,50915.4,19-11-2024 11:40
50916.15,50945.45,50910.6,50936.6,19-11-2024 11:45
50938.15,50942.25,50912.75,50917.55,19-11-2024 11:50
50920.85,50920.85,50882.7,50886.25,19-11-2024 11:55
50885.45,50895.65,50871.75,50884.7,19-11-2024 12:00
50880.2,50887.85,50837.15,50855,19-11-2024 12:05
50853.95,50887.2,50844.15,50883.3,19-11-2024 12:10
50881.55,50913,50876.7,50889.15,19-11-2024 12:15
50890.6,50898.9,50876.55,50884.4,19-11-2024 12:20
50885.15,50895.8,50873.9,50880.8,19-11-2024 12:25
50880.8,50895.1,50875,50889.9,19-11-2024 12:30
50888.2,50897.1,50878.25,50893.6,19-11-2024 12:35
50894.8,50900.5,50866.5,50876.65,19-11-2024 12:40
50875.35,50915.3,50861.6,50915.3,19-11-2024 12:45
50915.85,50924.45,50898.85,50910.6,19-11-2024 12:50
50909.1,50932.2,50902.9,50917.15,19-11-2024 12:55
50919.3,50922.7,50899.6,50906.45,19-11-2024 13:00
50902.45,50930.8,50896,50922.7,19-11-2024 13:05
50920.95,50957.4,50917.35,50947.65,19-11-2024 13:10
50943.85,50968.5,50938.5,50966.5,19-11-2024 13:15
50964.25,50983.5,50940.2,50952.6,19-11-2024 13:20
50950.85,50950.85,50925.35,50928.15,19-11-2024 13:25
50929.1,50954.2,50921.9,50946.8,19-11-2024 13:30
50943.25,50955.35,50920.25,50937.8,19-11-2024 13:35
50934.3,50943,50919.75,50929.7,19-11-2024 13:40
50930.55,50946.5,50924.45,50939.45,19-11-2024 13:45
50939.05,50950.45,50922.7,50933.7,19-11-2024 13:50
50935.7,50949.85,50914.95,50925.1,19-11-2024 13:55
50924.75,50928.5,50887.05,50890.2,19-11-2024 14:00
50891.95,50900.3,50825.2,50835.05,19-11-2024 14:05
50830.35,50854.35,50805.9,50835.5,19-11-2024 14:10
50835.85,50873.95,50830.95,50870.9,19-11-2024 14:15
50870.05,50876.45,50834,50847.15,19-11-2024 14:20
50842.3,50853.45,50817.5,50842.25,19-11-2024 14:25
50838.65,50866.8,50818.15,50828.85,19-11-2024 14:30
50831.25,50844.2,50810.2,50835.3,19-11-2024 14:35
50835.55,50842.1,50772.95,50800.4,19-11-2024 14:40
50800.15,50811.1,50769.45,50777.9,19-11-2024 14:45
50777.45,50780.4,50691.75,50695.9,19-11-2024 14:50
50692.95,50701.75,50609.6,50615.85,19-11-2024 14:55
50613.15,50673.3,50592.15,50663.85,19-11-2024 15:00
50664.8,50732.55,50653.55,50671.85,19-11-2024 15:05
50673.4,50673.4,50590.2,50611.25,19-11-2024 15:10
50608.65,50661,50583.95,50638.9,19-11-2024 15:15
50637.5,50638.4,50578.95,50580.35,19-11-2024 15:20
50575.15,50578.75,50440.85,50466,19-11-2024 15:25
50625,50652.15,50140.75,50190,21-11-2024 09:15
50200.15,50307,50178.45,50194.8,21-11-2024 09:20
50193.35,50245,50162.3,50186.95,21-11-2024 09:25
50190.65,50207,49950.45,49953.1,21-11-2024 09:30
49957.1,49970.05,49821.95,49821.95,21-11-2024 09:35
49822.25,49936.45,49787.1,49887.15,21-11-2024 09:40
49886,49974.6,49869.6,49907.6,21-11-2024 09:45
49910.75,49988.4,49896.95,49960.4,21-11-2024 09:50
49956.25,50014.85,49947.85,49957,21-11-2024 09:55
49955.9,50020.85,49890,50014.85,21-11-2024 10:00
50015.15,50151.9,50005.75,50087.8,21-11-2024 10:05
50088.2,50152.25,50023.25,50026.05,21-11-2024 10:10
50024.9,50083.5,49996.9,50082.05,21-11-2024 10:15
50083.5,50167.65,50049.5,50148,21-11-2024 10:20
50146.8,50180.9,50112,50127.8,21-11-2024 10:25
50127.2,50167.45,50093.7,50129,21-11-2024 10:30
50128.65,50134.15,50019.2,50025.3,21-11-2024 10:35
50026.15,50071.1,50011.5,50044.7,21-11-2024 10:40
50044.25,50064.55,49981.7,50005.6,21-11-2024 10:45
50003.85,50125.65,49989.2,50119.6,21-11-2024 10:50
50119.3,50133.35,50081,50130.65,21-11-2024 10:55
50129.15,50206.6,50113.8,50194.05,21-11-2024 11:00
50193.45,50218.65,50144.75,50156.25,21-11-2024 11:05
50154.2,50186.8,50138.75,50158.95,21-11-2024 11:10
50161.9,50193.7,50145.75,50186.4,21-11-2024 11:15
50184.3,50251.95,50181.75,50181.75,21-11-2024 11:20
50178.7,50220.3,50166.65,50214.2,21-11-2024 11:25
50212.55,50287.95,50212.15,50283,21-11-2024 11:30
50279.7,50297.8,50271.05,50283.5,21-11-2024 11:35
50282.95,50350.05,50282.55,50337.7,21-11-2024 11:40
50337.6,50362.45,50299.15,50301.85,21-11-2024 11:45
50302.3,50374.2,50285.8,50366.1,21-11-2024 11:50
50366.8,50428.65,50364.35,50412.05,21-11-2024 11:55
50411.45,50544.55,50410.45,50535.25,21-11-2024 12:00
50535.25,50549.85,50433.35,50440.5,21-11-2024 12:05
50437.7,50461.7,50430,50459.45,21-11-2024 12:10
50460.5,50492.45,50433,50487.2,21-11-2024 12:15
50482.7,50531.7,50466.6,50467.2,21-11-2024 12:20
50467.35,50486.05,50432.55,50441.25,21-11-2024 12:25
50435.95,50440.9,50365.15,50389,21-11-2024 12:30
50388.95,50470.5,50386.65,50462.35,21-11-2024 12:35
50465.25,50488.5,50446.75,50460.8,21-11-2024 12:40
50463,50474.4,50399.5,50430.25,21-11-2024 12:45
50434.6,50434.6,50352.4,50359.35,21-11-2024 12:50
50358.5,50361.15,50200.8,50202.1,21-11-2024 12:55
50203.15,50275.9,50162.65,50272.05,21-11-2024 13:00
50271.7,50318.45,50253.2,50286.7,21-11-2024 13:05
50282.5,50337.5,50253.3,50330.8,21-11-2024 13:10
50326.3,50378.85,50297.2,50362.3,21-11-2024 13:15
50363.8,50458.35,50363.8,50439.9,21-11-2024 13:20
50441.1,50476.6,50411.3,50462.15,21-11-2024 13:25
50463.95,50475.5,50432.1,50462,21-11-2024 13:30
50464.65,50479.25,50404.3,50409.65,21-11-2024 13:35
50409.8,50442.8,50396.25,50426.1,21-11-2024 13:40
50425.8,50433.7,50389,50411.3,21-11-2024 13:45
50409.8,50460.9,50403.65,50451.65,21-11-2024 13:50
50452.65,50464.4,50431.1,50446.9,21-11-2024 13:55
50445.15,50455.6,50401.1,50415,21-11-2024 14:00
50415.6,50431.55,50364.9,50415.45,21-11-2024 14:05
50414.75,50431.25,50394.25,50404,21-11-2024 14:10
50402.55,50419.55,50383.5,50410.05,21-11-2024 14:15
50408.85,50456.45,50396.4,50448.25,21-11-2024 14:20
50445.5,50470.55,50422.05,50437.4,21-11-2024 14:25
50437.25,50441.65,50347.9,50363.85,21-11-2024 14:30
50363.4,50369.2,50310.7,50324.7,21-11-2024 14:35
50327,50357.3,50287.9,50345.3,21-11-2024 14:40
50345.8,50349.9,50302.65,50322.25,21-11-2024 14:45
50324.4,50328.55,50290.65,50309.9,21-11-2024 14:50
50308.7,50314.75,50251.4,50280.45,21-11-2024 14:55
50283.6,50355.15,50249.55,50299.95,21-11-2024 15:00
50297.5,50387.15,50273.75,50364.05,21-11-2024 15:05
50366.55,50387.55,50339.65,50373.4,21-11-2024 15:10
50376.5,50448.7,50364.45,50410.95,21-11-2024 15:15
50409.65,50476.3,50409.1,50439.1,21-11-2024 15:20
50435.75,50470.05,50400.2,50448,21-11-2024 15:25
50512.8,50742.45,50508.25,50724.3,22-11-2024 09:15
50729.25,50869.9,50685.3,50865.6,22-11-2024 09:20
50863.3,50917.65,50814.3,50872.9,22-11-2024 09:25
50870.75,50964.1,50857.95,50862.35,22-11-2024 09:30
50866,50922.25,50729.6,50758.55,22-11-2024 09:35
50758.6,50885.9,50721.25,50817.35,22-11-2024 09:40
50816.4,50842.2,50729.1,50757.15,22-11-2024 09:45
50760.85,50763.9,50656.4,50715.15,22-11-2024 09:50
50718.5,50828.15,50707.1,50826.65,22-11-2024 09:55
50827.15,50909.8,50788.5,50893.5,22-11-2024 10:00
50901.8,50982.4,50891.75,50940.35,22-11-2024 10:05
50942.2,50954.8,50903.05,50913.7,22-11-2024 10:10
50913,50937.6,50882.65,50894.5,22-11-2024 10:15
50895.9,50900.3,50788.45,50804.9,22-11-2024 10:20
50805.1,50834.65,50757.6,50834,22-11-2024 10:25
50832.35,50862.7,50771,50780.6,22-11-2024 10:30
50782.25,50801.9,50751.6,50796.85,22-11-2024 10:35
50799.4,50812.3,50698.5,50742.2,22-11-2024 10:40
50742.8,50765.15,50608.7,50656.55,22-11-2024 10:45
50657.15,50748.55,50621.95,50743.45,22-11-2024 10:50
50744.85,50797.05,50722.25,50795.3,22-11-2024 10:55
50791.4,50825.65,50762.5,50785.7,22-11-2024 11:00
50787.45,50799.2,50727.85,50737.75,22-11-2024 11:05
50728.8,50753.7,50690.4,50739.6,22-11-2024 11:10
50733.65,50754.65,50689.65,50722.95,22-11-2024 11:15
50722.95,50734.35,50666.9,50684.2,22-11-2024 11:20
50683.9,50739.8,50662.45,50728.8,22-11-2024 11:25
50729.25,50748.2,50702.25,50739.9,22-11-2024 11:30
50743.95,50856.8,50739.3,50840.25,22-11-2024 11:35
50843.05,50871.05,50802.5,50834.95,22-11-2024 11:40
50835.75,50867.25,50827.9,50845,22-11-2024 11:45
50845.9,50927.95,50827.2,50924.7,22-11-2024 11:50
50922.5,50936.2,50874.3,50906.2,22-11-2024 11:55
50909.2,50929.65,50881.6,50928,22-11-2024 12:00
50929.05,51032.7,50913.55,50995.85,22-11-2024 12:05
51001.25,51009.3,50906.45,50951.8,22-11-2024 12:10
50951.3,50969.7,50916.55,50926.4,22-11-2024 12:15
50922.5,50970.35,50914.3,50935.4,22-11-2024 12:20
50940.15,50976.5,50938.15,50957.35,22-11-2024 12:25
50955.15,51014.85,50940.4,50981.35,22-11-2024 12:30
50981.95,51011.8,50942.55,50958.05,22-11-2024 12:35
50958.55,51026.25,50947.45,51002.85,22-11-2024 12:40
50997.35,51013.4,50961.1,50999.45,22-11-2024 12:45
50999.05,51014.65,50947.3,50969,22-11-2024 12:50
50968.95,50977.85,50932.55,50965.1,22-11-2024 12:55
50965.1,51049.15,50961.65,51021.05,22-11-2024 13:00
51020.5,51021.65,50959.85,50981.8,22-11-2024 13:05
50982.35,51030,50959.15,50987.85,22-11-2024 13:10
51000.3,51051,50975.7,51051,22-11-2024 13:15
51038.7,51045.8,50983.3,51032.35,22-11-2024 13:20
51025.75,51031.3,50957.4,50982.2,22-11-2024 13:25
50982.15,51009.05,50894.05,50937.7,22-11-2024 13:30
50937.45,50999.35,50933.05,50993.75,22-11-2024 13:35
50997.55,51008.35,50967.75,50998.4,22-11-2024 13:40
50998.6,51039,50992.05,51009.75,22-11-2024 13:45
51012.45,51072.95,51003.7,51038.9,22-11-2024 13:50
51041.25,51131.5,51030.6,51131.5,22-11-2024 13:55
51132.4,51233.3,51130,51229.1,22-11-2024 14:00
51228.55,51250.9,51182.95,51237.65,22-11-2024 14:05
51236.35,51240.55,51154,51162.45,22-11-2024 14:10
51166.45,51259.15,51134.9,51236.85,22-11-2024 14:15
51237.15,51271.5,51184.95,51222,22-11-2024 14:20
51223.65,51230.75,51127.1,51147.3,22-11-2024 14:25
51147.2,51165.35,51040.05,51157.55,22-11-2024 14:30
51155.2,51190.55,51113.9,51124.4,22-11-2024 14:35
51121.5,51121.5,51065.5,51103.4,22-11-2024 14:40
51105.1,51174.35,51056.3,51160.7,22-11-2024 14:45
51163.8,51252.5,51133.8,51241.55,22-11-2024 14:50
51238.7,51256.75,51167.7,51173.25,22-11-2024 14:55
51173.5,51190.95,51109.05,51147.4,22-11-2024 15:00
51148.8,51178.85,51131.25,51161.25,22-11-2024 15:05
51160.85,51174.1,51122.95,51141.1,22-11-2024 15:10
51141,51141.95,51043.55,51096.4,22-11-2024 15:15
51097.6,51151.7,51047.95,51137.5,22-11-2024 15:20
51140.85,51144.1,51070.25,51098.55,22-11-2024 15:25
52046.35,52176.6,51774.05,52166.1,25-11-2024 09:15
52166.25,52226.65,52064,52226.65,25-11-2024 09:20
52223.6,52232,52117,52159.8,25-11-2024 09:25
52163.9,52187.15,52092.25,52106.25,25-11-2024 09:30
52106.25,52210.75,52094.75,52192.05,25-11-2024 09:35
52188.9,52255.7,52163.45,52178.9,25-11-2024 09:40
52178.3,52182.8,52122.8,52142.35,25-11-2024 09:45
52143.3,52171.9,52089.25,52092.45,25-11-2024 09:50
52095.25,52155.6,52068.3,52144.35,25-11-2024 09:55
52140.2,52207.25,52137.2,52154.1,25-11-2024 10:00
52153.45,52166.9,52112.75,52115.75,25-11-2024 10:05
52116.4,52148.95,52108.25,52119.45,25-11-2024 10:10
52119.85,52205.75,52117,52178,25-11-2024 10:15
52175.6,52234.5,52175.6,52206.75,25-11-2024 10:20
52205.25,52222.6,52164.35,52194.6,25-11-2024 10:25
52195.05,52239,52189.35,52210.45,25-11-2024 10:30
52211.05,52226.45,52169.65,52184.95,25-11-2024 10:35
52184,52204.65,52174.35,52193.6,25-11-2024 10:40
52191.5,52213.45,52180.5,52202,25-11-2024 10:45
52203.95,52218.85,52193.6,52195.1,25-11-2024 10:50
52198.1,52201.4,52168.3,52186.6,25-11-2024 10:55
52187.1,52272.1,52186.55,52257.3,25-11-2024 11:00
52260.65,52286.8,52249.2,52252.95,25-11-2024 11:05
52253.35,52276.25,52226.25,52243.5,25-11-2024 11:10
52246.95,52264.65,52222.55,52264.2,25-11-2024 11:15
52267.8,52295.6,52261.7,52266,25-11-2024 11:20
52266,52268.15,52204.55,52231.65,25-11-2024 11:25
52234.9,52249.55,52216.6,52233.85,25-11-2024 11:30
52231,52231.2,52183.6,52200.55,25-11-2024 11:35
52204.25,52224.35,52195.7,52217.25,25-11-2024 11:40
52219.65,52225.45,52175.1,52197.8,25-11-2024 11:45
52197.3,52223.6,52172,52222.85,25-11-2024 11:50
52222.05,52236.25,52199.5,52201.5,25-11-2024 11:55
52202.5,52220.85,52183.45,52212.35,25-11-2024 12:00
52211.95,52241.85,52204.45,52224.35,25-11-2024 12:05
52224.7,52255.5,52221.45,52243.6,25-11-2024 12:10
52243.35,52249.85,52197.25,52201.7,25-11-2024 12:15
52203.15,52220.2,52190.7,52195.25,25-11-2024 12:20
52191.75,52213,52188.95,52192.7,25-11-2024 12:25
52193.75,52193.85,52174.5,52180.15,25-11-2024 12:30
52183.4,52199.45,52171.85,52193.4,25-11-2024 12:35
52192.55,52203,52160.8,52168,25-11-2024 12:40
52171.2,52171.7,52147.2,52153.05,25-11-2024 12:45
52152.35,52152.35,52092.25,52100,25-11-2024 12:50
52099.15,52102.5,52030.15,52030.15,25-11-2024 12:55
52028.55,52032.3,51967.5,51974.65,25-11-2024 13:00
51973.85,52002.6,51944.9,51955.45,25-11-2024 13:05
51959.2,52075.1,51949.95,52039.6,25-11-2024 13:10
52039.85,52088.05,52022.8,52025.35,25-11-2024 13:15
52024.85,52081.7,52014.8,52075.1,25-11-2024 13:20
52073.8,52116.85,52064.2,52083.9,25-11-2024 13:25
52084.55,52102.45,52054.95,52077.4,25-11-2024 13:30
52077.45,52077.9,52032.55,52040.1,25-11-2024 13:35
52043.8,52050.55,52014.95,52036.55,25-11-2024 13:40
52038.65,52066.9,52017.65,52046.8,25-11-2024 13:45
52048.5,52054.25,52023.95,52039.9,25-11-2024 13:50
52043.5,52043.5,51998.25,52011.35,25-11-2024 13:55
52009.5,52050.35,51986.4,52014.35,25-11-2024 14:00
52013.8,52058.35,52009.85,52041.3,25-11-2024 14:05
52042.1,52074.65,52029.4,52036.75,25-11-2024 14:10
52036.1,52054.85,52024.05,52044.15,25-11-2024 14:15
52044.1,52052.15,51998.25,52016.85,25-11-2024 14:20
52016.85,52052.05,52016.1,52040.9,25-11-2024 14:25
52042.4,52047.55,52007.9,52043.2,25-11-2024 14:30
52040.05,52096.7,52023.1,52072.65,25-11-2024 14:35
52072.75,52152.25,52072.75,52148.25,25-11-2024 14:40
52150.25,52167.45,52124.15,52136.1,25-11-2024 14:45
52135.45,52142,52094.85,52128.2,25-11-2024 14:50
52132.4,52134.2,52061.25,52113.05,25-11-2024 14:55
52109.4,52187.55,52106.8,52183.55,25-11-2024 15:00
52182.65,52232.1,52153,52231.45,25-11-2024 15:05
52230.1,52231,52175.75,52195.35,25-11-2024 15:10
52195.05,52216.65,52186.4,52207.95,25-11-2024 15:15
52207.95,52281.15,52204.2,52279.3,25-11-2024 15:20
52279.2,52331.1,52159.3,52199.4,25-11-2024 15:25
52554.9,52555.5,52250.15,52314.7,26-11-2024 09:15
52322.85,52359.65,52293.6,52311.45,26-11-2024 09:20
52310.65,52319.5,52245.95,52294.25,26-11-2024 09:25
52296.35,52367,52286.65,52351.1,26-11-2024 09:30
52350.75,52386.1,52302.05,52339.25,26-11-2024 09:35
52340.05,52347.65,52271,52290.35,26-11-2024 09:40
52290.6,52294.6,52173.35,52173.35,26-11-2024 09:45
52176.55,52247.6,52176.55,52185.45,26-11-2024 09:50
52183.75,52218.3,52118.5,52136.3,26-11-2024 09:55
52132.05,52267.55,52129.15,52231.55,26-11-2024 10:00
52233.2,52260.2,52203.55,52251.8,26-11-2024 10:05
52251.35,52288.15,52225.5,52240.5,26-11-2024 10:10
52237.1,52237.1,52043.7,52043.7,26-11-2024 10:15
52041.8,52077,51999.75,52011.1,26-11-2024 10:20
52012.75,52106.3,52012.75,52081.45,26-11-2024 10:25
52083.15,52119,52047.95,52063.45,26-11-2024 10:30
52064.15,52118.4,52043.7,52107.9,26-11-2024 10:35
52106,52113.5,52057.7,52096.15,26-11-2024 10:40
52091.7,52130.85,52080.45,52082.4,26-11-2024 10:45
52082,52143.25,52073.45,52132.85,26-11-2024 10:50
52133.25,52143,52097.7,52119.9,26-11-2024 10:55
52120.75,52147.6,52102.7,52147.6,26-11-2024 11:00
52140.35,52147.95,52084.1,52105.25,26-11-2024 11:05
52102.4,52123.35,52080.95,52085.65,26-11-2024 11:10
52087.15,52093.55,52055.15,52065.8,26-11-2024 11:15
52062.3,52093.35,52056.4,52093,26-11-2024 11:20
52090,52114.4,52083.6,52110,26-11-2024 11:25
52109.7,52142.3,52061.65,52118.65,26-11-2024 11:30
52119.3,52141.65,52113.6,52135.55,26-11-2024 11:35
52138.75,52170.35,52124.55,52130.1,26-11-2024 11:40
52130.1,52141.3,52118.95,52127.65,26-11-2024 11:45
52129.55,52152.15,52123.6,52127,26-11-2024 11:50
52126.5,52146.4,52115.15,52134.05,26-11-2024 11:55
52135.35,52143.9,52120.1,52133.95,26-11-2024 12:00
52135.8,52141.45,52096.1,52106.85,26-11-2024 12:05
52109.05,52123.35,52094.5,52113.5,26-11-2024 12:10
52114.7,52125.05,52092.7,52099.8,26-11-2024 12:15
52098.55,52111.7,52075.75,52101.4,26-11-2024 12:20
52102.15,52115,52083.85,52096.75,26-11-2024 12:25
52091.95,52118.85,52083.8,52097.95,26-11-2024 12:30
52091.7,52118.35,52089.55,52109.05,26-11-2024 12:35
52097.15,52129.1,52089.95,52119.65,26-11-2024 12:40
52104.9,52144.65,52104.9,52136.4,26-11-2024 12:45
52130.3,52155.65,52117.55,52129.55,26-11-2024 12:50
52123.65,52163.45,52117.35,52132.15,26-11-2024 12:55
52133.05,52140.55,52111.55,52127.25,26-11-2024 13:00
52126.55,52129.05,52090.15,52097,26-11-2024 13:05
52098.2,52115.05,52084.7,52094.6,26-11-2024 13:10
52098.2,52121.1,52086.95,52118.65,26-11-2024 13:15
52115.4,52137.95,52106.7,52121.4,26-11-2024 13:20
52122.05,52124.65,52089.9,52097.15,26-11-2024 13:25
52093,52121.25,52086.05,52112.75,26-11-2024 13:30
52117.3,52129.8,52069.05,52096.55,26-11-2024 13:35
52092.3,52109.6,52077.8,52084.85,26-11-2024 13:40
52079.6,52115.65,52079.6,52107.4,26-11-2024 13:45
52106.35,52113.65,52084.7,52096.35,26-11-2024 13:50
52096.2,52135.45,52093.15,52132.3,26-11-2024 13:55
52125.75,52158.05,52100.8,52154.55,26-11-2024 14:00
52149.75,52163.45,52100.25,52132.3,26-11-2024 14:05
52128.25,52145.05,52112,52116.15,26-11-2024 14:10
52116.1,52142.55,52111.25,52141.65,26-11-2024 14:15
52135.1,52153.8,52122.25,52153.8,26-11-2024 14:20
52152.95,52159.75,52125.3,52129.1,26-11-2024 14:25
52129.1,52152.35,52121.55,52148.65,26-11-2024 14:30
52147.4,52165.35,52142.2,52157.85,26-11-2024 14:35
52157.9,52183.25,52150.8,52166.25,26-11-2024 14:40
52165.2,52174,52144.75,52152.7,26-11-2024 14:45
52153.2,52189.6,52144.05,52188.85,26-11-2024 14:50
52185.2,52231.45,52178.8,52206.2,26-11-2024 14:55
52209.2,52231.85,52162.15,52177.35,26-11-2024 15:00
52178.8,52202.25,52138.3,52186.45,26-11-2024 15:05
52195.2,52223.5,52174.4,52212.6,26-11-2024 15:10
52215.15,52231.2,52186.75,52187.25,26-11-2024 15:15
52188.9,52220.65,52177.1,52187.9,26-11-2024 15:20
52188.35,52202.95,52158.95,52178.5,26-11-2024 15:25
52154.3,52295.75,52071.95,52194.95,27-11-2024 09:15
52201.7,52289.35,52185.95,52198.95,27-11-2024 09:20
52195.75,52214.65,52106.35,52106.6,27-11-2024 09:25
52101.4,52157.3,52092.65,52092.8,27-11-2024 09:30
52093.35,52133.3,52059,52073.75,27-11-2024 09:35
52072.2,52084.8,52019.65,52078.1,27-11-2024 09:40
52079.35,52129.45,52079.3,52093.05,27-11-2024 09:45
52095.4,52182.2,52092.35,52168.45,27-11-2024 09:50
52166.45,52171.55,52089.15,52093.05,27-11-2024 09:55
52092.2,52105.1,52060.8,52096.25,27-11-2024 10:00
52095.15,52118.55,52074.95,52077.65,27-11-2024 10:05
52078.7,52129.55,52052.45,52125.7,27-11-2024 10:10
52125.9,52146.95,52114.05,52131.85,27-11-2024 10:15
52129.85,52137.25,52060.3,52060.9,27-11-2024 10:20
52061.35,52089.55,52034.55,52063.85,27-11-2024 10:25
52062.9,52094.4,52052.6,52071.1,27-11-2024 10:30
52070.6,52111.15,52060.2,52088.15,27-11-2024 10:35
52091.7,52127.35,52088.2,52114.7,27-11-2024 10:40
52115.65,52122.8,52082.75,52086.1,27-11-2024 10:45
52086.2,52095.9,52069.2,52086.3,27-11-2024 10:50
52088.15,52136,52088.15,52136,27-11-2024 10:55
52135.5,52146.95,52117.3,52146.95,27-11-2024 11:00
52144.1,52188.9,52135.2,52176.6,27-11-2024 11:05
52177.35,52180.4,52134.7,52137.45,27-11-2024 11:10
52136.35,52169.7,52131.65,52154.8,27-11-2024 11:15
52155.5,52173.1,52140.3,52143.1,27-11-2024 11:20
52143.4,52171.65,52129.75,52160.3,27-11-2024 11:25
52157.45,52167.65,52126.55,52136.35,27-11-2024 11:30
52135.15,52166.1,52134.2,52162.85,27-11-2024 11:35
52164.8,52177.45,52151.15,52155.4,27-11-2024 11:40
52155.6,52167.05,52119.4,52137,27-11-2024 11:45
52134.9,52149.65,52112.2,52147.05,27-11-2024 11:50
52146.5,52259.3,52121.15,52258.45,27-11-2024 11:55
52259.8,52392.15,52201.4,52201.4,27-11-2024 12:00
52201.15,52334.4,52196.9,52334.15,27-11-2024 12:05
52336.45,52378.1,52314.6,52331.45,27-11-2024 12:10
52331.05,52408.5,52319.1,52372.4,27-11-2024 12:15
52379.55,52427.2,52364.15,52377.75,27-11-2024 12:20
52376.6,52412.8,52359.3,52394.7,27-11-2024 12:25
52392.4,52438.75,52389.45,52411.35,27-11-2024 12:30
52419.55,52444.35,52394.2,52438.6,27-11-2024 12:35
52436.45,52436.45,52396.15,52408.35,27-11-2024 12:40
52408.1,52434.25,52399.85,52431.2,27-11-2024 12:45
52432.65,52442.8,52391.6,52402.1,27-11-2024 12:50
52399.35,52419.25,52390.15,52412.65,27-11-2024 12:55
52412.55,52430.1,52379.9,52383.7,27-11-2024 13:00
52388.95,52416.35,52386.65,52402.8,27-11-2024 13:05
52402.95,52413.4,52381.8,52390.65,27-11-2024 13:10
52386.15,52400.65,52380.15,52388,27-11-2024 13:15
52388.9,52403.6,52376.7,52380.7,27-11-2024 13:20
52379.45,52418.45,52379.15,52390.75,27-11-2024 13:25
52384.4,52393.25,52353.05,52353.8,27-11-2024 13:30
52354.15,52403.15,52352.4,52388.15,27-11-2024 13:35
52388.95,52394.7,52372.3,52379.8,27-11-2024 13:40
52379.6,52398.75,52365.65,52377.7,27-11-2024 13:45
52381.05,52392.1,52369.45,52373.35,27-11-2024 13:50
52372.3,52388.7,52349.1,52368.8,27-11-2024 13:55
52364.45,52372.2,52327.25,52360.95,27-11-2024 14:00
52357.6,52380.75,52341.4,52362.35,27-11-2024 14:05
52362,52369.2,52324.45,52330.25,27-11-2024 14:10
52333.05,52355.15,52324.65,52350.6,27-11-2024 14:15
52348.6,52358.9,52328.5,52345.4,27-11-2024 14:20
52344.2,52375.25,52342.65,52363,27-11-2024 14:25
52358.3,52384.75,52357.5,52380.8,27-11-2024 14:30
52376.2,52388,52356.6,52365.55,27-11-2024 14:35
52363.7,52377.7,52315.8,52335.6,27-11-2024 14:40
52337.6,52351.9,52317.85,52325.55,27-11-2024 14:45
52323.85,52335.9,52303.8,52331.5,27-11-2024 14:50
52330.05,52342.8,52308.05,52325.3,27-11-2024 14:55
52325.75,52342.15,52265.9,52306.2,27-11-2024 15:00
52305,52351.1,52285.05,52295.5,27-11-2024 15:05
52294.5,52348.95,52292.6,52302,27-11-2024 15:10
52300.3,52305.55,52271.3,52285.25,27-11-2024 15:15
52281.35,52314.35,52279.1,52311.7,27-11-2024 15:20
52308.2,52317.95,52288.85,52302.55,27-11-2024 15:25
52389.95,52457.2,52364.3,52452.55,28-11-2024 09:15
52458.75,52540,52441.25,52467.1,28-11-2024 09:20
52466.65,52505.7,52443.4,52482.3,28-11-2024 09:25
52478,52510.2,52453.55,52501.95,28-11-2024 09:30
52505.5,52532.15,52486.9,52519.85,28-11-2024 09:35
52520.5,52540.7,52474.5,52496.45,28-11-2024 09:40
52496.2,52563,52488.25,52551.15,28-11-2024 09:45
52552.35,52665.65,52546.7,52649.85,28-11-2024 09:50
52648.2,52692.05,52643.5,52689.3,28-11-2024 09:55
52689.4,52760.05,52684.2,52724.05,28-11-2024 10:00
52720.7,52737.55,52674.9,52735.85,28-11-2024 10:05
52734.95,52760.2,52698.85,52706.85,28-11-2024 10:10
52706.55,52718.2,52645,52647.45,28-11-2024 10:15
52653.55,52661.6,52608.2,52630.25,28-11-2024 10:20
52625.1,52637.05,52544,52554.8,28-11-2024 10:25
52550.7,52563.9,52393.25,52440.7,28-11-2024 10:30
52441.55,52448.05,52220.75,52306.15,28-11-2024 10:35
52303.35,52314.35,52151.4,52239.1,28-11-2024 10:40
52237.85,52254.5,52117.9,52152.85,28-11-2024 10:45
52150.35,52220.6,52145.6,52177.2,28-11-2024 10:50
52176.5,52227.3,52127.9,52220.55,28-11-2024 10:55
52221.85,52284.6,52188.85,52189.5,28-11-2024 11:00
52190.3,52214.55,52150.6,52157.7,28-11-2024 11:05
52152.75,52181,52135.15,52168.85,28-11-2024 11:10
52169.25,52183.6,52038.8,52078,28-11-2024 11:15
52077,52093.45,52022.7,52037,28-11-2024 11:20
52037.15,52082.5,52025.95,52082.5,28-11-2024 11:25
52082.8,52112.4,52069.45,52100.05,28-11-2024 11:30
52099.4,52113.4,52070.6,52108.1,28-11-2024 11:35
52111.05,52140.45,52093.2,52138.9,28-11-2024 11:40
52136.9,52230.35,52128.75,52230.35,28-11-2024 11:45
52228.6,52248.75,52162.5,52173.6,28-11-2024 11:50
52173.25,52174.55,52089.15,52091,28-11-2024 11:55
52092.45,52130.5,52076.65,52119.3,28-11-2024 12:00
52113.45,52189.35,52110.6,52181,28-11-2024 12:05
52179.15,52184,52132.05,52153.55,28-11-2024 12:10
52154.1,52160.65,52129.25,52148.8,28-11-2024 12:15
52148.4,52173.2,52139.15,52163.75,28-11-2024 12:20
52163.55,52224.55,52155.15,52219.75,28-11-2024 12:25
52220.5,52220.5,52125.4,52131.6,28-11-2024 12:30
52132.65,52133.2,52020.35,52054.45,28-11-2024 12:35
52052.35,52090.35,52025.85,52085.75,28-11-2024 12:40
52087.1,52087.1,52021.45,52046.6,28-11-2024 12:45
52046.9,52066.75,52023.25,52066.75,28-11-2024 12:50
52058.45,52075,52026.55,52035.65,28-11-2024 12:55
52027.05,52031.85,51942.85,51951.8,28-11-2024 13:00
51946.85,51979.6,51911.35,51943.05,28-11-2024 13:05
51945.35,51957.85,51908.3,51927.7,28-11-2024 13:10
51924.45,51942.5,51865.1,51882.25,28-11-2024 13:15
51882.15,51967.35,51879.3,51939.05,28-11-2024 13:20
51937.65,52024.6,51933.3,52008.4,28-11-2024 13:25
52010.05,52052.9,51995.25,52038.8,28-11-2024 13:30
52044,52044,51988.55,52013.2,28-11-2024 13:35
52011.9,52015.8,51958.55,51961.05,28-11-2024 13:40
51962.5,51988.85,51942.45,51959,28-11-2024 13:45
51957.35,51965.55,51933.2,51949.65,28-11-2024 13:50
51952.6,52084.15,51943.4,52072.2,28-11-2024 13:55
52070.95,52071.65,52023.1,52053.25,28-11-2024 14:00
52055,52117.4,52026.6,52030.9,28-11-2024 14:05
52035.5,52041.95,51782.9,51908.55,28-11-2024 14:10
51906.3,51906.3,51824.7,51866.7,28-11-2024 14:15
51862.95,51877.25,51821.6,51846.65,28-11-2024 14:20
51840.1,51992.35,51838.4,51931.05,28-11-2024 14:25
51931.35,52005.65,51903.9,51943.35,28-11-2024 14:30
51940.35,51940.55,51863.5,51871.15,28-11-2024 14:35
51869.9,51917.85,51827.4,51900.1,28-11-2024 14:40
51899.8,51919.9,51867.1,51902.5,28-11-2024 14:45
51892.9,51956.35,51891.85,51914.4,28-11-2024 14:50
51915.65,51951.1,51875.35,51905.4,28-11-2024 14:55
51902.2,51907.05,51849.95,51888.15,28-11-2024 15:00
51887.9,51890.05,51853.45,51872.25,28-11-2024 15:05
51874.2,51918.9,51865.9,51912.85,28-11-2024 15:10
51913.85,51944.4,51912.35,51942.95,28-11-2024 15:15
51944.35,51946.7,51914,51944.9,28-11-2024 15:20
51946.4,51987.95,51935.15,51983.4,28-11-2024 15:25
51984.15,52089.45,51982.85,52019.95,29-11-2024 09:15
52011.9,52083.4,51988.4,52032.4,29-11-2024 09:20
52030.35,52138.1,52002.95,52131.1,29-11-2024 09:25
52130.65,52170.9,52086.1,52155.25,29-11-2024 09:30
52151.65,52154.05,52083.15,52129.15,29-11-2024 09:35
52129.95,52131.4,52051.15,52056.25,29-11-2024 09:40
52054.7,52098.4,52044.05,52080.65,29-11-2024 09:45
52082.6,52118.15,52057.9,52095.15,29-11-2024 09:50
52095.6,52101.9,52020.45,52101.9,29-11-2024 09:55
52102.55,52120.15,52043.35,52057.1,29-11-2024 10:00
52055.2,52063.75,51912.1,51974.75,29-11-2024 10:05
51971.05,51971.05,51824.5,51824.5,29-11-2024 10:10
51824.9,51858.45,51778.6,51808.2,29-11-2024 10:15
51806.75,51844.8,51785.6,51808.95,29-11-2024 10:20
51808.3,51942.85,51780.5,51886.85,29-11-2024 10:25
51885.85,52052.2,51857.55,52021,29-11-2024 10:30
52020.65,52085.8,51997.7,52045.6,29-11-2024 10:35
52045.2,52078.6,51973.85,51973.85,29-11-2024 10:40
51972.35,52052.95,51968.45,52031.95,29-11-2024 10:45
52030.45,52071.7,51999.8,52009.25,29-11-2024 10:50
52007.35,52051.2,51979.35,52031.45,29-11-2024 10:55
52038.75,52058.2,52019.3,52043.45,29-11-2024 11:00
52043.85,52043.85,51977.3,51997.15,29-11-2024 11:05
51992.65,51994.45,51939.15,51969.4,29-11-2024 11:10
51975.8,51992.85,51951.8,51957.95,29-11-2024 11:15
51953.1,51997.1,51942.5,51989.55,29-11-2024 11:20
51989.25,52012.75,51975.55,51975.55,29-11-2024 11:25
51978.75,51990.2,51937.2,51943.15,29-11-2024 11:30
51938.85,51943.55,51869.5,51881.4,29-11-2024 11:35
51883.3,51905.85,51862.65,51891.8,29-11-2024 11:40
51891.25,51895.8,51846.6,51852.95,29-11-2024 11:45
51853.45,51858.15,51800.8,51812.3,29-11-2024 11:50
51816.75,51831.05,51792.3,51796.1,29-11-2024 11:55
51794.9,51820.2,51759.45,51795.75,29-11-2024 12:00
51794,51861.3,51789.45,51854.2,29-11-2024 12:05
51853.7,51895.9,51844.85,51889.6,29-11-2024 12:10
51889,51893.8,51837.2,51856.65,29-11-2024 12:15
51848.35,51858.6,51811.6,51830.7,29-11-2024 12:20
51830.05,51880.95,51822.2,51873.85,29-11-2024 12:25
51873,51912.55,51846.9,51912.55,29-11-2024 12:30
51914.5,51926.5,51866.6,51876.75,29-11-2024 12:35
51875.95,51880.75,51844.25,51855.05,29-11-2024 12:40
51854.8,51855.6,51816.4,51835.65,29-11-2024 12:45
51834.5,51857.9,51820.55,51844.75,29-11-2024 12:50
51843.7,51914.2,51839.85,51910.1,29-11-2024 12:55
51909.95,51926.5,51852.95,51862.6,29-11-2024 13:00
51860.6,51883.3,51853.95,51870.85,29-11-2024 13:05
51869,51898,51861.9,51884.8,29-11-2024 13:10
51885.05,51905.7,51868.4,51904.75,29-11-2024 13:15
51904.8,51952.3,51894.35,51952.3,29-11-2024 13:20
51948.45,51972.85,51922,51932,29-11-2024 13:25
51930.75,51982.05,51915.5,51968.5,29-11-2024 13:30
51967.7,51989.35,51962.8,51978.6,29-11-2024 13:35
51982.2,51995.35,51957.8,51970.05,29-11-2024 13:40
51971.55,51985.1,51942.55,51959.55,29-11-2024 13:45
51959.85,51977.3,51942.75,51971.15,29-11-2024 13:50
51971.1,52054.35,51960.15,52040.9,29-11-2024 13:55
52042.55,52071.75,52012.75,52044.85,29-11-2024 14:00
52042.7,52056.5,52010.35,52039.35,29-11-2024 14:05
52038.25,52044.75,51970.8,51977.55,29-11-2024 14:10
51977.15,52000.6,51951.25,51985.6,29-11-2024 14:15
51985.8,52042.05,51974.2,52039,29-11-2024 14:20
52038.8,52052.95,52021.85,52039.25,29-11-2024 14:25
52037.65,52067.25,52029.3,52058,29-11-2024 14:30
52056.25,52076.3,52028.75,52068.95,29-11-2024 14:35
52074.2,52122.55,52059.25,52064.45,29-11-2024 14:40
52074.2,52122.55,52059.25,52064.45,29-11-2024 14:40
52067.35,52068.95,52028.2,52037.65,29-11-2024 14:45
52036.85,52063.1,52016.7,52034.1,29-11-2024 14:50
52033.95,52063.2,52011.5,52058.8,29-11-2024 14:55
52058.35,52112.65,52032.2,52080.45,29-11-2024 15:00
52089.65,52104.6,52054.4,52090.6,29-11-2024 15:05
52089.8,52091.1,52017.25,52044,29-11-2024 15:10
52044.95,52095.25,52039.5,52066.25,29-11-2024 15:15
52044.95,52095.25,52039.5,52066.25,29-11-2024 15:15
52066.4,52069.2,52039.25,52043,29-11-2024 15:20
52048.1,52049.15,51998.05,52023.85,29-11-2024 15:25
52087.65,52119,51795.65,51824.35,02-12-2024 09:15
51822.85,51859.6,51771.8,51786.95,02-12-2024 09:20
51787.4,51795.2,51693.95,51756.75,02-12-2024 09:25
51756.85,51878.35,51749.85,51874.55,02-12-2024 09:30
51873.35,51947.85,51855,51921.15,02-12-2024 09:35
51873.35,51947.85,51855,51921.15,02-12-2024 09:35
51920.05,51953.55,51821.85,51866.95,02-12-2024 09:40
51868.3,51921.15,51847.7,51853.5,02-12-2024 09:45
51853.1,51870.35,51806.65,51819.8,02-12-2024 09:50
51815.9,51932.7,51815.9,51925.75,02-12-2024 09:55
51924.95,51942.2,51861.25,51884.4,02-12-2024 10:00
51888.1,51901,51826.35,51830.3,02-12-2024 10:05
51827.25,51832.1,51742.05,51807.25,02-12-2024 10:10
51827.25,51832.1,51742.05,51807.25,02-12-2024 10:10
51805.35,51927.35,51802.6,51888.3,02-12-2024 10:15
51892.9,51903.4,51858.7,51875.3,02-12-2024 10:20
51876.05,51893,51843.9,51892.5,02-12-2024 10:25
51892.45,51910.9,51845.8,51869.9,02-12-2024 10:30
51868.4,51868.6,51797.2,51802.25,02-12-2024 10:35
51804.2,51828.3,51736.7,51787.85,02-12-2024 10:40
51789.15,51797.05,51760.4,51787.95,02-12-2024 10:45
51789.15,51797.05,51760.4,51787.95,02-12-2024 10:45
51786.65,51811.95,51752.7,51769.85,02-12-2024 10:50
51769.75,51795.75,51749.5,51777.55,02-12-2024 10:55
51776.1,51804,51770.5,51797.75,02-12-2024 11:00
51798.3,51830.2,51772.35,51809.45,02-12-2024 11:05
51813,51824.7,51783.35,51822.05,02-12-2024 11:10
51822.9,51857.5,51811.4,51847.2,02-12-2024 11:15
51846.65,51862.35,51821.15,51832.35,02-12-2024 11:20
51846.65,51862.35,51821.15,51832.35,02-12-2024 11:20
51832.05,51866.8,51818.6,51844.2,02-12-2024 11:25
51845.95,51867.35,51837.6,51843.7,02-12-2024 11:30
51843.25,51843.25,51805.9,51812.85,02-12-2024 11:35
51813.85,51855.95,51808.9,51853.05,02-12-2024 11:40
51852.6,51880.35,51804.15,51809.55,02-12-2024 11:45
51808.7,51811.15,51774.15,51786.1,02-12-2024 11:50
51784.1,51818.75,51770.05,51804.75,02-12-2024 11:55
51784.1,51818.75,51770.05,51804.75,02-12-2024 11:55
51804.8,51816,51777.35,51793.1,02-12-2024 12:00
51798.4,51814.3,51776.35,51809.5,02-12-2024 12:05
51811.6,51822.1,51785.35,51794.45,02-12-2024 12:10
51796.95,51819.55,51789.85,51811.5,02-12-2024 12:15
51810.95,51840,51802.05,51831.85,02-12-2024 12:20
51830.65,51904.65,51808.35,51900.3,02-12-2024 12:25
51899.3,51908.85,51872.1,51880.65,02-12-2024 12:30
51899.3,51908.85,51872.1,51880.65,02-12-2024 12:30
51883.2,51897.3,51842.5,51863.35,02-12-2024 12:35
51862.55,51873.15,51827.6,51839.1,02-12-2024 12:40
51840.9,51874.8,51828.55,51867.25,02-12-2024 12:45
51868.9,51868.9,51815.6,51845.2,02-12-2024 12:50
51845.9,51869.05,51828,51861.3,02-12-2024 12:55
51860.05,51868.9,51837.05,51855.65,02-12-2024 13:00
51853.1,51890.05,51836.1,51865.85,02-12-2024 13:05
51853.1,51890.05,51836.1,51865.85,02-12-2024 13:05
51863.25,51872.3,51830.25,51846.4,02-12-2024 13:10
51846.35,51853.25,51826,51829.25,02-12-2024 13:15
51829,51848.4,51806.8,51843,02-12-2024 13:20
51842.8,51850.75,51808,51816.9,02-12-2024 13:25
51817.35,51827.9,51796.7,51811.55,02-12-2024 13:30
51812.2,51836.8,51809.85,51828.2,02-12-2024 13:35
51828.2,51845.55,51816.2,51844,02-12-2024 13:40
51828.2,51845.55,51816.2,51844,02-12-2024 13:40
51843.4,51853.35,51813.95,51832.1,02-12-2024 13:45
51832.15,51836.7,51805,51831,02-12-2024 13:50
51830.7,51946.9,51829.15,51938.8,02-12-2024 13:55
51939.1,51984.65,51928.7,51984.05,02-12-2024 14:00
51983.65,52011,51963.05,51974,02-12-2024 14:05
51973.6,52007.2,51953.15,52005.9,02-12-2024 14:10
52004.65,52080.65,51999.35,52062.45,02-12-2024 14:15
52004.65,52080.65,51999.35,52062.45,02-12-2024 14:15
52063.3,52075.4,52046.4,52068.5,02-12-2024 14:20
52068.6,52095.7,52053.15,52077.15,02-12-2024 14:25
52079.75,52159,52071.7,52149.7,02-12-2024 14:30
52149.5,52166.6,52124.1,52137.95,02-12-2024 14:35
52136.95,52197.25,52134.4,52179.3,02-12-2024 14:40
52179.45,52194.75,52134.9,52143.7,02-12-2024 14:45
52141.9,52173.2,52066.35,52070.9,02-12-2024 14:50
52141.9,52173.2,52066.35,52070.9,02-12-2024 14:50
52071,52096.75,52065.9,52094.25,02-12-2024 14:55
52095,52148.95,52071.3,52124.1,02-12-2024 15:00
52124.35,52148.8,52097.55,52142.45,02-12-2024 15:05
52144,52161.55,52107.85,52118.95,02-12-2024 15:10
52118.7,52123.7,52070.9,52073.3,02-12-2024 15:15
52071.75,52099.1,52045.55,52092.1,02-12-2024 15:20
52094.95,52118.35,52071.6,52118.35,02-12-2024 15:25
52094.95,52118.35,52071.6,52118.35,02-12-2024 15:25
52357.95,52416.3,52216.85,52378.35,03-12-2024 09:15
52376.5,52391.2,52329.45,52366.2,03-12-2024 09:20
52366.95,52427.35,52353.55,52420.6,03-12-2024 09:25
52419.8,52460.95,52381.6,52442.7,03-12-2024 09:30
52440.8,52467.85,52415.75,52462.4,03-12-2024 09:35
52463.2,52487.25,52436.5,52472.35,03-12-2024 09:40
52471.5,52490.75,52424.5,52490.75,03-12-2024 09:45
52471.5,52490.75,52424.5,52490.75,03-12-2024 09:45
52484.45,52513.4,52462.2,52494.3,03-12-2024 09:50
52492.75,52524.3,52469.8,52518.05,03-12-2024 09:55
52515.45,52538.15,52472.1,52476.45,03-12-2024 10:00
52477.05,52502.2,52452.8,52501.25,03-12-2024 10:05
52499.7,52533.6,52495.55,52515.2,03-12-2024 10:10
52517.65,52608.85,52512.3,52603.85,03-12-2024 10:15
52601.45,52644.8,52589.7,52593.9,03-12-2024 10:20
52601.45,52644.8,52589.7,52593.9,03-12-2024 10:20
52589.2,52631.9,52575.6,52625.8,03-12-2024 10:25
52627.35,52643.1,52596.95,52597,03-12-2024 10:30
52598.55,52633.05,52595.05,52622.15,03-12-2024 10:35
52622.15,52658.85,52622.15,52654,03-12-2024 10:40
52654.5,52680.15,52621.55,52628,03-12-2024 10:45
52627.8,52634.65,52587.95,52622.2,03-12-2024 10:50
52617,52662.95,52613.15,52656.15,03-12-2024 10:55
52617,52662.95,52613.15,52656.15,03-12-2024 10:55
52653.15,52709.25,52653.15,52684.65,03-12-2024 11:00
52684.75,52703.85,52681.45,52686.4,03-12-2024 11:05
52685.35,52685.45,52666.45,52681.75,03-12-2024 11:10
52679.05,52729.45,52677.6,52723.8,03-12-2024 11:15
52725.85,52748.1,52718.65,52728.55,03-12-2024 11:20
52728.85,52733.45,52686.25,52696.9,03-12-2024 11:25
52692.75,52733.8,52692.75,52710.55,03-12-2024 11:30
52692.75,52733.8,52692.75,52710.55,03-12-2024 11:30
52715.4,52721.9,52655.95,52667.7,03-12-2024 11:35
52666.7,52686.95,52653.65,52668.55,03-12-2024 11:40
52666.65,52692.95,52652.05,52656.35,03-12-2024 11:45
52656.35,52661.55,52608.95,52611.7,03-12-2024 11:50
52611.75,52670.3,52608.25,52659.5,03-12-2024 11:55
52661.75,52681.6,52640.75,52647.8,03-12-2024 12:00
52647.1,52647.1,52615.9,52626.7,03-12-2024 12:05
52647.1,52647.1,52615.9,52626.7,03-12-2024 12:05
52624.15,52641.35,52599.65,52635.8,03-12-2024 12:10
52634.2,52658.55,52619.65,52622.35,03-12-2024 12:15
52625.75,52625.75,52574.45,52585.9,03-12-2024 12:20
52583.55,52628.3,52563.2,52620.5,03-12-2024 12:25
52621.7,52663.05,52618.6,52640.5,03-12-2024 12:30
52641.9,52680.35,52636.75,52676.95,03-12-2024 12:35
52676.9,52697.1,52650.8,52695.5,03-12-2024 12:40
52676.9,52697.1,52650.8,52695.5,03-12-2024 12:40
52692.55,52698.5,52646.7,52650.25,03-12-2024 12:45
52649.5,52684.2,52641.1,52682.9,03-12-2024 12:50
52679.8,52686.2,52645.35,52648.35,03-12-2024 12:55
52650.7,52658,52640.2,52650.95,03-12-2024 13:00
52649.25,52667.95,52648.65,52659.5,03-12-2024 13:05
52658,52660.65,52639.1,52651.8,03-12-2024 13:10
52650.75,52668.8,52615.7,52661.3,03-12-2024 13:15
52650.75,52668.8,52615.7,52661.3,03-12-2024 13:15
52663.05,52665.95,52651.05,52662.3,03-12-2024 13:20
52658.7,52684.2,52650.75,52661.5,03-12-2024 13:25
52655.25,52708.85,52651.2,52696.45,03-12-2024 13:30
52696.45,52705.6,52676.8,52695.75,03-12-2024 13:35
52698.35,52714.45,52663.6,52679.05,03-12-2024 13:40
52676.95,52700.55,52665.05,52688.45,03-12-2024 13:45
52689.3,52702.45,52676.95,52701.25,03-12-2024 13:50
52689.3,52702.45,52676.95,52701.25,03-12-2024 13:50
52700.3,52720.4,52691.65,52699.85,03-12-2024 13:55
52698.25,52733.05,52697.2,52712.05,03-12-2024 14:00
52710.65,52720.65,52672.35,52710.8,03-12-2024 14:05
52710.95,52732.7,52701.45,52706.25,03-12-2024 14:10
52706.5,52749.1,52705.3,52741.1,03-12-2024 14:15
52740.45,52766.75,52731.7,52754.85,03-12-2024 14:20
52755.75,52762.45,52736.55,52759.35,03-12-2024 14:25
52755.75,52762.45,52736.55,52759.35,03-12-2024 14:25
52758.8,52780.9,52746.75,52753.35,03-12-2024 14:30
52751.5,52752.05,52704.2,52729.5,03-12-2024 14:35
52731.75,52772.85,52727.85,52749.1,03-12-2024 14:40
52750.75,52754.95,52728.05,52743,03-12-2024 14:45
52743.6,52765.9,52730.5,52748.75,03-12-2024 14:50
52749.25,52749.25,52712.3,52731.4,03-12-2024 14:55
52728.2,52751.35,52714.4,52721.45,03-12-2024 15:00
52728.2,52751.35,52714.4,52721.45,03-12-2024 15:00
52721.6,52721.95,52668.5,52679.65,03-12-2024 15:05
52686,52698.5,52655.25,52684.8,03-12-2024 15:10
52685.1,52710.35,52669.4,52683.4,03-12-2024 15:15
52683.5,52704.8,52667.55,52683.1,03-12-2024 15:20
52681.3,52720.55,52661.15,52661.15,03-12-2024 15:25
52775,52812.5,52707.8,52730.25,04-12-2024 09:15
52729.55,52756.9,52685.15,52734.2,04-12-2024 09:20
52729.55,52756.9,52685.15,52734.2,04-12-2024 09:20
52734.15,52795.15,52721.55,52786.7,04-12-2024 09:25
52786.6,52877.95,52770.3,52877.95,04-12-2024 09:30
52877.2,52905.25,52849.95,52886.2,04-12-2024 09:35
52887.05,52966.45,52876.15,52961.45,04-12-2024 09:40
52960.7,52991.5,52943.1,52974.65,04-12-2024 09:45
52976.9,53041.9,52964.75,53025.7,04-12-2024 09:50
53015.3,53025.85,52962.55,52962.55,04-12-2024 09:55
53015.3,53025.85,52962.55,52962.55,04-12-2024 09:55
52962.6,53012.85,52961.1,53010.4,04-12-2024 10:00
53011.15,53056.5,53004.4,53038.15,04-12-2024 10:05
53040.5,53075.75,53008.3,53031.8,04-12-2024 10:10
53031.8,53045.25,53013.7,53019.6,04-12-2024 10:15
53019.05,53020.35,52927.85,52986,04-12-2024 10:20
52985.35,52995.7,52943.95,52994.3,04-12-2024 10:25
52993.5,53024.15,52954.1,53010.65,04-12-2024 10:30
52993.5,53024.15,52954.1,53010.65,04-12-2024 10:30
53013.65,53035.75,53006.4,53019.8,04-12-2024 10:35
53020.3,53048.15,53009.9,53026.85,04-12-2024 10:40
53024.05,53050.6,53004.5,53033.15,04-12-2024 10:45
53036.85,53133.4,53033.85,53129.15,04-12-2024 10:50
53130,53182.15,53122.9,53128.95,04-12-2024 10:55
53127.65,53172.55,53095.7,53160.75,04-12-2024 11:00
53157.6,53176.1,53114,53142.3,04-12-2024 11:05
53157.6,53176.1,53114,53142.3,04-12-2024 11:05
53136.15,53164.9,53126.65,53134.6,04-12-2024 11:10
53134.8,53167.3,53101.9,53160.55,04-12-2024 11:15
53159.35,53181.35,53145.9,53159.65,04-12-2024 11:20
53160.95,53163.6,53114.75,53139.55,04-12-2024 11:25
53140.95,53157.15,53135.5,53142.75,04-12-2024 11:30
53145.15,53180.55,53140.4,53173.55,04-12-2024 11:35
53169.8,53190.55,53154.8,53159.6,04-12-2024 11:40
53169.8,53190.55,53154.8,53159.6,04-12-2024 11:40
53161.75,53187.25,53152.2,53178.95,04-12-2024 11:45
53178.4,53195.3,53147.55,53158.45,04-12-2024 11:50
53160.35,53160.95,52884.75,52952,04-12-2024 11:55
52961.3,52977.4,52890.3,52946.05,04-12-2024 12:00
52946.7,53046.3,52905.7,52982.45,04-12-2024 12:05
52982.6,53039.35,52956.2,53018.6,04-12-2024 12:10
53018.2,53028.85,52969.7,52984.15,04-12-2024 12:15
53018.2,53028.85,52969.7,52984.15,04-12-2024 12:15
52985.95,53058.85,52980.3,53035.2,04-12-2024 12:20
53034.2,53095.75,53013.35,53091.55,04-12-2024 12:25
53091.25,53109.35,53057.15,53101.75,04-12-2024 12:30
53103.1,53104.2,53057.05,53066.1,04-12-2024 12:35
53069.15,53084.45,53009.35,53023.5,04-12-2024 12:40
53022.25,53075,53015.85,53062.2,04-12-2024 12:45
53062.45,53088,53044.65,53065.1,04-12-2024 12:50
53062.45,53088,53044.65,53065.1,04-12-2024 12:50
53063.4,53114.8,53053.1,53099.95,04-12-2024 12:55
53103.25,53128.65,53093.9,53104.7,04-12-2024 13:00
53106.8,53114.45,53055.8,53071.5,04-12-2024 13:05
53071.35,53118.9,53067.8,53112.4,04-12-2024 13:10
53119.3,53156.9,53110.5,53146.5,04-12-2024 13:15
53152.1,53152.1,53113.8,53136,04-12-2024 13:20
53134.8,53165.9,53130.95,53152.85,04-12-2024 13:25
53134.8,53165.9,53130.95,53152.85,04-12-2024 13:25
53154.7,53243.9,53143.9,53238.95,04-12-2024 13:30
53239.6,53297.35,53225.45,53297.35,04-12-2024 13:35
53297.15,53304.4,53247.7,53275,04-12-2024 13:40
53266.65,53298.3,53257.1,53293.85,04-12-2024 13:45
53289.2,53310.05,53279.4,53282.85,04-12-2024 13:50
53281.7,53324.9,53275.95,53314.8,04-12-2024 13:55
53319.65,53351.45,53298.05,53341.65,04-12-2024 14:00
53319.65,53351.45,53298.05,53341.65,04-12-2024 14:00
53349.55,53373.35,53326.15,53356.35,04-12-2024 14:05
53362.5,53369.05,53337.25,53358.05,04-12-2024 14:10
53364.5,53387.1,53243.05,53249.7,04-12-2024 14:15
53253.9,53329.1,53223.45,53258.25,04-12-2024 14:20
53264.75,53288.65,53244,53276.35,04-12-2024 14:25
53279.1,53285.7,53220.1,53249.4,04-12-2024 14:30
53246.9,53268.9,53210.35,53247.25,04-12-2024 14:35
53246.9,53268.9,53210.35,53247.25,04-12-2024 14:35
53246,53305.3,53246,53296.25,04-12-2024 14:40
53297.4,53324.3,53272.65,53283.2,04-12-2024 14:45
53278.9,53288.4,53249.75,53259.45,04-12-2024 14:50
53259.55,53264.55,53204.3,53248.3,04-12-2024 14:55
53249.1,53277.35,53218.25,53274.35,04-12-2024 15:00
53274.6,53280.35,53218.35,53259.45,04-12-2024 15:05
53274.6,53280.35,53218.35,53259.45,04-12-2024 15:05
53258.85,53296.9,53249.95,53275.9,04-12-2024 15:10
53279.05,53294.6,53265.25,53275.65,04-12-2024 15:15
53278.45,53284.9,53252.3,53276.5,04-12-2024 15:20
53275.3,53275.7,53223.65,53235.9,04-12-2024 15:25
53354.45,53375.3,53190.3,53195.25,05-12-2024 09:15
53193.15,53316.95,53177.2,53285.95,05-12-2024 09:20
53285.65,53312,53233.35,53275.15,05-12-2024 09:25
53285.65,53312,53233.35,53275.15,05-12-2024 09:25
53272,53290.45,53233.3,53241.85,05-12-2024 09:30
53240.2,53305.4,53168.5,53209.95,05-12-2024 09:35
53207.2,53246.6,53181.35,53191.7,05-12-2024 09:40
53190.8,53224.45,53108.65,53134.85,05-12-2024 09:45
53135.85,53171.65,53066.85,53085.25,05-12-2024 09:50
53077.85,53113.4,53052.85,53084.6,05-12-2024 09:55
53084.8,53129.05,53046.65,53051.4,05-12-2024 10:00
53084.8,53129.05,53046.65,53051.4,05-12-2024 10:00
53053.25,53089.25,53019.1,53033.8,05-12-2024 10:05
53034.4,53069.6,53006.95,53032.6,05-12-2024 10:10
53038.3,53078.8,52984.25,53025.2,05-12-2024 10:15
53027.55,53159.95,53027.4,53153.7,05-12-2024 10:20
53154.6,53154.6,53045.35,53070.35,05-12-2024 10:25
53070.1,53113.1,53048.2,53063.7,05-12-2024 10:30
53063.65,53078.7,53016,53041.8,05-12-2024 10:35
53063.65,53078.7,53016,53041.8,05-12-2024 10:35
53039.95,53063.1,53021.95,53056.5,05-12-2024 10:40
53057.15,53058.75,52977.7,53025,05-12-2024 10:45
53027.3,53107.2,53023.6,53037.95,05-12-2024 10:50
53038.5,53063.35,52850.35,52910.1,05-12-2024 10:55
52908.2,52978.65,52872.65,52976.3,05-12-2024 11:00
52972.1,52986,52947.35,52959.75,05-12-2024 11:05
52962.95,52978,52936.3,52953.2,05-12-2024 11:10
52962.95,52978,52936.3,52953.2,05-12-2024 11:10
52950.35,52954.95,52910.25,52914.9,05-12-2024 11:15
52915.8,52944.7,52909.2,52941.4,05-12-2024 11:20
52942.1,52975.45,52933.25,52942.95,05-12-2024 11:25
52952.9,52972.2,52924.5,52954.75,05-12-2024 11:30
52954.85,52998.35,52942.7,52995.3,05-12-2024 11:35
52996.1,53039,52972.3,53033.4,05-12-2024 11:40
53037,53045.1,53005.75,53023.2,05-12-2024 11:45
53037,53045.1,53005.75,53023.2,05-12-2024 11:45
53021.15,53065.75,52998.85,53028.05,05-12-2024 11:50
53031.75,53075.95,53024.65,53075.95,05-12-2024 11:55
53075.8,53160.95,53075.5,53152.6,05-12-2024 12:00
53154.3,53412.1,53144.1,53358.9,05-12-2024 12:05
53362.35,53507.1,53361.95,53484.5,05-12-2024 12:10
53475.8,53647.8,53472.65,53602.8,05-12-2024 12:15
53593.4,53625.65,53518.5,53560,05-12-2024 12:20
53593.4,53625.65,53518.5,53560,05-12-2024 12:20
53565.85,53596.6,53519.05,53552.85,05-12-2024 12:25
53545.6,53599.85,53538.95,53576.15,05-12-2024 12:30
53571.6,53589,53500.55,53504.55,05-12-2024 12:35
53503.75,53546.75,53493.65,53521.05,05-12-2024 12:40
53523.25,53544.15,53474.4,53492.35,05-12-2024 12:45
53495.2,53518.05,53452.65,53507.55,05-12-2024 12:50
53505.5,53541,53477.6,53535.55,05-12-2024 12:55
53505.5,53541,53477.6,53535.55,05-12-2024 12:55
53535.05,53547.15,53506.5,53538.7,05-12-2024 13:00
53538.2,53569.1,53527.4,53550.75,05-12-2024 13:05
53550.75,53621.1,53528.8,53609.95,05-12-2024 13:10
53614.8,53642.35,53566.75,53575.85,05-12-2024 13:15
53575.55,53577,53527.35,53537.95,05-12-2024 13:20
53536.25,53547.9,53461.35,53487.2,05-12-2024 13:25
53485.1,53573.05,53470.55,53561.45,05-12-2024 13:30
53485.1,53573.05,53470.55,53561.45,05-12-2024 13:30
53559.75,53611.4,53516.95,53601.25,05-12-2024 13:35
53601.25,53620.2,53557.55,53598.9,05-12-2024 13:40
53599.75,53615.95,53562.85,53594.85,05-12-2024 13:45
53597.8,53603.8,53564.1,53580.4,05-12-2024 13:50
53580.6,53640.9,53578,53608.55,05-12-2024 13:55
53606.5,53610.15,53556.55,53565.6,05-12-2024 14:00
53562.15,53593.1,53558.45,53570.5,05-12-2024 14:05
53562.15,53593.1,53558.45,53570.5,05-12-2024 14:05
53572.25,53733.85,53562.75,53704.25,05-12-2024 14:10
53708.6,53747.8,53691.3,53739.3,05-12-2024 14:15
53741.3,53752.15,53698.8,53713.45,05-12-2024 14:20
53718.25,53824.9,53694.5,53807.5,05-12-2024 14:25
53815.9,53883.45,53789.65,53869.6,05-12-2024 14:30
53872.8,53888.3,53795.85,53799.35,05-12-2024 14:35
53793.35,53815.2,53733.35,53784.45,05-12-2024 14:40
53793.35,53815.2,53733.35,53784.45,05-12-2024 14:40
53779.6,53835.45,53728.35,53755.1,05-12-2024 14:45
53758.05,53776.6,53469.75,53480.55,05-12-2024 14:50
53469.35,53514.15,53271.7,53318.9,05-12-2024 14:55
53318.55,53564.15,53285.3,53564.15,05-12-2024 15:00
53556.05,53654.5,53533.95,53634,05-12-2024 15:05
53638.15,53669.2,53625.6,53659.6,05-12-2024 15:10
53661.45,53671.6,53618.05,53634.25,05-12-2024 15:15
53661.45,53671.6,53618.05,53634.25,05-12-2024 15:15
53634.1,53655.2,53616.95,53648,05-12-2024 15:20
53648.95,53653.95,53581.05,53606.75,05-12-2024 15:25
53634.2,53691.65,53536.2,53543.9,06-12-2024 09:15
53544.05,53618.7,53522.45,53568.5,06-12-2024 09:20
53566.25,53641.75,53537.75,53570.45,06-12-2024 09:25
53572.9,53598.25,53509.5,53517.3,06-12-2024 09:30
53518,53572.2,53507.8,53553.5,06-12-2024 09:35
53518,53572.2,53507.8,53553.5,06-12-2024 09:35
53557.65,53593.35,53535.8,53588.75,06-12-2024 09:40
53591.75,53645.05,53552.85,53628.15,06-12-2024 09:45
53628,53634.35,53586.55,53616.7,06-12-2024 09:50
53616.35,53617.85,53518.55,53528.75,06-12-2024 09:55
53527.55,53660.4,53503.95,53627.85,06-12-2024 10:00
53624.5,53632.75,53160.65,53272.1,06-12-2024 10:05
53272.9,53412.9,53271.95,53318.1,06-12-2024 10:10
53272.9,53412.9,53271.95,53318.1,06-12-2024 10:10
53313.55,53319.75,53180.55,53189.05,06-12-2024 10:15
53187.05,53806.55,53178.25,53682.65,06-12-2024 10:20
53685.45,53868.5,53679.9,53817.7,06-12-2024 10:25
53819.95,53846.3,53607.35,53731.7,06-12-2024 10:30
53724.55,53728.4,53566.9,53599.45,06-12-2024 10:35
53602.1,53828.4,53595.05,53813.3,06-12-2024 10:40
53820.25,53821.95,53753.55,53763.35,06-12-2024 10:45
53820.25,53821.95,53753.55,53763.35,06-12-2024 10:45
53765.15,53780.55,53697.55,53736.75,06-12-2024 10:50
53741.8,53788.8,53741.8,53764.1,06-12-2024 10:55
53769.25,53809.7,53769.25,53794.05,06-12-2024 11:00
53798.75,53853.95,53762.3,53840.75,06-12-2024 11:05
53839.25,53857.95,53683.6,53697.8,06-12-2024 11:10
53702.45,53703.65,53631.55,53658.5,06-12-2024 11:15
53658.6,53668.2,53616.05,53617.6,06-12-2024 11:20
53658.6,53668.2,53616.05,53617.6,06-12-2024 11:20
53616.6,53651.85,53561.05,53577.65,06-12-2024 11:25
53577.4,53610.05,53560.3,53601.3,06-12-2024 11:30
53599.45,53645.05,53589.4,53637.05,06-12-2024 11:35
53634.65,53653.15,53615.45,53637.75,06-12-2024 11:40
53642.35,53642.35,53549.25,53559.35,06-12-2024 11:45
53560.5,53587.4,53544.9,53581.65,06-12-2024 11:50
53579.95,53709.7,53579.95,53682.25,06-12-2024 11:55
53579.95,53709.7,53579.95,53682.25,06-12-2024 11:55
53683.9,53699.2,53654,53654.85,06-12-2024 12:00
53659.55,53663,53585.25,53585.25,06-12-2024 12:05
53588.9,53644.05,53578.05,53631.3,06-12-2024 12:10
53631.9,53637.65,53595.05,53595.05,06-12-2024 12:15
53595.4,53629.3,53586.05,53618.5,06-12-2024 12:20
53621.5,53660.75,53606.55,53614.6,06-12-2024 12:25
53614.5,53616.65,53579.6,53591.05,06-12-2024 12:30
53614.5,53616.65,53579.6,53591.05,06-12-2024 12:30
53589.15,53602,53549.95,53598.1,06-12-2024 12:35
53597,53647.95,53597,53638.45,06-12-2024 12:40
53637.35,53645.6,53616.4,53645.6,06-12-2024 12:45
53645.2,53664.95,53629.75,53637.15,06-12-2024 12:50
53637.15,53646.35,53623.1,53636,06-12-2024 12:55
53632.15,53634.8,53580.3,53604.35,06-12-2024 13:00
53602,53623.6,53589.1,53610.45,06-12-2024 13:05
53602,53623.6,53589.1,53610.45,06-12-2024 13:05
53611.35,53639.5,53606.95,53615.55,06-12-2024 13:10
53614.45,53637.55,53584.6,53592.55,06-12-2024 13:15
53590.2,53606.95,53554.65,53569.7,06-12-2024 13:20
53573.1,53593.7,53558.9,53568.15,06-12-2024 13:25
53567.2,53630.3,53562.6,53610.6,06-12-2024 13:30
53607.85,53623.6,53544.8,53559.6,06-12-2024 13:35
53559.65,53605.75,53549.45,53581.7,06-12-2024 13:40
53559.65,53605.75,53549.45,53581.7,06-12-2024 13:40
53589,53630.5,53582.4,53621.1,06-12-2024 13:45
53619.9,53631.2,53565.45,53570.05,06-12-2024 13:50
53567.7,53604.35,53567.7,53598.8,06-12-2024 13:55
53599.2,53605,53573.2,53592.45,06-12-2024 14:00
53592.1,53605.2,53574.4,53600.25,06-12-2024 14:05
53598.6,53602.75,53564.15,53578.6,06-12-2024 14:10
53575.4,53596.45,53572.5,53583.7,06-12-2024 14:15
53575.4,53596.45,53572.5,53583.7,06-12-2024 14:15
53583.25,53597.85,53573.85,53577.85,06-12-2024 14:20
53574.9,53583.95,53532.9,53540.15,06-12-2024 14:25
53532.15,53562.5,53499.35,53508.35,06-12-2024 14:30
53508.9,53537.8,53492.9,53530.8,06-12-2024 14:35
53525.85,53549.5,53504.3,53532.95,06-12-2024 14:40
53535.2,53546.75,53511.5,53524.6,06-12-2024 14:45
53518.3,53597.5,53518.3,53590.35,06-12-2024 14:50
53518.3,53597.5,53518.3,53590.35,06-12-2024 14:50
53592.5,53598.45,53543.1,53552.25,06-12-2024 14:55
53549.35,53553.45,53494.45,53516.45,06-12-2024 15:00
53515.25,53543.7,53501.55,53518.25,06-12-2024 15:05
53520.25,53551.05,53505.05,53532.25,06-12-2024 15:10
53533.5,53572.05,53487.4,53504.1,06-12-2024 15:15
53506.95,53514.05,53472.3,53488.9,06-12-2024 15:20
53490.15,53496.9,53473.4,53493.2,06-12-2024 15:25
53490.15,53496.9,53473.4,53493.2,06-12-2024 15:25
53380.75,53616.6,53326.4,53609.5,09-12-2024 09:15
53604.75,53645.7,53538.55,53645.7,09-12-2024 09:20
53646.55,53670.45,53543.35,53553.7,09-12-2024 09:25
53555.55,53623.55,53522.9,53536.45,09-12-2024 09:30
53534.95,53563.75,53489.15,53516,09-12-2024 09:35
53514.15,53541.75,53462.65,53476.15,09-12-2024 09:40
53473.95,53567.35,53463.25,53532.4,09-12-2024 09:45
53473.95,53567.35,53463.25,53532.4,09-12-2024 09:45
53533,53536.6,53430.3,53434.45,09-12-2024 09:50
53433.8,53486,53424.95,53481.75,09-12-2024 09:55
53478.55,53481.4,53394.2,53401.05,09-12-2024 10:00
53404.4,53423.55,53387.1,53400.45,09-12-2024 10:05
53399.5,53437.25,53390.15,53408.7,09-12-2024 10:10
53412.15,53488.4,53406.9,53462.35,09-12-2024 10:15
53461.65,53496.75,53434.55,53488.45,09-12-2024 10:20
53461.65,53496.75,53434.55,53488.45,09-12-2024 10:20
53487.9,53540.7,53481,53531.25,09-12-2024 10:25
53528.65,53551.75,53493.15,53493.15,09-12-2024 10:30
53494.15,53499.4,53476.55,53491.5,09-12-2024 10:35
53492.4,53540.15,53492.4,53523.6,09-12-2024 10:40
53524.4,53598.7,53504.8,53569.9,09-12-2024 10:45
53569.9,53576.8,53528.25,53534.65,09-12-2024 10:50
53535.05,53541.55,53495.85,53502.6,09-12-2024 10:55
53535.05,53541.55,53495.85,53502.6,09-12-2024 10:55
53502.9,53526.05,53498.2,53520.6,09-12-2024 11:00
53520.85,53539.3,53508.7,53526.25,09-12-2024 11:05
53528.3,53594.1,53520.6,53589.75,09-12-2024 11:10
53587.2,53655,53573.65,53655,09-12-2024 11:15
53654.55,53724.5,53654.45,53721,09-12-2024 11:20
53722.95,53775.1,53705.95,53733.7,09-12-2024 11:25
53733.65,53749.85,53694.35,53701.35,09-12-2024 11:30
53733.65,53749.85,53694.35,53701.35,09-12-2024 11:30
53700.5,53703.25,53677.5,53702.65,09-12-2024 11:35
53704.65,53730.45,53682.8,53730.25,09-12-2024 11:40
53730.2,53740.9,53694.6,53714.15,09-12-2024 11:45
53715.85,53725.4,53664.35,53675.4,09-12-2024 11:50
53675.95,53690.75,53655.85,53671.85,09-12-2024 11:55
53670.95,53673.2,53633.75,53636.1,09-12-2024 12:00
53634.35,53663.05,53632.4,53637.85,09-12-2024 12:05
53634.35,53663.05,53632.4,53637.85,09-12-2024 12:05
53639.2,53662.55,53614.1,53632.4,09-12-2024 12:10
53630.8,53667.5,53629.45,53635.95,09-12-2024 12:15
53636.4,53661.55,53630.4,53641.55,09-12-2024 12:20
53639.75,53662.85,53615.85,53648.75,09-12-2024 12:25
53648.35,53649.65,53575.35,53582.45,09-12-2024 12:30
53582.65,53589.95,53555.1,53565.3,09-12-2024 12:35
53565.1,53592.25,53554.8,53589,09-12-2024 12:40
53565.1,53592.25,53554.8,53589,09-12-2024 12:40
53587.15,53602.45,53562.25,53598.1,09-12-2024 12:45
53598.3,53629.2,53594.05,53602.85,09-12-2024 12:50
53604.45,53635.9,53590.1,53625.95,09-12-2024 12:55
53624.5,53641.8,53578,53594.85,09-12-2024 13:00
53586.45,53623.9,53580.75,53622.3,09-12-2024 13:05
53621.65,53626.55,53593.8,53616.15,09-12-2024 13:10
53615.25,53650.7,53596.55,53624.6,09-12-2024 13:15
53615.25,53650.7,53596.55,53624.6,09-12-2024 13:15
53624.7,53628.5,53601.8,53610.35,09-12-2024 13:20
53610.55,53620.05,53578.2,53591.35,09-12-2024 13:25
53589.75,53613.3,53582.2,53599.55,09-12-2024 13:30
53598.05,53599.15,53559.15,53572.35,09-12-2024 13:35
53572.8,53595.5,53557.6,53589.75,09-12-2024 13:40
53589.55,53593.05,53552.25,53552.25,09-12-2024 13:45
53553.7,53559.6,53529.15,53552.55,09-12-2024 13:50
53553.7,53559.6,53529.15,53552.55,09-12-2024 13:50
53552,53554.1,53527.4,53536.5,09-12-2024 13:55
53537.1,53542.9,53503.95,53506.2,09-12-2024 14:00
53505.55,53523.3,53470.15,53521.3,09-12-2024 14:05
53520.75,53541.55,53495.25,53500.4,09-12-2024 14:10
53499.85,53536.25,53491.1,53521.35,09-12-2024 14:15
53521.7,53523,53478.9,53480.15,09-12-2024 14:20
53480.3,53497.5,53445.45,53460.9,09-12-2024 14:25
53480.3,53497.5,53445.45,53460.9,09-12-2024 14:25
53460.9,53496.3,53441.15,53485.35,09-12-2024 14:30
53485.35,53502.75,53459.45,53481.9,09-12-2024 14:35
53481.85,53485,53444.95,53448.85,09-12-2024 14:40
53448.45,53494.25,53447.05,53484.4,09-12-2024 14:45
53481.75,53498.75,53447,53468.25,09-12-2024 14:50
53467.8,53478.6,53455.6,53467.1,09-12-2024 14:55
53465.95,53470.3,53388.25,53401.95,09-12-2024 15:00
53465.95,53470.3,53388.25,53401.95,09-12-2024 15:00
53402.45,53413.4,53387.8,53407.65,09-12-2024 15:05
53413.15,53423.85,53363.65,53369.55,09-12-2024 15:10
53371.4,53407.8,53370.65,53400.4,09-12-2024 15:15
53400.3,53446.85,53395.05,53431.5,09-12-2024 15:20
53433.15,53444.45,53404,53420.55,09-12-2024 15:25
